fiksu;;adjektiivi;1
halju;;adjektiivi;1
hieno;;adjektiivi;1
huono;;adjektiivi;1
häijy;;adjektiivi;1
härö;2;adjektiivi;1
ihku;;adjektiivi;1
iso;1;adjektiivi;1
jalo;;adjektiivi;1
juhlavalaistu;;adjektiivi;1
juro;;adjektiivi;1
jörö;;adjektiivi;1
kaino;;adjektiivi;1
karu;;adjektiivi;1
kelju;;adjektiivi;1
kesy;;adjektiivi;1
kiero;;adjektiivi;1
kolho;;adjektiivi;1
kouho;;adjektiivi;1
kuulu;;adjektiivi;1
kyyry;;adjektiivi;1
kyömy;;adjektiivi;1
kätsy;;adjektiivi;1
köyry;;adjektiivi;1
lepsu;;adjektiivi;1
leso;;adjektiivi;1
luihu;;adjektiivi;1
lälly;;adjektiivi;1
maho;;adjektiivi;1
makeahko;;adjektiivi;1
naku;;adjektiivi;1
nirso;;adjektiivi;1
nolo;;adjektiivi;1
nukkavieru;;adjektiivi;1
nulju;;adjektiivi;1
nupo;;adjektiivi;1
perso;;adjektiivi;1
pliisu;;adjektiivi;1
polo;;adjektiivi;1
puolikuuro;;adjektiivi;1
raisu;;adjektiivi;1
raju;;adjektiivi;1
reilu;;adjektiivi;1
rujo;;adjektiivi;1
siro;;adjektiivi;1
söpö;;adjektiivi;1
tuju;;adjektiivi;1
tyly;;adjektiivi;1
ujo;;adjektiivi;1
umpikuuro;;adjektiivi;1
vaisu;;adjektiivi;1
valju;;adjektiivi;1
vauhko;;adjektiivi;1
viehko;;adjektiivi;1
vieno;;adjektiivi;1
viisto;;adjektiivi;1
vino;;adjektiivi;1
visu;;adjektiivi;1
äklö;;adjektiivi;1
äksy;;adjektiivi;1
ällö;;adjektiivi;1
ärtsy;;adjektiivi;1
öklö;;adjektiivi;1
paljo;;adjektiivi, adverbi, substantiivi;1
bimbo;;adjektiivi, substantiivi;1
hassu;;adjektiivi, substantiivi;1
hoopo;;adjektiivi, substantiivi;1
hullu;;adjektiivi, substantiivi;1
hupsu;;adjektiivi, substantiivi;1
hölmö;;adjektiivi, substantiivi;1
höpsö;;adjektiivi, substantiivi;1
kahjo;;adjektiivi, substantiivi;1
kahju;;adjektiivi, substantiivi;1
kalju;;adjektiivi, substantiivi;1
kehno;;adjektiivi, substantiivi;1
ketku;;adjektiivi, substantiivi;1
kollo;;adjektiivi, substantiivi;1
kuuro;1;adjektiivi, substantiivi;1
laho;;adjektiivi, substantiivi;1
lesty;;adjektiivi, substantiivi;1
luisu;;adjektiivi, substantiivi;1
lusmu;;adjektiivi, substantiivi;1
löllö;;adjektiivi, substantiivi;1
lötkö;;adjektiivi, substantiivi;1
macho;;adjektiivi, substantiivi;1
nipo;;adjektiivi, substantiivi;1
niuho;;adjektiivi, substantiivi;1
nynny;;adjektiivi, substantiivi;1
nyyhky;;adjektiivi, substantiivi;1
nössö;;adjektiivi, substantiivi;1
paksu;;adjektiivi, substantiivi;1
pysty;;adjektiivi, substantiivi;1
pöhkö;;adjektiivi, substantiivi;1
pölhö;;adjektiivi, substantiivi;1
retro;;adjektiivi, substantiivi;1
rivo;;adjektiivi, substantiivi;1
siivo;;adjektiivi, substantiivi;1
skitso;;adjektiivi, substantiivi;1
töpö;;adjektiivi, substantiivi;1
urpo;;adjektiivi, substantiivi;1
uuno;;adjektiivi, substantiivi;1
velmu;;adjektiivi, substantiivi;1
yrmy;;adjektiivi, substantiivi;1
öky;;adjektiivi, substantiivi;1
aamu;;substantiivi;1
aasinpotku;;substantiivi;1
aatelisto;;substantiivi;1
abo;;substantiivi;1
afro;;substantiivi;1
agility;;substantiivi;1
ahjo;;substantiivi;1
aho;;substantiivi;1
aino;;substantiivi;1
ainu;;substantiivi;1
airo;;substantiivi;1
aivo;;substantiivi;1
aivot;;substantiivi;1
ajatuskatko;;substantiivi;1
ajo;;substantiivi;1
ajoporo;;substantiivi;1
akselisto;;substantiivi;1
alakulo;;substantiivi;1
albedo;;substantiivi;1
alho;;substantiivi;1
alkupotku;;substantiivi;1
almu;;substantiivi;1
ammu;;substantiivi;1
antipasto;;substantiivi;1
apartamento;;substantiivi;1
apro;;substantiivi;1
arho;;substantiivi;1
armo;;substantiivi;1
aro;;substantiivi;1
arvo;;substantiivi;1
astiasto;;substantiivi;1
asu;;substantiivi;1
asujaimisto;;substantiivi;1
auringonkilo;;substantiivi;1
auto;;substantiivi;1
autogiro;;substantiivi;1
auvo;;substantiivi;1
avokado;;substantiivi;1
avu;;substantiivi;1
avustajisto;;substantiivi;1
baby;;substantiivi;1
bailut;;substantiivi;1
balsamico;;substantiivi;1
bambu;;substantiivi;1
banaanipotku;;substantiivi;1
banjo;;substantiivi;1
bantu;;substantiivi;1
basso;;substantiivi;1
bentso;;substantiivi;1
bingo;;substantiivi;1
bistro;;substantiivi;1
body;;substantiivi;1
bongo;;substantiivi;1
brandy;;substantiivi;1
broisku;;substantiivi;1
budo;;substantiivi;1
burrito;;substantiivi;1
buto;;substantiivi;1
cappuccino;;substantiivi;1
chinot;;substantiivi;1
chorizo;;substantiivi;1
churro;;substantiivi;1
city;;substantiivi;1
copy;;substantiivi;1
country;;substantiivi;1
curry;;substantiivi;1
dandy;;substantiivi;1
deeku;;substantiivi;1
degu;;substantiivi;1
demo;;substantiivi;1
derby;;substantiivi;1
dildo;;substantiivi;1
dino;;substantiivi;1
disko;;substantiivi;1
doku;1;substantiivi;1
doku;2;substantiivi;1
drinksu;;substantiivi;1
duo;;substantiivi;1
dödö;;substantiivi;1
ecu;;substantiivi;1
edustajisto;;substantiivi;1
edustusto;;substantiivi;1
ego;;substantiivi;1
eldorado;;substantiivi;1
elimistö;;substantiivi;1
eliöstö;;substantiivi;1
elo;;substantiivi;1
elostelu;;substantiivi;1
eläimistö;;substantiivi;1
embargo;;substantiivi;1
emo;;substantiivi;1
emu;;substantiivi;1
Emu;;substantiivi;1
enemmistö;;substantiivi;1
eno;1;substantiivi;1
eno;2;substantiivi;1
epo;;substantiivi;1
epäkesko;;substantiivi;1
ero;;substantiivi;1
esineistö;;substantiivi;1
esperanto;;substantiivi;1
essu;;substantiivi;1
esto;;substantiivi;1
etkot;;substantiivi;1
euro;;substantiivi;1
fado;;substantiivi;1
fisu;;substantiivi;1
flamenco;;substantiivi;1
flamingo;;substantiivi;1
formu;;substantiivi;1
foto;;substantiivi;1
fransu;;substantiivi;1
fresko;;substantiivi;1
fritsu;;substantiivi;1
fudut;;substantiivi;1
fusku;;substantiivi;1
gabro;;substantiivi;1
gaucho;;substantiivi;1
gesso;;substantiivi;1
gradu;;substantiivi;1
guano;;substantiivi;1
gumbo;;substantiivi;1
guru;;substantiivi;1
haamu;;substantiivi;1
haasto;;substantiivi;1
hahlo;;substantiivi;1
hahmo;;substantiivi;1
haiku;2;substantiivi;1
haisu;;substantiivi;1
haju;;substantiivi;1
hakemisto;;substantiivi;1
halo;;substantiivi;1
halu;;substantiivi;1
hampaisto;;substantiivi;1
handu;;substantiivi;1
hapro;;substantiivi;1
hapsu;;substantiivi;1
harju;;substantiivi;1
harso;;substantiivi;1
harsu;;substantiivi;1
havu;;substantiivi;1
heavy;;substantiivi;1
hedelmistö;;substantiivi;1
heebo;;substantiivi;1
hehku;;substantiivi;1
heimo;;substantiivi;1
helo;;substantiivi;1
hely;;substantiivi;1
hemmo;;substantiivi;1
henkilöstö;;substantiivi;1
henry;;substantiivi;1
hepo;2;substantiivi;1
hermo;;substantiivi;1
hetu;;substantiivi;1
hieho;;substantiivi;1
hiesu;;substantiivi;1
hillo;;substantiivi;1
hilut;;substantiivi;1
himo;;substantiivi;1
hindu;;substantiivi;1
hirmu;;substantiivi;1
hobby;;substantiivi;1
hoitsu;;substantiivi;1
homo;;substantiivi;1
homssu;;substantiivi;1
horo;;substantiivi;1
housut;;substantiivi;1
huhu;;substantiivi;1
huilu;;substantiivi;1
huisku;;substantiivi;1
humalisto;;substantiivi;1
humu;;substantiivi;1
hutsu;;substantiivi;1
hutu;;substantiivi;1
huuru;;substantiivi;1
hylly;;substantiivi;1
hyllystö;;substantiivi;1
hylsy;1;substantiivi;1
hylsy;2;substantiivi;1
hymy;;substantiivi;1
hyrsky;;substantiivi;1
häjy;;substantiivi;1
häly;;substantiivi;1
hämy;;substantiivi;1
härö;1;substantiivi;1
hätähousu;;substantiivi;1
hölö;;substantiivi;1
hömpsy;;substantiivi;1
höntsy;;substantiivi;1
höpönassu;;substantiivi;1
hörhö;;substantiivi;1
hörtsö;;substantiivi;1
höyhenistö;;substantiivi;1
höyry;;substantiivi;1
höystö;;substantiivi;1
iglu;;substantiivi;1
iho;;substantiivi;1
ilo;;substantiivi;1
impro;;substantiivi;1
impromptu;;substantiivi;1
imu;;substantiivi;1
info;;substantiivi;1
inho;;substantiivi;1
intermezzo;;substantiivi;1
intro;;substantiivi;1
irtaimisto;;substantiivi;1
isku;;substantiivi;1
iso;2;substantiivi;1
istuskelu;;substantiivi;1
isännistö;;substantiivi;1
italiaano;;substantiivi;1
itku;;substantiivi;1
jakso;;substantiivi;1
jalapeno;;substantiivi;1
jalopeno;;substantiivi;1
jannu;;substantiivi;1
jano;;substantiivi;1
jarru;;substantiivi;1
jatko;;substantiivi;1
jauho;;substantiivi;1
jehu;;substantiivi;1
jermu;;substantiivi;1
jiujitsu;;substantiivi;1
johtajisto;;substantiivi;1
joisto;;substantiivi;1
jojo;;substantiivi;1
jono;;substantiivi;1
joro;;substantiivi;1
jortsut;;substantiivi;1
joulu;;substantiivi;1
jousto;;substantiivi;1
judo;;substantiivi;1
juju;;substantiivi;1
jujutsu;;substantiivi;1
jumbo;;substantiivi;1
junnu;;substantiivi;1
juoksu;;substantiivi;1
juomu;;substantiivi;1
juoru;;substantiivi;1
jury;;substantiivi;1
jutku;;substantiivi;1
jutsku;;substantiivi;1
juusto;;substantiivi;1
jyly;;substantiivi;1
jymy;;substantiivi;1
jyystö;;substantiivi;1
jäkälistö;;substantiivi;1
jänishousu;;substantiivi;1
jänö;;substantiivi;1
jäsenistö;;substantiivi;1
jäähy;;substantiivi;1
kaaso;;substantiivi;1
kaasu;;substantiivi;1
kahvinporo;;substantiivi;1
kaiho;;substantiivi;1
kaivo;;substantiivi;1
kaivu;;substantiivi;1
kajo;;substantiivi;1
kakru;;substantiivi;1
kalhu;;substantiivi;1
kallo;;substantiivi;1
kalmo;;substantiivi;1
kalu;;substantiivi;1
kalusto;;substantiivi;1
kalvo;;substantiivi;1
kammo;;substantiivi;1
kampsut;;substantiivi;1
kamu;;substantiivi;1
kanavisto;;substantiivi;1
kanervisto;;substantiivi;1
kannu;;substantiivi;1
karatepotku;;substantiivi;1
karho;;substantiivi;1
karhu;;substantiivi;1
karibu;;substantiivi;1
karju;;substantiivi;1
karkaisimo;;substantiivi;1
kasko;;substantiivi;1
kasku;;substantiivi;1
kasvo;;substantiivi;1
kasvot;;substantiivi;1
kasvu;;substantiivi;1
katko;1;substantiivi;1
katko;2;substantiivi;1
katku;;substantiivi;1
kauhu;;substantiivi;1
kauno;;substantiivi;1
kautsu;;substantiivi;1
keho;;substantiivi;1
kehu;;substantiivi;1
keiju;;substantiivi;1
keino;;substantiivi;1
keinu;;substantiivi;1
keiso;;substantiivi;1
kello;;substantiivi;1
kelmu;;substantiivi;1
kelo;;substantiivi;1
kemut;;substantiivi;1
kendo;;substantiivi;1
kenno;;substantiivi;1
kenraalisto;;substantiivi;1
kerho;;substantiivi;1
kero;;substantiivi;1
kessu;1;substantiivi;1
kessu;2;substantiivi;1
kesto;;substantiivi;1
ketju;;substantiivi;1
keuhko;;substantiivi;1
kielo;;substantiivi;1
kiho;;substantiivi;1
kihu;;substantiivi;1
kiihko;;substantiivi;1
kiilu;;substantiivi;1
kiisu;;substantiivi;1
kilju;;substantiivi;1
kilo;1;substantiivi;1
kilo;2;substantiivi;1
kilu;;substantiivi;1
kimo;;substantiivi;1
kimpsut;;substantiivi;1
kino;;substantiivi;1
kirjaimisto;;substantiivi;1
kirjo;;substantiivi;1
kirnu;;substantiivi;1
kiro;;substantiivi;1
kirstu;;substantiivi;1
kirsu;;substantiivi;1
kisko;;substantiivi;1
kisu;;substantiivi;1
kitku;;substantiivi;1
kiulu;;substantiivi;1
kiuru;;substantiivi;1
koho;;substantiivi;1
kohu;;substantiivi;1
koiso;;substantiivi;1
koivu;;substantiivi;1
kojeisto;;substantiivi;1
koju;;substantiivi;1
koksittamo;;substantiivi;1
kolhu;;substantiivi;1
kolo;;substantiivi;1
kombo;;substantiivi;1
koosto;;substantiivi;1
kopsu;1;substantiivi;1
kopsu;2;substantiivi;1
korohoro;;substantiivi;1
korsto;;substantiivi;1
korsu;;substantiivi;1
kortsu;;substantiivi;1
koru;;substantiivi;1
korvo;;substantiivi;1
koskettimisto;;substantiivi;1
kosto;;substantiivi;1
koto;2;substantiivi;1
koulu;;substantiivi;1
kouru;;substantiivi;1
kromosomisto;;substantiivi;1
kruunu;;substantiivi;1
krypto;;substantiivi;1
kuhmu;;substantiivi;1
kuidusto;;substantiivi;1
kuilu;;substantiivi;1
kulho;;substantiivi;1
kulju;;substantiivi;1
kulmapotku;;substantiivi;1
kulo;;substantiivi;1
kulu;;substantiivi;1
kumu;1;substantiivi;1
kumu;2;substantiivi;1
kuohu;;substantiivi;1
kuolo;;substantiivi;1
kuomu;;substantiivi;1
kuono;;substantiivi;1
kuormasto;;substantiivi;1
kuoro;;substantiivi;1
kupro;;substantiivi;1
kupru;;substantiivi;1
kurho;;substantiivi;1
kurjalisto;;substantiivi;1
kurko;;substantiivi;1
kuru;;substantiivi;1
kutsu;;substantiivi;1
kuulo;;substantiivi;1
kuuro;2;substantiivi;1
kyhmy;;substantiivi;1
kyhäily;;substantiivi;1
kylvö;;substantiivi;1
kyly;;substantiivi;1
kytky;;substantiivi;1
kyyhky;;substantiivi;1
käly;;substantiivi;1
känny;;substantiivi;1
kärhö;;substantiivi;1
kärkipotku;;substantiivi;1
kärry;;substantiivi;1
käry;;substantiivi;1
käsitteistö;;substantiivi;1
käsky;;substantiivi;1
kätkö;;substantiivi;1
käyrästö;;substantiivi;1
käyttäjistö;;substantiivi;1
käyttökatko;;substantiivi;1
käärö;;substantiivi;1
köyhälistö;;substantiivi;1
laakso;;substantiivi;1
laatikosto;;substantiivi;1
laavu;;substantiivi;1
lady;;substantiivi;1
lahko;;substantiivi;1
laiho;;substantiivi;1
laisto;;substantiivi;1
laitteisto;;substantiivi;1
lajisto;;substantiivi;1
laku;;substantiivi;1
lasisto;;substantiivi;1
laskettelumono;;substantiivi;1
lasko;;substantiivi;1
lasku;;substantiivi;1
lasso;;substantiivi;1
lastu;;substantiivi;1
laulajisto;;substantiivi;1
laulu;;substantiivi;1
lehdistö;;substantiivi;1
leimu;;substantiivi;1
leivo;;substantiivi;1
lelu;;substantiivi;1
lemu;;substantiivi;1
lentsu;;substantiivi;1
lepistö;;substantiivi;1
lesbo;;substantiivi;1
letku;;substantiivi;1
levy;;substantiivi;1
libido;;substantiivi;1
lieju;;substantiivi;1
liero;;substantiivi;1
liesu;1;substantiivi;1
liesu;2;substantiivi;1
lietso;;substantiivi;1
lietsu;;substantiivi;1
lihaksisto;;substantiivi;1
liikakilo;;substantiivi;1
limu;;substantiivi;1
lino;;substantiivi;1
linssistö;;substantiivi;1
liro;;substantiivi;1
liru;;substantiivi;1
lirunlaru;;substantiivi;1
lisko;1;substantiivi;1
lisko;2;substantiivi;1
litku;;substantiivi;1
lito;;substantiivi;1
lobby;;substantiivi;1
lodju;;substantiivi;1
logo;;substantiivi;1
lohko;;substantiivi;1
loimu;;substantiivi;1
loitsu;;substantiivi;1
lokerosto;;substantiivi;1
lommo;;substantiivi;1
loru;;substantiivi;1
luiru;;substantiivi;1
luisto;;substantiivi;1
lukemisto;;substantiivi;1
lukeneisto;;substantiivi;1
lumikuuro;;substantiivi;1
lumo;;substantiivi;1
luomu;;substantiivi;1
lusto;;substantiivi;1
luulo;;substantiivi;1
luumu;;substantiivi;1
luusto;;substantiivi;1
lyijy;;substantiivi;1
lyly;;substantiivi;1
lypsy;;substantiivi;1
lähetystö;;substantiivi;1
lähistö;;substantiivi;1
läksy;;substantiivi;1
lökäpöksy;;substantiivi;1
löpö;1;substantiivi;1
löpö;2;substantiivi;1
lörtsy;;substantiivi;1
löyly;;substantiivi;1
maalipotku;;substantiivi;1
maammo;;substantiivi;1
maamo;;substantiivi;1
maaru;;substantiivi;1
maasto;;substantiivi;1
mafioso;;substantiivi;1
mahku;;substantiivi;1
mainoskatko;;substantiivi;1
makro;;substantiivi;1
maksu;;substantiivi;1
mambo;;substantiivi;1
mamu;;substantiivi;1
mango;;substantiivi;1
manu;;substantiivi;1
marsu;;substantiivi;1
massu;;substantiivi;1
masto;;substantiivi;1
masu;;substantiivi;1
matsku;;substantiivi;1
mehu;;substantiivi;1
melu;;substantiivi;1
meno;;substantiivi;1
mensut;;substantiivi;1
merkistö;;substantiivi;1
messu;;substantiivi;1
mesu;;substantiivi;1
metku;;substantiivi;1
metro;;substantiivi;1
metso;;substantiivi;1
mezzotinto;;substantiivi;1
miero;;substantiivi;1
miilu;;substantiivi;1
mikro;;substantiivi;1
mikrobisto;;substantiivi;1
ministeristö;;substantiivi;1
miso;;substantiivi;1
misu;;substantiivi;1
mittaristo;;substantiivi;1
molo;;substantiivi;1
mono;1;substantiivi;1
mopo;1;substantiivi;1
mopo;2;substantiivi;1
moro;1;substantiivi;1
moto;;substantiivi;1
muisku;;substantiivi;1
muistikatko;;substantiivi;1
muisto;;substantiivi;1
muksu;;substantiivi;1
mummo;;substantiivi;1
mummu;;substantiivi;1
mungo;;substantiivi;1
munkisto;;substantiivi;1
murju;;substantiivi;1
muro;;substantiivi;1
mursu;;substantiivi;1
murteisto;;substantiivi;1
muru;;substantiivi;1
mussu;;substantiivi;1
mutu;2;substantiivi;1
myhky;;substantiivi;1
mylly;;substantiivi;1
myrsky;;substantiivi;1
myssy;;substantiivi;1
myöstö;;substantiivi;1
märssy;;substantiivi;1
mässy;;substantiivi;1
mätky;;substantiivi;1
määrly;;substantiivi;1
möly;;substantiivi;1
mömmö;;substantiivi;1
mörsky;;substantiivi;1
mössö;;substantiivi;1
möyhy;;substantiivi;1
naapuristo;;substantiivi;1
naapurusto;;substantiivi;1
naarmu;;substantiivi;1
nacho;;substantiivi;1
naisisto;;substantiivi;1
naksu;;substantiivi;1
namu;;substantiivi;1
napsu;;substantiivi;1
narsku;;substantiivi;1
naru;;substantiivi;1
nassu;1;substantiivi;1
nassu;2;substantiivi;1
nasu;;substantiivi;1
nauru;;substantiivi;1
nekru;;substantiivi;1
neljänneskilo;;substantiivi;1
nenu;;substantiivi;1
nero;;substantiivi;1
neulasisto;;substantiivi;1
neuvo;;substantiivi;1
nielu;;substantiivi;1
nimikkeistö;;substantiivi;1
nipsu;;substantiivi;1
nisu;;substantiivi;1
nitro;;substantiivi;1
nivelistö;;substantiivi;1
nokturno;;substantiivi;1
noro;;substantiivi;1
norsu;;substantiivi;1
nosto;;substantiivi;1
nousu;;substantiivi;1
nuolu;;substantiivi;1
nupu;;substantiivi;1
nysty;;substantiivi;1
näppäimistö;;substantiivi;1
näpy;;substantiivi;1
ohjelmisto;;substantiivi;1
oikeisto;;substantiivi;1
olo;;substantiivi;1
ongelmisto;;substantiivi;1
onnenpotku;;substantiivi;1
opettajisto;;substantiivi;1
opo;;substantiivi;1
oppineisto;;substantiivi;1
oregano;;substantiivi;1
osakkeisto;;substantiivi;1
osoitteisto;;substantiivi;1
osso buco;;substantiivi;1
osto;;substantiivi;1
otso;;substantiivi;1
ouzo;;substantiivi;1
paalu;;substantiivi;1
paanu;;substantiivi;1
paasto;;substantiivi;1
paino;;substantiivi;1
painokilo;;substantiivi;1
paisto;;substantiivi;1
paju;;substantiivi;1
paku;;substantiivi;1
palho;;substantiivi;1
palju;;substantiivi;1
pallo;;substantiivi;1
palmu;;substantiivi;1
palo;;substantiivi;1
palvelukatko;;substantiivi;1
pannu;;substantiivi;1
pano;;substantiivi;1
parhaimmisto;;substantiivi;1
parhaisto;;substantiivi;1
parru;;substantiivi;1
party;;substantiivi;1
paštu;;substantiivi;1
patteristo;;substantiivi;1
patu;;substantiivi;1
pauhu;;substantiivi;1
pecorino;;substantiivi;1
pehko;;substantiivi;1
pehku;;substantiivi;1
pelikatko;;substantiivi;1
penny;;substantiivi;1
pensaisto;;substantiivi;1
perho;;substantiivi;1
persu;;substantiivi;1
peru;;substantiivi;1
pervo;;substantiivi;1
peräprutku;;substantiivi;1
peso;;substantiivi;1
pesto;;substantiivi;1
pesu;;substantiivi;1
petäjistö;;substantiivi;1
pieksu;;substantiivi;1
pieru;;substantiivi;1
piilo;;substantiivi;1
piilu;;substantiivi;1
piiru;1;substantiivi;1
piiru;2;substantiivi;1
piisku;;substantiivi;1
pilaristo;;substantiivi;1
pillistö;;substantiivi;1
pillu;;substantiivi;1
pimu;;substantiivi;1
pino;;substantiivi;1
pipo;;substantiivi;1
pirtu;;substantiivi;1
piru;;substantiivi;1
pisto;;substantiivi;1
pisu;;substantiivi;1
pitko;;substantiivi;1
pivo;;substantiivi;1
platy;;substantiivi;1
plootu;;substantiivi;1
plörö;;substantiivi;1
poiju;;substantiivi;1
poimu;;substantiivi;1
poisto;;substantiivi;1
poitsu;;substantiivi;1
poju;;substantiivi;1
pomo;;substantiivi;1
poncho;;substantiivi;1
poolo;;substantiivi;1
popo;;substantiivi;1
porho;;substantiivi;1
porno;;substantiivi;1
poro;1;substantiivi;1
poro;2;substantiivi;1
poru;;substantiivi;1
porvaristo;;substantiivi;1
possu;;substantiivi;1
potilaisto;;substantiivi;1
potku;1;substantiivi;1
potku;2;substantiivi;1
pressu;;substantiivi;1
proomu;;substantiivi;1
prosciutto;;substantiivi;1
proto;;substantiivi;1
provo;;substantiivi;1
puisto;;substantiivi;1
pujo;;substantiivi;1
puklu;;substantiivi;1
pulju;;substantiivi;1
pullo;;substantiivi;1
pulmu;;substantiivi;1
pulu;;substantiivi;1
punahärö;;substantiivi;1
puosu;;substantiivi;1
puotipuksu;;substantiivi;1
pupu;;substantiivi;1
purjo;;substantiivi;1
puro;;substantiivi;1
purso;;substantiivi;1
puru;;substantiivi;1
pusku;;substantiivi;1
pusu;;substantiivi;1
puuro;;substantiivi;1
puusto;;substantiivi;1
pylly;;substantiivi;1
pylväistö;;substantiivi;1
pyrstö;;substantiivi;1
pyry;;substantiivi;1
pyssy;;substantiivi;1
pystö;;substantiivi;1
pyöry;;substantiivi;1
pyörö;;substantiivi;1
pärsky;;substantiivi;1
päärly;;substantiivi;1
pääsky;;substantiivi;1
päästö;;substantiivi;1
pääsy;;substantiivi;1
pöhö;;substantiivi;1
pöksyt;;substantiivi;1
pölly;;substantiivi;1
pöly;;substantiivi;1
pöpö;;substantiivi;1
pörrö;;substantiivi;1
pösö;;substantiivi;1
pötky;;substantiivi;1
pötkö;;substantiivi;1
raanu;;substantiivi;1
raasu;;substantiivi;1
raekuuro;;substantiivi;1
railo;;substantiivi;1
raiteisto;;substantiivi;1
rakkohauru;;substantiivi;1
raksu;;substantiivi;1
rambo;;substantiivi;1
rangaistuspotku;;substantiivi;1
rantsu;;substantiivi;1
rapsu;;substantiivi;1
rasko;;substantiivi;1
rassu;;substantiivi;1
ratsu;;substantiivi;1
rattaisto;;substantiivi;1
rausku;;substantiivi;1
rehu;;substantiivi;1
reissu;;substantiivi;1
remu;;substantiivi;1
renksu;;substantiivi;1
repro;;substantiivi;1
ressu;;substantiivi;1
resu;;substantiivi;1
retku;;substantiivi;1
riemu;;substantiivi;1
riimu;1;substantiivi;1
riimu;2;substantiivi;1
riisihärö;;substantiivi;1
riisto;;substantiivi;1
rimpsu;;substantiivi;1
rimssu;;substantiivi;1
rimsu;;substantiivi;1
ripsu;;substantiivi;1
risu;;substantiivi;1
ritaristo;;substantiivi;1
robo;;substantiivi;1
rohjo;;substantiivi;1
rohmu;;substantiivi;1
roihu;;substantiivi;1
roilo;;substantiivi;1
roisto;;substantiivi;1
roju;;substantiivi;1
rompsu;;substantiivi;1
romsku;;substantiivi;1
romu;;substantiivi;1
rondo;;substantiivi;1
rosmo;;substantiivi;1
roso;;substantiivi;1
rosvo;;substantiivi;1
rotko;;substantiivi;1
rousku;;substantiivi;1
royalty;;substantiivi;1
rubato;;substantiivi;1
rugby;;substantiivi;1
ruho;;substantiivi;1
ruisku;;substantiivi;1
runo;;substantiivi;1
ruoho;;substantiivi;1
ruovisto;;substantiivi;1
rusko;;substantiivi;1
ruso;;substantiivi;1
rusto;;substantiivi;1
ruusu;;substantiivi;1
ruususto;;substantiivi;1
ryhmy;;substantiivi;1
ryijy;;substantiivi;1
rymy;;substantiivi;1
rysty;;substantiivi;1
rysy;;substantiivi;1
rytky;;substantiivi;1
ryysy;;substantiivi;1
ryöstö;;substantiivi;1
rämpsy;;substantiivi;1
räntäkuuro;;substantiivi;1
räsy;;substantiivi;1
rääsy;;substantiivi;1
rönsy;;substantiivi;1
röyhy;;substantiivi;1
saago;;substantiivi;1
sadekuuro;;substantiivi;1
saju;;substantiivi;1
sakaristo;;substantiivi;1
saksipotku;;substantiivi;1
saku;;substantiivi;1
saldo;;substantiivi;1
salibandy;;substantiivi;1
salo;;substantiivi;1
sambo;;substantiivi;1
sammalisto;;substantiivi;1
sanatabu;;substantiivi;1
sauhu;;substantiivi;1
sauro;;substantiivi;1
savo;;substantiivi;1
savu;;substantiivi;1
savuporo;;substantiivi;1
scherzo;;substantiivi;1
sello;;substantiivi;1
sellu;;substantiivi;1
servo;;substantiivi;1
setelistö;;substantiivi;1
seto;;substantiivi;1
setu;;substantiivi;1
shandy;;substantiivi;1
sherry;;substantiivi;1
sielu;;substantiivi;1
sigarillo;;substantiivi;1
sihteeristö;;substantiivi;1
siilo;;substantiivi;1
siivu;;substantiivi;1
silmu;;substantiivi;1
simmu;;substantiivi;1
šinto;;substantiivi;1
siperianhusky;;substantiivi;1
siru;;substantiivi;1
sisaristo;;substantiivi;1
sisilisko;;substantiivi;1
sisko;;substantiivi;1
sisu;;substantiivi;1
sitko;;substantiivi;1
sivistyneistö;;substantiivi;1
slobo;;substantiivi;1
sohjo;;substantiivi;1
soiro;;substantiivi;1
soittajisto;;substantiivi;1
soittimisto;;substantiivi;1
solmu;;substantiivi;1
solu;;substantiivi;1
sombrero;;substantiivi;1
soolo;;substantiivi;1
sossu;;substantiivi;1
sotku;1;substantiivi;1
sotku;2;substantiivi;1
sotu;;substantiivi;1
spurgu;;substantiivi;1
staalo;;substantiivi;1
stallo;;substantiivi;1
suihku;;substantiivi;1
suisto;;substantiivi;1
sulho;;substantiivi;1
sulo;;substantiivi;1
sumo;;substantiivi;1
sumu;;substantiivi;1
suomu;;substantiivi;1
suonikohju;;substantiivi;1
supo;;substantiivi;1
suru;;substantiivi;1
sussu;;substantiivi;1
svedu;;substantiivi;1
sveedu;;substantiivi;1
syksy;;substantiivi;1
syyhy;;substantiivi;1
syyttäjistö;;substantiivi;1
syöksy;;substantiivi;1
sähkö;;substantiivi;1
sähkökatko;;substantiivi;1
sähkömopo;;substantiivi;1
sähly;;substantiivi;1
säilö;;substantiivi;1
säly;;substantiivi;1
sälö;;substantiivi;1
särö;;substantiivi;1
sätky;;substantiivi;1
sävelmistö;;substantiivi;1
sävy;;substantiivi;1
säästö;;substantiivi;1
sössö;;substantiivi;1
tabu;1;substantiivi;1
tabu;2;substantiivi;1
taco;;substantiivi;1
taekwondo;;substantiivi;1
tahko;;substantiivi;1
taho;;substantiivi;1
taido;;substantiivi;1
taisto;;substantiivi;1
taivo;;substantiivi;1
taju;;substantiivi;1
takalisto;;substantiivi;1
takapotku;;substantiivi;1
takaraivo;;substantiivi;1
talo;;substantiivi;1
talonpoikaisto;;substantiivi;1
talonpojisto;;substantiivi;1
tamarillo;;substantiivi;1
tango;;substantiivi;1
tanhu;;substantiivi;1
tanu;;substantiivi;1
tarmo;;substantiivi;1
taru;;substantiivi;1
tarvikkeisto;;substantiivi;1
tasku;;substantiivi;1
taso;;substantiivi;1
tassu;;substantiivi;1
taulu;;substantiivi;1
tavu;;substantiivi;1
teddy;1;substantiivi;1
teddy;2;substantiivi;1
teenporo;;substantiivi;1
teho;;substantiivi;1
tekno;;substantiivi;1
teku;;substantiivi;1
teljo;;substantiivi;1
tempe;;substantiivi;1
tempo;;substantiivi;1
tenho;;substantiivi;1
tenu;;substantiivi;1
terho;;substantiivi;1
testistö;;substantiivi;1
teurasporo;;substantiivi;1
tiestö;;substantiivi;1
tifo;;substantiivi;1
tihku;;substantiivi;1
tihu;;substantiivi;1
tiinu;;substantiivi;1
tipu;;substantiivi;1
tiramisu;;substantiivi;1
tisu;;substantiivi;1
tofu;;substantiivi;1
toisto;;substantiivi;1
toivo;;substantiivi;1
tomu;;substantiivi;1
torut;;substantiivi;1
tossu;;substantiivi;1
toto;;substantiivi;1
touhu;;substantiivi;1
transu;;substantiivi;1
treasury;;substantiivi;1
trio;;substantiivi;1
tuhatkauno;;substantiivi;1
tuhnu;;substantiivi;1
tuho;;substantiivi;1
tuhru;;substantiivi;1
tuiju;;substantiivi;1
tuisku;;substantiivi;1
tulo;;substantiivi;1
tunturiporo;;substantiivi;1
tuoksu;;substantiivi;1
tuomaristo;;substantiivi;1
tupo;;substantiivi;1
tupsu;;substantiivi;1
turbo;;substantiivi;1
turo;;substantiivi;1
turso;;substantiivi;1
tussu;;substantiivi;1
tyhjö;;substantiivi;1
typo;;substantiivi;1
typy;;substantiivi;1
tyrsky;;substantiivi;1
tyyny;;substantiivi;1
tyypistö;;substantiivi;1
työstö;;substantiivi;1
tärsky;;substantiivi;1
täry;;substantiivi;1
tätsy;;substantiivi;1
töhry;;substantiivi;1
töllö;;substantiivi;1
tönö;;substantiivi;1
törö;;substantiivi;1
töyry;;substantiivi;1
töyssy;;substantiivi;1
uhku;;substantiivi;1
uho;;substantiivi;1
uisko;;substantiivi;1
ukkoskuuro;;substantiivi;1
unho;;substantiivi;1
univormu;;substantiivi;1
upseeristo;;substantiivi;1
urdu;;substantiivi;1
urho;;substantiivi;1
usko;;substantiivi;1
vaihteisto;;substantiivi;1
vaimo;;substantiivi;1
vaino;;substantiivi;1
vainu;;substantiivi;1
vaisto;;substantiivi;1
valmu;;substantiivi;1
valo;;substantiivi;1
valu;;substantiivi;1
vanu;;substantiivi;1
varho;;substantiivi;1
varjo;;substantiivi;1
vartiosto;;substantiivi;1
varttikilo;;substantiivi;1
vasemmisto;;substantiivi;1
vasu;;substantiivi;1
vaunu;;substantiivi;1
veisto;;substantiivi;1
veisu;;substantiivi;1
velho;;substantiivi;1
venho;;substantiivi;1
verho;;substantiivi;1
vero;;substantiivi;1
verso;;substantiivi;1
veto;3;substantiivi;1
vetoporo;;substantiivi;1
whisky;;substantiivi;1
vibrato;;substantiivi;1
vichy;;substantiivi;1
viemäristö;;substantiivi;1
vihtahousu;;substantiivi;1
viilu;;substantiivi;1
viiru;;substantiivi;1
viisu;;substantiivi;1
viklo;;substantiivi;1
villaröijy;;substantiivi;1
vilu;;substantiivi;1
virasto;;substantiivi;1
viro;;substantiivi;1
virsu;;substantiivi;1
vissy;;substantiivi;1
vitiligo;;substantiivi;1
viuhko;;substantiivi;1
viulu;;substantiivi;1
vormu;;substantiivi;1
voro;;substantiivi;1
vosu;;substantiivi;1
vuolu;;substantiivi;1
vuono;;substantiivi;1
vuoro;;substantiivi;1
vyöry;;substantiivi;1
vähemmistö;;substantiivi;1
väistö;;substantiivi;1
välineistö;;substantiivi;1
vällyt;;substantiivi;1
värssy;;substantiivi;1
väsky;;substantiivi;1
vävy;;substantiivi;1
väylästö;;substantiivi;1
võro;;substantiivi;1
võru;;substantiivi;1
ylimystö;;substantiivi;1
ympäristö;;substantiivi;1
yrjö;;substantiivi;1
zambo;;substantiivi;1
zloty;;substantiivi;1
zulu;;substantiivi;1
ähky;;substantiivi;1
äly;;substantiivi;1
älymystö;;substantiivi;1
älämölö;;substantiivi;1
öljy;;substantiivi;1
hönö;;substantiivi, adjektiivi;1
hötö;;substantiivi, adjektiivi;1
jyry;;substantiivi, adjektiivi;1
jytky;;substantiivi, adjektiivi;1
limbo;;substantiivi, adjektiivi;1
loisto;;substantiivi, adjektiivi;1
lässy;;substantiivi, adjektiivi;1
mono;2;substantiivi, adjektiivi;1
notko;;substantiivi, adjektiivi;1
pehmo;;substantiivi, adjektiivi;1
pöllö;;substantiivi, adjektiivi;1
raivo;;substantiivi, adjektiivi;1
syntymäkuuro;;substantiivi, adjektiivi;1
sökö;;substantiivi, adjektiivi;1
tollo;;substantiivi, adjektiivi;1
torso;;substantiivi, adjektiivi;1
ufo;;substantiivi, adjektiivi;1
varhaiskuuro;;substantiivi, adjektiivi;1
väsy;;substantiivi, adjektiivi;1
ärjy;;substantiivi, adjektiivi;1
piano;;substantiivi, adverbi;1
sivu;;substantiivi, postpositio, prepositio, adverbi;1
hontelo;;adjektiivi;2
kömpelö;;adjektiivi;2
löperö;;adjektiivi;2
tumpelo;;adjektiivi;2
tökerö;;adjektiivi;2
untelo;;adjektiivi;2
hapero;;adjektiivi, substantiivi;2
höperö;;adjektiivi, substantiivi;2
kohelo;;adjektiivi, substantiivi;2
mamero;;adjektiivi, substantiivi;2
nyhverö;;adjektiivi, substantiivi;2
nynnerö;;adjektiivi, substantiivi;2
nysverö;;adjektiivi, substantiivi;2
pösilö;;adjektiivi, substantiivi;2
tohelo;;adjektiivi, substantiivi;2
aakkosto;;substantiivi;2
aaltoilu;;substantiivi;2
aarteisto;;substantiivi;2
ahdistelu;;substantiivi;2
ahmaisu;;substantiivi;2
aikailu;;substantiivi;2
aikido;;substantiivi;2
ailahtelu;;substantiivi;2
aineisto;;substantiivi;2
aivosto;;substantiivi;2
ajattelu;;substantiivi;2
ajelu;;substantiivi;2
akusto;;substantiivi;2
alhaiso;;substantiivi;2
ammuskelu;;substantiivi;2
angervo;;substantiivi;2
anime;;substantiivi;2
anniskelu;;substantiivi;2
annostelu;;substantiivi;2
apollo;;substantiivi;2
arastelu;;substantiivi;2
arkisto;;substantiivi;2
arvailu;;substantiivi;2
arvelu;;substantiivi;2
arvostelu;;substantiivi;2
asemo;;substantiivi;2
asettelu;;substantiivi;2
askartelu;;substantiivi;2
astalo;;substantiivi;2
astelu;;substantiivi;2
aukaisu;;substantiivi;2
autoilu;;substantiivi;2
bolero;;substantiivi;2
brassailu;;substantiivi;2
calypso;;substantiivi;2
cembalo;;substantiivi;2
chattailu;;substantiivi;2
cicero;;substantiivi;2
college;;substantiivi;2
deittailu;;substantiivi;2
diivailu;;substantiivi;2
domino;;substantiivi;2
dynamo;;substantiivi;2
ehkäisy;;substantiivi;2
elvistely;;substantiivi;2
encore;;substantiivi;2
enteily;;substantiivi;2
epäily;;substantiivi;2
erittely;;substantiivi;2
erottelu;;substantiivi;2
esittely;;substantiivi;2
eskimo;;substantiivi;2
espresso;;substantiivi;2
estely;;substantiivi;2
etsiskely;;substantiivi;2
etuilu;;substantiivi;2
feature;;substantiivi;2
fiasko;;substantiivi;2
fiilistely;;substantiivi;2
flirttailu;;substantiivi;2
gazpacho;;substantiivi;2
geenistö;;substantiivi;2
gelato;;substantiivi;2
geokätköily;;substantiivi;2
gigolo;;substantiivi;2
haahuilu;;substantiivi;2
haastattelu;;substantiivi;2
haaveilu;;substantiivi;2
haavisto;;substantiivi;2
haeskelu;;substantiivi;2
hahmottelu;;substantiivi;2
haihattelu;;substantiivi;2
haihduttamo;;substantiivi;2
haikailu;;substantiivi;2
haistattelu;;substantiivi;2
haistelu;;substantiivi;2
hajottamo;;substantiivi;2
hakettamo;;substantiivi;2
hakkailu;;substantiivi;2
halailu;;substantiivi;2
halkaisu;;substantiivi;2
halkeilu;;substantiivi;2
hapuilu;;substantiivi;2
harhailu;;substantiivi;2
harjoittelu;;substantiivi;2
harrastelu;;substantiivi;2
hassuttelu;;substantiivi;2
haukottelu;;substantiivi;2
hautomo;;substantiivi;2
havittelu;;substantiivi;2
heijastelu;;substantiivi;2
heilahtelu;;substantiivi;2
heittely;;substantiivi;2
hemmottelu;;substantiivi;2
hempeily;;substantiivi;2
henkilö;;substantiivi;2
henkäisy;;substantiivi;2
hentoilu;;substantiivi;2
herkistely;;substantiivi;2
herkuttelu;;substantiivi;2
hermoilu;;substantiivi;2
hermosto;;substantiivi;2
herrastelu;;substantiivi;2
herroittelu;;substantiivi;2
heräämö;;substantiivi;2
hidalgo;;substantiivi;2
hidastelu;;substantiivi;2
hienostelu;;substantiivi;2
hienosto;;substantiivi;2
hiertämö;;substantiivi;2
hifistely;;substantiivi;2
hihkaisu;;substantiivi;2
hiihtely;;substantiivi;2
hiilistö;;substantiivi;2
hiippailu;;substantiivi;2
hiiviskely;;substantiivi;2
hikoilu;;substantiivi;2
hilseily;;substantiivi;2
himmailu;;substantiivi;2
hinkalo;;substantiivi;2
hinnasto;;substantiivi;2
hinnoittelu;;substantiivi;2
hiomo;;substantiivi;2
hipaisu;;substantiivi;2
hipsuttelu;;substantiivi;2
hissuttelu;;substantiivi;2
hitailu;;substantiivi;2
hitsaamo;;substantiivi;2
hoipertelu;;substantiivi;2
hoitelu;;substantiivi;2
holvisto;;substantiivi;2
hongisto;;substantiivi;2
hoppuilu;;substantiivi;2
horjahtelu;;substantiivi;2
hortoilu;;substantiivi;2
hotaisu;;substantiivi;2
hotkaisu;;substantiivi;2
houkuttelu;;substantiivi;2
hourailu;;substantiivi;2
huhuilu;;substantiivi;2
huikentelu;;substantiivi;2
huiskilo;;substantiivi;2
huitaisu;;substantiivi;2
huljuttelu;;substantiivi;2
hulluttelu;;substantiivi;2
hulmahtelu;;substantiivi;2
hulpilo;;substantiivi;2
hummailu;;substantiivi;2
humputtelu;;substantiivi;2
huoahtelu;;substantiivi;2
huojahtelu;;substantiivi;2
huokailu;;substantiivi;2
huolittelu;;substantiivi;2
huoltamo;;substantiivi;2
huoneisto;;substantiivi;2
huorittelu;;substantiivi;2
hupailu;;substantiivi;2
hupsuttelu;;substantiivi;2
hurjastelu;;substantiivi;2
hurskastelu;;substantiivi;2
hurvittelu;;substantiivi;2
huuhtaisu;;substantiivi;2
huuhtelu;;substantiivi;2
huuleilu;;substantiivi;2
huumeilu;;substantiivi;2
huutelu;;substantiivi;2
huvittelu;;substantiivi;2
hymistely;;substantiivi;2
hymyily;;substantiivi;2
hypistely;;substantiivi;2
hyppely;;substantiivi;2
hyräily;;substantiivi;2
hyssyttely;;substantiivi;2
hyvittely;;substantiivi;2
hyväily;;substantiivi;2
hyvästely;;substantiivi;2
hyytelö;;substantiivi;2
hyökkäily;;substantiivi;2
hyötämö;;substantiivi;2
häikäisy;;substantiivi;2
hämmästely;;substantiivi;2
hännystely;;substantiivi;2
häpäisy;;substantiivi;2
häröily;;substantiivi;2
hätäily;;substantiivi;2
hääräily;;substantiivi;2
hölmöily;;substantiivi;2
höntyily;;substantiivi;2
hörhelö;;substantiivi;2
hötkyily;;substantiivi;2
höyläämö;;substantiivi;2
ihailu;;substantiivi;2
ihastelu;;substantiivi;2
ihmettely;;substantiivi;2
ilkeily;;substantiivi;2
illatsut;;substantiivi;2
ilmailu;;substantiivi;2
ilmaisu;;substantiivi;2
ilmasto;;substantiivi;2
ilmeily;;substantiivi;2
ilmoittelu;;substantiivi;2
ilottelu;;substantiivi;2
ilveily;;substantiivi;2
image;;substantiivi;2
imago;;substantiivi;2
imaisu;;substantiivi;2
imartelu;;substantiivi;2
indigo;;substantiivi;2
intoilu;;substantiivi;2
irkkailu;;substantiivi;2
irrottelu;;substantiivi;2
irstailu;;substantiivi;2
irvailu;;substantiivi;2
irvistely;;substantiivi;2
isottelu;;substantiivi;2
itkeskely;;substantiivi;2
ivailu;;substantiivi;2
jaarittelu;;substantiivi;2
jahkailu;;substantiivi;2
jakamo;;substantiivi;2
jakelu;;substantiivi;2
jaloittelu;;substantiivi;2
jalostamo;;substantiivi;2
jammailu;;substantiivi;2
jaosto;;substantiivi;2
jaottelu;;substantiivi;2
jatkumo;;substantiivi;2
jeesustelu;;substantiivi;2
jippoilu;;substantiivi;2
jojoilu;;substantiivi;2
jossittelu;;substantiivi;2
jousisto;;substantiivi;2
julkaisu;;substantiivi;2
julkimo;;substantiivi;2
julmistelu;;substantiivi;2
juonittelu;;substantiivi;2
juopottelu;;substantiivi;2
juoruilu;;substantiivi;2
juottamo;;substantiivi;2
juttelu;;substantiivi;2
jutustelu;;substantiivi;2
juuristo;;substantiivi;2
jyrähtely;;substantiivi;2
jäljentämö;;substantiivi;2
jäljittely;;substantiivi;2
järjestely;;substantiivi;2
järjestö;;substantiivi;2
järkeily;;substantiivi;2
järähtely;;substantiivi;2
jäsentely;;substantiivi;2
jäykistely;;substantiivi;2
jäädyttämö;;substantiivi;2
jäähdyttely;;substantiivi;2
jäähdyttämö;;substantiivi;2
jäähyily;;substantiivi;2
jääkiekkoilu;;substantiivi;2
jäämistö;;substantiivi;2
jäätelö;;substantiivi;2
kaahailu;;substantiivi;2
kaapisto;;substantiivi;2
kaartelu;;substantiivi;2
kaavailu;;substantiivi;2
kahlaamo;;substantiivi;2
kahmaisu;;substantiivi;2
kahmalo;;substantiivi;2
kahvittelu;;substantiivi;2
kainalo;;substantiivi;2
kainostelu;;substantiivi;2
kaislisto;;substantiivi;2
kajahtelu;;substantiivi;2
kakadu;;substantiivi;2
kakistelu;;substantiivi;2
kalastelu;;substantiivi;2
kalasto;;substantiivi;2
kaljoittelu;;substantiivi;2
kalkuttelu;;substantiivi;2
kallistelu;;substantiivi;2
kalmisto;;substantiivi;2
kampaamo;;substantiivi;2
kamppailu;;substantiivi;2
kangertelu;;substantiivi;2
kantelu;;substantiivi;2
kapalo;;substantiivi;2
kapsahtelu;;substantiivi;2
karaisu;;substantiivi;2
kareilu;;substantiivi;2
karistelu;;substantiivi;2
karjahtelu;;substantiivi;2
karjaisu;;substantiivi;2
karkailu;;substantiivi;2
karkaisu;;substantiivi;2
karkelo;;substantiivi;2
karpalo;;substantiivi;2
karstaamo;;substantiivi;2
kartano;;substantiivi;2
kartasto;;substantiivi;2
karttelu;;substantiivi;2
karvastelu;;substantiivi;2
karvasto;;substantiivi;2
kasino;;substantiivi;2
kastelu;;substantiivi;2
kasvattamo;;substantiivi;2
kasvisto;;substantiivi;2
kasvusto;;substantiivi;2
katajisto;;substantiivi;2
katkaisu;;substantiivi;2
katkero;;substantiivi;2
katselu;;substantiivi;2
katsomo;;substantiivi;2
kaukalo;;substantiivi;2
kaulailu;;substantiivi;2
kaunistelu;;substantiivi;2
kaupittelu;;substantiivi;2
kaupustelu;;substantiivi;2
keekoilu;;substantiivi;2
kehaisu;;substantiivi;2
kehittely;;substantiivi;2
kehräämö;;substantiivi;2
kehuskelu;;substantiivi;2
kehystämö;;substantiivi;2
keijusto;;substantiivi;2
keikailu;;substantiivi;2
keikistely;;substantiivi;2
keikkailu;;substantiivi;2
keikuttelu;;substantiivi;2
keilailu;;substantiivi;2
keimailu;;substantiivi;2
keinottelu;;substantiivi;2
keittimö;;substantiivi;2
keittämö;;substantiivi;2
keljuilu;;substantiivi;2
kelkkailu;;substantiivi;2
keltamo;;substantiivi;2
keltano;;substantiivi;2
kenguru;;substantiivi;2
kennosto;;substantiivi;2
keplottelu;;substantiivi;2
kerrasto;;substantiivi;2
kerskailu;;substantiivi;2
keräily;;substantiivi;2
keskustelu;;substantiivi;2
kiekaisu;;substantiivi;2
kiekkoilu;;substantiivi;2
kieltely;;substantiivi;2
kiemurtelu;;substantiivi;2
kieroilu;;substantiivi;2
kiertely;;substantiivi;2
kietaisu;;substantiivi;2
kiihkoilu;;substantiivi;2
kiiltely;;substantiivi;2
kiinteistö;;substantiivi;2
kiipeily;;substantiivi;2
kiistely;;substantiivi;2
kiivailu;;substantiivi;2
kikkailu;;substantiivi;2
kikuju;;substantiivi;2
kiljaisu;;substantiivi;2
kilpailu;;substantiivi;2
kilvoittelu;;substantiivi;2
kimaltelu;;substantiivi;2
kimmeltely;;substantiivi;2
kimono;;substantiivi;2
kinailu;;substantiivi;2
kinastelu;;substantiivi;2
kipaisu;;substantiivi;2
kiramo;;substantiivi;2
kiristely;;substantiivi;2
kirjaamo;;substantiivi;2
kirjailu;;substantiivi;2
kirjasto;;substantiivi;2
kirjoittelu;;substantiivi;2
kirkaisu;;substantiivi;2
kiroilu;;substantiivi;2
kirpaisu;;substantiivi;2
kirvely;;substantiivi;2
kisailu;;substantiivi;2
kiskaisu;;substantiivi;2
kiskottelu;;substantiivi;2
kitkerö;;substantiivi;2
kitsastelu;;substantiivi;2
kiukuttelu;;substantiivi;2
kiusoittelu;;substantiivi;2
kiwano;;substantiivi;2
koettelu;;substantiivi;2
kohmelo;;substantiivi;2
kohtalo;;substantiivi;2
kohtelu;;substantiivi;2
koivisto;;substantiivi;2
kojamo;;substantiivi;2
kokeilu;;substantiivi;2
koksaamo;;substantiivi;2
kolhaisu;;substantiivi;2
komeilu;;substantiivi;2
komentelu;;substantiivi;2
komero;;substantiivi;2
kompastelu;;substantiivi;2
koneisto;;substantiivi;2
konkelo;;substantiivi;2
konstailu;;substantiivi;2
koordinaatisto;;substantiivi;2
koppelo;;substantiivi;2
koppero;;substantiivi;2
koputtelu;;substantiivi;2
koreilu;;substantiivi;2
koristelu;;substantiivi;2
korjaamo;;substantiivi;2
korjailu;;substantiivi;2
kortisto;;substantiivi;2
kosiskelu;;substantiivi;2
koskelo;;substantiivi;2
koskettelu;;substantiivi;2
kotelo;;substantiivi;2
kotilo;;substantiivi;2
kotoilu;;substantiivi;2
kottero;;substantiivi;2
koukero;;substantiivi;2
koukertelu;;substantiivi;2
kouraisu;;substantiivi;2
kouristelu;;substantiivi;2
krakkaamo;;substantiivi;2
kruisailu;;substantiivi;2
kruusailu;;substantiivi;2
kuhertelu;;substantiivi;2
kuhnailu;;substantiivi;2
kuikelo;;substantiivi;2
kuikuilu;;substantiivi;2
kuirimo;;substantiivi;2
kuiskailu;;substantiivi;2
kuiskuttelu;;substantiivi;2
kuittailu;;substantiivi;2
kuivaamo;;substantiivi;2
kuivattamo;;substantiivi;2
kujeilu;;substantiivi;2
kukkaro;;substantiivi;2
kukkoilu;;substantiivi;2
kuljeskelu;;substantiivi;2
kullero;;substantiivi;2
kumartelu;;substantiivi;2
kummastelu;;substantiivi;2
kummittelu;;substantiivi;2
kunnostamo;;substantiivi;2
kuntoilu;;substantiivi;2
kuontalo;;substantiivi;2
kuorimo;;substantiivi;2
kursailu;;substantiivi;2
kustantamo;;substantiivi;2
kutomo;;substantiivi;2
kuulustelu;;substantiivi;2
kuuluttamo;;substantiivi;2
kuumeilu;;substantiivi;2
kuuntelu;;substantiivi;2
kuusilo;;substantiivi;2
kuusisto;;substantiivi;2
kuutamo;;substantiivi;2
kuvaamo;;substantiivi;2
kuvailu;;substantiivi;2
kuvasto;;substantiivi;2
kuvittelu;;substantiivi;2
kyllästämö;;substantiivi;2
kyläily;;substantiivi;2
kynsimö;;substantiivi;2
kynäily;;substantiivi;2
kypsyttely;;substantiivi;2
kypsyttämö;;substantiivi;2
kyräily;;substantiivi;2
kysely;;substantiivi;2
kyttäily;;substantiivi;2
kyyristely;;substantiivi;2
käppäily;;substantiivi;2
kärsämö;;substantiivi;2
käsittely;;substantiivi;2
kätilö;;substantiivi;2
kättely;;substantiivi;2
kävely;;substantiivi;2
käväisy;;substantiivi;2
käyskentely;;substantiivi;2
käyttely;;substantiivi;2
kääntely;;substantiivi;2
köllöttely;;substantiivi;2
köpittely;;substantiivi;2
köpöttely;;substantiivi;2
köyhäily;;substantiivi;2
köysistö;;substantiivi;2
ladusto;;substantiivi;2
lainaamo;;substantiivi;2
lainasto;;substantiivi;2
laiskottelu;;substantiivi;2
laivasto;;substantiivi;2
lajittamo;;substantiivi;2
lajittelu;;substantiivi;2
lakaisu;;substantiivi;2
lakkoilu;;substantiivi;2
lasagne;;substantiivi;2
laskettelu;;substantiivi;2
laskimo;;substantiivi;2
lataamo;;substantiivi;2
latelu;;substantiivi;2
latino;;substantiivi;2
latomo;;substantiivi;2
latvusto;;substantiivi;2
laukaisu;;substantiivi;2
lautailu;;substantiivi;2
lavastamo;;substantiivi;2
lehvistö;;substantiivi;2
lehvästö;;substantiivi;2
leijailu;;substantiivi;2
leikittely;;substantiivi;2
leikkaamo;;substantiivi;2
leimahtelu;;substantiivi;2
leipomo;;substantiivi;2
lekottelu;;substantiivi;2
lellittely;;substantiivi;2
lemmiskely;;substantiivi;2
lenkkeily;;substantiivi;2
lennosto;;substantiivi;2
lentely;;substantiivi;2
lepertely;;substantiivi;2
lepsuilu;;substantiivi;2
leukailu;;substantiivi;2
leveily;;substantiivi;2
leventely;;substantiivi;2
levystö;;substantiivi;2
libero;;substantiivi;2
liehittely;;substantiivi;2
lieroilu;;substantiivi;2
liikuskelu;;substantiivi;2
liikuttelu;;substantiivi;2
liioittelu;;substantiivi;2
liipaisu;;substantiivi;2
liitely;;substantiivi;2
liitokiekkoilu;;substantiivi;2
limboilu;;substantiivi;2
linjasto;;substantiivi;2
linnusto;;substantiivi;2
lipaisu;;substantiivi;2
lipasto;;substantiivi;2
lipsahtelu;;substantiivi;2
lirkuttelu;;substantiivi;2
livertely;;substantiivi;2
lohkaisu;;substantiivi;2
loikoilu;;substantiivi;2
lokero;;substantiivi;2
lomailu;;substantiivi;2
lonkero;1;substantiivi;2
lonkero;2;substantiivi;2
lorvailu;;substantiivi;2
louhimo;;substantiivi;2
luettelo;;substantiivi;2
luikero;;substantiivi;2
luistelu;;substantiivi;2
lumikenkäily;;substantiivi;2
luokittelu;;substantiivi;2
luolasto;;substantiivi;2
luonnostelu;;substantiivi;2
luottelu;;substantiivi;2
lupailu;;substantiivi;2
lusmuilu;;substantiivi;2
luuhailu;;substantiivi;2
luulottelu;;substantiivi;2
lyllerö;;substantiivi;2
lähentely;;substantiivi;2
lähettämö;;substantiivi;2
läimäisy;;substantiivi;2
läiskähtely;;substantiivi;2
lällättely;;substantiivi;2
lämmittely;;substantiivi;2
lämpöily;;substantiivi;2
läpäisy;;substantiivi;2
löhöily;;substantiivi;2
lörpöttely;;substantiivi;2
maalaamo;;substantiivi;2
maalailu;;substantiivi;2
maanittelu;;substantiivi;2
machoilu;;substantiivi;2
madame;;substantiivi;2
maestro;;substantiivi;2
mahtailu;;substantiivi;2
mailailu;;substantiivi;2
mairittelu;;substantiivi;2
maiskuttelu;;substantiivi;2
maistelu;;substantiivi;2
majailu;;substantiivi;2
makeilu;;substantiivi;2
makoilu;;substantiivi;2
mallastamo;;substantiivi;2
mallisto;;substantiivi;2
manailu;;substantiivi;2
manchego;;substantiivi;2
mangrove;;substantiivi;2
masmalo;;substantiivi;2
massoittelu;;substantiivi;2
matelu;;substantiivi;2
matkailu;;substantiivi;2
matkustamo;;substantiivi;2
matkustelu;;substantiivi;2
mehustamo;;substantiivi;2
meilailu;;substantiivi;2
melano;;substantiivi;2
menettely;;substantiivi;2
merino;;substantiivi;2
metkuilu;;substantiivi;2
metsälö;;substantiivi;2
miehistö;;substantiivi;2
miekkailu;;substantiivi;2
mielistely;;substantiivi;2
mietiskely;;substantiivi;2
mittailu;;substantiivi;2
mittely;;substantiivi;2
mittelö;;substantiivi;2
mobile;;substantiivi;2
moitiskelu;;substantiivi;2
monistamo;;substantiivi;2
muistelo;;substantiivi;2
muistelu;;substantiivi;2
mukailu;;substantiivi;2
muodostelu;;substantiivi;2
muonittamo;;substantiivi;2
muotoilu;;substantiivi;2
muovailu;;substantiivi;2
murahtelu;;substantiivi;2
murjaisu;;substantiivi;2
murskaamo;;substantiivi;2
mutustelu;;substantiivi;2
muuntamo;;substantiivi;2
muuntelu;;substantiivi;2
myhäily;;substantiivi;2
mykerö;;substantiivi;2
myytistö;;substantiivi;2
myötäily;;substantiivi;2
mädättämö;;substantiivi;2
männistö;;substantiivi;2
mässäily;;substantiivi;2
määrittely;;substantiivi;2
määräily;;substantiivi;2
mökkeily;;substantiivi;2
nahistelu;;substantiivi;2
nakkelu;;substantiivi;2
nakuilu;;substantiivi;2
naljailu;;substantiivi;2
napero;;substantiivi;2
napostelu;;substantiivi;2
narskuttelu;;substantiivi;2
naukaisu;;substantiivi;2
naukkailu;;substantiivi;2
naureskelu;;substantiivi;2
nautiskelu;;substantiivi;2
navaho;;substantiivi;2
navajo;;substantiivi;2
nelilö;;substantiivi;2
neppailu;;substantiivi;2
nettailu;;substantiivi;2
neulasto;;substantiivi;2
neutriino;;substantiivi;2
neuvosto;;substantiivi;2
neuvottelu;;substantiivi;2
nielaisu;;substantiivi;2
nihkeily;;substantiivi;2
nikottelu;;substantiivi;2
nimistö;;substantiivi;2
nimittely;;substantiivi;2
nipistely;;substantiivi;2
nirskuttelu;;substantiivi;2
niskoittelu;;substantiivi;2
nispero;;substantiivi;2
nokittelu;;substantiivi;2
norkoilu;;substantiivi;2
normisto;;substantiivi;2
nostelu;;substantiivi;2
nuhtelu;;substantiivi;2
numero;;substantiivi;2
nuolaisu;;substantiivi;2
nuoleskelu;;substantiivi;2
nuoriso;;substantiivi;2
nuotisto;;substantiivi;2
nuukailu;;substantiivi;2
nyhtäisy;;substantiivi;2
nykerö;;substantiivi;2
nykäisy;;substantiivi;2
nynnyily;;substantiivi;2
nyrkkeily;;substantiivi;2
nyyhkäisy;;substantiivi;2
nälväisy;;substantiivi;2
näpertely;;substantiivi;2
näpistely;;substantiivi;2
näppäily;;substantiivi;2
näyttely;;substantiivi;2
näyttämö;;substantiivi;2
nöyristely;;substantiivi;2
ohimo;;substantiivi;2
ohittelu;;substantiivi;2
ohjaamo;;substantiivi;2
ohjailu;;substantiivi;2
ohjeisto;;substantiivi;2
oikaisu;;substantiivi;2
oikkuilu;;substantiivi;2
oikuttelu;;substantiivi;2
oireilu;;substantiivi;2
oireisto;;substantiivi;2
ojasto;;substantiivi;2
oksasto;;substantiivi;2
oksentelu;;substantiivi;2
oksisto;;substantiivi;2
oleilu;;substantiivi;2
oleskelu;;substantiivi;2
ompelimo;;substantiivi;2
ompelu;;substantiivi;2
onkalo;;substantiivi;2
onnahtelu;;substantiivi;2
onnittelu;;substantiivi;2
ontelo;;substantiivi;2
opettelu;;substantiivi;2
opiskelu;;substantiivi;2
opisto;;substantiivi;2
origo;;substantiivi;2
orjailu;;substantiivi;2
osasto;;substantiivi;2
osittelu;;substantiivi;2
osoittelu;;substantiivi;2
ostelu;;substantiivi;2
ottamo;;substantiivi;2
ottelu;;substantiivi;2
paahtimo;;substantiivi;2
paapero;;substantiivi;2
pahoittelu;;substantiivi;2
paikkailu;;substantiivi;2
painelu;;substantiivi;2
painiskelu;;substantiivi;2
paisuttelu;;substantiivi;2
pajatso;;substantiivi;2
pakastamo;;substantiivi;2
pakkaamo;;substantiivi;2
pakoilu;;substantiivi;2
palkisto;;substantiivi;2
pallero;;substantiivi;2
palloilu;;substantiivi;2
pallottelu;;substantiivi;2
paloittelu;;substantiivi;2
palvelu;;substantiivi;2
panettelu;;substantiivi;2
panimo;;substantiivi;2
paperintaittelu;;substantiivi;2
papisto;;substantiivi;2
parantelu;;substantiivi;2
paristo;;substantiivi;2
parittelu;;substantiivi;2
parkaisu;;substantiivi;2
parkitsimo;;substantiivi;2
parnasso;;substantiivi;2
parveilu;;substantiivi;2
patsastelu;;substantiivi;2
paukuttelu;;substantiivi;2
pehmoilu;;substantiivi;2
pehmytkudoskipuilu;;substantiivi;2
peittely;;substantiivi;2
pelleily;;substantiivi;2
pelottelu;;substantiivi;2
pensasto;;substantiivi;2
pepino;;substantiivi;2
perseily;;substantiivi;2
perustelu;;substantiivi;2
peukalo;;substantiivi;2
piccolo;;substantiivi;2
piikittely;;substantiivi;2
piirtely;;substantiivi;2
pikkolo;;substantiivi;2
pilailu;;substantiivi;2
pimatsu;;substantiivi;2
pintaväreily;;substantiivi;2
pippalot;;substantiivi;2
pirtelö;;substantiivi;2
piruilu;;substantiivi;2
pistely;;substantiivi;2
pitely;;substantiivi;2
plasebo;;substantiivi;2
pohdiskelu;;substantiivi;2
pohmelo;;substantiivi;2
polkaisu;;substantiivi;2
polttimo;;substantiivi;2
pomelo;;substantiivi;2
pomoilu;;substantiivi;2
ponkaisu;;substantiivi;2
ponnistelu;;substantiivi;2
poreilu;;substantiivi;2
porsastelu;;substantiivi;2
portimo;;substantiivi;2
postimerkkeily;;substantiivi;2
potero;;substantiivi;2
potkaisu;;substantiivi;2
pottuilu;;substantiivi;2
poukahtelu;;substantiivi;2
poukkoilu;;substantiivi;2
prameilu;;substantiivi;2
prässäämö;;substantiivi;2
pröystäily;;substantiivi;2
puhdistamo;;substantiivi;2
puhelu;;substantiivi;2
puhkaisu;;substantiivi;2
puhuttelu;;substantiivi;2
puikelo;;substantiivi;2
pujottelu;;substantiivi;2
pukimo;;substantiivi;2
pukuilu;;substantiivi;2
pullistelu;;substantiivi;2
pullottamo;;substantiivi;2
pumppaamo;;substantiivi;2
pumppuamo;;substantiivi;2
punastelu;;substantiivi;2
punkero;;substantiivi;2
puolasto;;substantiivi;2
puolisko;;substantiivi;2
puoliso;;substantiivi;2
puolustelu;;substantiivi;2
puraisu;;substantiivi;2
pureskelu;;substantiivi;2
puristelu;;substantiivi;2
purkaamo;;substantiivi;2
purkamo;;substantiivi;2
purtilo;;substantiivi;2
pusero;;substantiivi;2
pussailu;;substantiivi;2
putkilo;;substantiivi;2
putkisto;;substantiivi;2
puuhailu;;substantiivi;2
puuhastelu;;substantiivi;2
puvustamo;;substantiivi;2
puvusto;;substantiivi;2
pyristely;;substantiivi;2
pyyhkäisy;;substantiivi;2
pyörittely;;substantiivi;2
pyöräily;;substantiivi;2
pyörästö;;substantiivi;2
pähkäily;;substantiivi;2
pähkämö;;substantiivi;2
päivittely;1;substantiivi;2
päivittely;2;substantiivi;2
pällistely;;substantiivi;2
pälyily;;substantiivi;2
päällystö;;substantiivi;2
päättely;;substantiivi;2
pökkelö;;substantiivi;2
pöperö;;substantiivi;2
pössyttely;;substantiivi;2
pöyhkeily;;substantiivi;2
raamittelu;;substantiivi;2
raapaisu;;substantiivi;2
raatelu;;substantiivi;2
rahasto;;substantiivi;2
rakastelu;;substantiivi;2
rakentelu;;substantiivi;2
rakoilu;;substantiivi;2
raksahtelu;;substantiivi;2
rallattelu;;substantiivi;2
ramboilu;;substantiivi;2
rankaisu;;substantiivi;2
rasahtelu;;substantiivi;2
ratamo;;substantiivi;2
ratkaisu;;substantiivi;2
ravistelu;;substantiivi;2
rehentely;;substantiivi;2
rehvastelu;;substantiivi;2
reippailu;;substantiivi;2
renttuilu;;substantiivi;2
repostelu;;substantiivi;2
repäisy;;substantiivi;2
retkeily;;substantiivi;2
retroilu;;substantiivi;2
rettelö;;substantiivi;2
revittely;;substantiivi;2
riepottelu;;substantiivi;2
rietastelu;;substantiivi;2
rihmasto;;substantiivi;2
riimittely;;substantiivi;2
riitely;;substantiivi;2
riiustelu;;substantiivi;2
rikastamo;;substantiivi;2
rilluttelu;;substantiivi;2
rimpuilu;;substantiivi;2
risahtelu;;substantiivi;2
risteily;;substantiivi;2
riuhtaisu;;substantiivi;2
rivistö;;substantiivi;2
rohkaisu;;substantiivi;2
romuttamo;;substantiivi;2
rosvoilu;;substantiivi;2
rotisko;;substantiivi;2
rottelo;;substantiivi;2
rouvittelu;;substantiivi;2
ruipelo;;substantiivi;2
rukoilu;;substantiivi;2
rullailu;;substantiivi;2
rummusto;;substantiivi;2
runoilu;;substantiivi;2
runosto;;substantiivi;2
runtelu;;substantiivi;2
ruoisto;;substantiivi;2
ruokailu;;substantiivi;2
rupattelu;;substantiivi;2
rustailu;;substantiivi;2
ryhmittely;;substantiivi;2
ryiskely;;substantiivi;2
rykäisy;;substantiivi;2
rymistely;;substantiivi;2
ryntäily;;substantiivi;2
ryppyily;;substantiivi;2
ryssittely;;substantiivi;2
rysähtely;;substantiivi;2
ryypiskely;;substantiivi;2
ryöstely;;substantiivi;2
räiskähtely;;substantiivi;2
räpiskö;;substantiivi;2
räpistely;;substantiivi;2
räpsähtely;;substantiivi;2
räsähtely;;substantiivi;2
rääkäisy;;substantiivi;2
röhkäisy;;substantiivi;2
rönsyily;;substantiivi;2
rötiskö;;substantiivi;2
röttelö;;substantiivi;2
rötöstely;;substantiivi;2
röyhelö;;substantiivi;2
röyhistely;;substantiivi;2
röyhtäily;;substantiivi;2
röyhtäisy;;substantiivi;2
saaristo;;substantiivi;2
saattelu;;substantiivi;2
sadattelu;;substantiivi;2
sadusto;;substantiivi;2
sairastelu;;substantiivi;2
saivartelu;;substantiivi;2
salailu;;substantiivi;2
samoilu;;substantiivi;2
sanailu;;substantiivi;2
sanasto;;substantiivi;2
sanelu;;substantiivi;2
saparo;;substantiivi;2
sapelinkalistelu;;substantiivi;2
satuilu;;substantiivi;2
sauhuttelu;;substantiivi;2
sauramo;;substantiivi;2
savustamo;;substantiivi;2
seikkailu;;substantiivi;2
sekoilu;;substantiivi;2
selailu;;substantiivi;2
selittely;;substantiivi;2
selostamo;;substantiivi;2
selvittely;;substantiivi;2
sepittely;;substantiivi;2
seurailu;;substantiivi;2
seurustelu;;substantiivi;2
shiatsu;;substantiivi;2
shoppailu;;substantiivi;2
šiatsu;;substantiivi;2
siemailu;;substantiivi;2
siemaisu;;substantiivi;2
sienimö;;substantiivi;2
sievistely;;substantiivi;2
sihtailu;;substantiivi;2
siirtely;;substantiivi;2
siistaamo;;substantiivi;2
sijoittelu;;substantiivi;2
sikailu;;substantiivi;2
silmäily;;substantiivi;2
silmäisy;;substantiivi;2
sinnittely;;substantiivi;2
sinuttelu;;substantiivi;2
sipaisu;;substantiivi;2
siristely;;substantiivi;2
sirottelu;;substantiivi;2
sitaisu;;substantiivi;2
sitomo;;substantiivi;2
siunailu;;substantiivi;2
sively;;substantiivi;2
sivusto;;substantiivi;2
snobbailu;;substantiivi;2
sohaisu;;substantiivi;2
soittelu;;substantiivi;2
sokkelo;;substantiivi;2
solmeilu;;substantiivi;2
somero;;substantiivi;2
somistamo;;substantiivi;2
sommittelu;;substantiivi;2
sooloilu;;substantiivi;2
sopertelu;;substantiivi;2
sopraano;;substantiivi;2
sopuilu;;substantiivi;2
sordiino;;substantiivi;2
sormeilu;;substantiivi;2
sorsimo;;substantiivi;2
sorvaamo;;substantiivi;2
sorvailu;;substantiivi;2
soutelu;;substantiivi;2
sovittelu;;substantiivi;2
spiccato;;substantiivi;2
sudittelu;;substantiivi;2
sudoku;;substantiivi;2
suhahtelu;;substantiivi;2
sulattamo;;substantiivi;2
sulattimo;;substantiivi;2
suojelu;;substantiivi;2
suolisto;;substantiivi;2
suonikalvosto;;substantiivi;2
suonisto;;substantiivi;2
suoristelu;;substantiivi;2
suostuttelu;;substantiivi;2
supattelu;;substantiivi;2
supistelu;;substantiivi;2
suppailu;;substantiivi;2
suppilo;;substantiivi;2
surfailu;;substantiivi;2
surffailu;;substantiivi;2
surkeilu;;substantiivi;2
surkuttelu;;substantiivi;2
survaisu;;substantiivi;2
suunnittelu;;substantiivi;2
suurimo;;substantiivi;2
suutelo;;substantiivi;2
suutelu;;substantiivi;2
sykerö;;substantiivi;2
syleily;;substantiivi;2
syljeskely;;substantiivi;2
sylkäisy;;substantiivi;2
synkistely;;substantiivi;2
syyttely;;substantiivi;2
syöpöttely;;substantiivi;2
säikyttely;;substantiivi;2
säilymö;;substantiivi;2
säkeistö;;substantiivi;2
säntäily;;substantiivi;2
säpsähtely;;substantiivi;2
säröily;;substantiivi;2
säteily;;substantiivi;2
sätkyttely;;substantiivi;2
säännöstely;;substantiivi;2
säännöstö;;substantiivi;2
sääntely;;substantiivi;2
säätely;;substantiivi;2
söpöily;;substantiivi;2
taapero;;substantiivi;2
tagine;;substantiivi;2
taimisto;;substantiivi;2
taistelu;;substantiivi;2
taiteilu;;substantiivi;2
taivastelu;;substantiivi;2
tajine;;substantiivi;2
takkuilu;;substantiivi;2
takomo;;substantiivi;2
talkoilu;;substantiivi;2
tammisto;;substantiivi;2
tangelo;;substantiivi;2
tapailu;;substantiivi;2
tappelu;;substantiivi;2
tarjoilu;;substantiivi;2
tarkastamo;;substantiivi;2
tarkastelu;;substantiivi;2
tarkkaamo;;substantiivi;2
tarkkailu;;substantiivi;2
tarpeisto;;substantiivi;2
tarusto;;substantiivi;2
tasapainoilu;;substantiivi;2
tavailu;;substantiivi;2
tavoittelu;;substantiivi;2
teemasto;;substantiivi;2
teeskentely;;substantiivi;2
tehtailu;;substantiivi;2
teitittely;;substantiivi;2
tekstailu;;substantiivi;2
telttailu;;substantiivi;2
tempaisu;;substantiivi;2
tempoilu;;substantiivi;2
temppuilu;;substantiivi;2
tepastelu;;substantiivi;2
terhentely;;substantiivi;2
termistö;;substantiivi;2
terästö;;substantiivi;2
teurastamo;;substantiivi;2
tiedosto;;substantiivi;2
tiedustelu;;substantiivi;2
tieteily;;substantiivi;2
tiirailu;;substantiivi;2
tilasto;;substantiivi;2
tirkistely;;substantiivi;2
tislaamo;;substantiivi;2
tissuttelu;;substantiivi;2
todistelu;;substantiivi;2
toilailu;;substantiivi;2
toimisto;;substantiivi;2
tokaisu;;substantiivi;2
tonnisto;;substantiivi;2
tonttuilu;;substantiivi;2
toppuuttelu;;substantiivi;2
torailu;;substantiivi;2
torero;;substantiivi;2
torkahtelu;;substantiivi;2
tornado;;substantiivi;2
torpedo;;substantiivi;2
torveilu;;substantiivi;2
torvelo;;substantiivi;2
touhuilu;;substantiivi;2
transito;;substantiivi;2
tremolo;;substantiivi;2
tsättäily;;substantiivi;2
tuhkelo;;substantiivi;2
tuhkimo;;substantiivi;2
tuikahtelu;;substantiivi;2
tuittuilu;;substantiivi;2
tungettelu;;substantiivi;2
tunkeilu;;substantiivi;2
tunnustelu;;substantiivi;2
tunteilu;;substantiivi;2
tuoksahtelu;;substantiivi;2
tuppilo;;substantiivi;2
tupruttelu;;substantiivi;2
turkkilo;;substantiivi;2
turmelu;;substantiivi;2
tuskailu;;substantiivi;2
tutkiskelu;;substantiivi;2
tutkistelu;;substantiivi;2
tuumailu;;substantiivi;2
tyhmistely;;substantiivi;2
tykistö;;substantiivi;2
tyllerö;;substantiivi;2
tytöttely;;substantiivi;2
tyypittely;;substantiivi;2
työkokeilija;;substantiivi;2
työntely;;substantiivi;2
työskentely;;substantiivi;2
tädittely;;substantiivi;2
tähdistö;;substantiivi;2
tähtimö;;substantiivi;2
tähyily;;substantiivi;2
tähystely;;substantiivi;2
tärkeily;;substantiivi;2
tärähtely;;substantiivi;2
töllistely;;substantiivi;2
tölväisy;;substantiivi;2
tönäisy;;substantiivi;2
töppäily;;substantiivi;2
töppöily;;substantiivi;2
törkeily;;substantiivi;2
törmäily;;substantiivi;2
törppöily;;substantiivi;2
törttöily;;substantiivi;2
tötterö;;substantiivi;2
töyssähtely;;substantiivi;2
töytäisy;;substantiivi;2
ufoilu;;substantiivi;2
uhittelu;;substantiivi;2
uhkailu;;substantiivi;2
uinailu;;substantiivi;2
uistelu;;substantiivi;2
uivelo;;substantiivi;2
ujoilu;;substantiivi;2
ujostelu;;substantiivi;2
ulkoilu;;substantiivi;2
unohtelu;;substantiivi;2
urheilu;;substantiivi;2
urpoilu;;substantiivi;2
uskottelu;;substantiivi;2
utelu;;substantiivi;2
uumoilu;;substantiivi;2
vaatehtimo;;substantiivi;2
vaeltelu;;substantiivi;2
vahvero;;substantiivi;2
vaihtelu;;substantiivi;2
vaivero;;substantiivi;2
vakoilu;;substantiivi;2
vakuuttelu;;substantiivi;2
valaisu;;substantiivi;2
valehtelu;;substantiivi;2
valelu;;substantiivi;2
valimo;;substantiivi;2
valittelu;;substantiivi;2
valkaisimo;;substantiivi;2
valkaisu;;substantiivi;2
valmistamo;;substantiivi;2
valmistelu;;substantiivi;2
valssaamo;;substantiivi;2
valtimo;;substantiivi;2
valtuusto;;substantiivi;2
valvomo;;substantiivi;2
vanamo;;substantiivi;2
varaamo;;substantiivi;2
varastelu;;substantiivi;2
varasto;;substantiivi;2
varistelu;;substantiivi;2
varjelu;;substantiivi;2
varjosto;;substantiivi;2
varmistelu;;substantiivi;2
varoittelu;;substantiivi;2
varsisto;;substantiivi;2
vartalo;;substantiivi;2
varustamo;;substantiivi;2
varustelu;;substantiivi;2
varvisto;;substantiivi;2
varvusto;;substantiivi;2
vastaanhangoittelu;;substantiivi;2
vastustelu;;substantiivi;2
vauhkoilu;;substantiivi;2
vehkeily;;substantiivi;2
veikistely;;substantiivi;2
veikkailu;;substantiivi;2
veistely;;substantiivi;2
veistämö;;substantiivi;2
veljeily;;substantiivi;2
veljestö;;substantiivi;2
veljistö;;substantiivi;2
velmuilu;;substantiivi;2
veltostelu;;substantiivi;2
velttoilu;;substantiivi;2
veneily;;substantiivi;2
venkoilu;;substantiivi;2
verhoilu;;substantiivi;2
verhoomo;;substantiivi;2
verkilö;;substantiivi;2
verkosto;;substantiivi;2
verryttely;;substantiivi;2
vertailu;;substantiivi;2
vesistö;;substantiivi;2
vetely;;substantiivi;2
vetistely;;substantiivi;2
vetäisy;;substantiivi;2
viekastelu;;substantiivi;2
viekoittelu;;substantiivi;2
vierailu;;substantiivi;2
viestittely;;substantiivi;2
viettely;;substantiivi;2
vihjailu;;substantiivi;2
vihlaisu;;substantiivi;2
vihoittelu;;substantiivi;2
viileskely;;substantiivi;2
viimeistely;;substantiivi;2
viisastelu;;substantiivi;2
viittoilu;;substantiivi;2
viivasto;;substantiivi;2
viivyttely;;substantiivi;2
viivästely;;substantiivi;2
vikittely;;substantiivi;2
viljely;;substantiivi;2
vilkahtelu;;substantiivi;2
vilkaisu;;substantiivi;2
vilkuilu;;substantiivi;2
vilpistely;;substantiivi;2
vilvoittelu;;substantiivi;2
vinkaisu;;substantiivi;2
vinoilu;;substantiivi;2
virnistely;;substantiivi;2
virvoittelu;;substantiivi;2
visailu;;substantiivi;2
viskely;;substantiivi;2
vitkastelu;;substantiivi;2
vitkuttelu;;substantiivi;2
vitsailu;;substantiivi;2
vittuilu;;substantiivi;2
voihkaisu;;substantiivi;2
voimailu;;substantiivi;2
voimistelu;;substantiivi;2
voitelu;;substantiivi;2
voivottelu;;substantiivi;2
vokottelu;;substantiivi;2
vuokraamo;;substantiivi;2
vuoristo;;substantiivi;2
vuorottelu;;substantiivi;2
vyötärö;;substantiivi;2
väestö;;substantiivi;2
vähättely;;substantiivi;2
väittely;;substantiivi;2
välähtely;;substantiivi;2
väreily;;substantiivi;2
värjäämö;;substantiivi;2
värähtely;;substantiivi;2
vääntely;;substantiivi;2
vääristely;;substantiivi;2
yhdistely;;substantiivi;2
yhteisö;;substantiivi;2
yhtälö;;substantiivi;2
yksilö;;substantiivi;2
yleisö;;substantiivi;2
ylhäisö;;substantiivi;2
ylpeily;;substantiivi;2
ylvästely;;substantiivi;2
yskäisy;;substantiivi;2
ähkäisy;;substantiivi;2
äijäily;;substantiivi;2
äksyily;;substantiivi;2
äkäily;;substantiivi;2
ällistely;;substantiivi;2
ärhentely;;substantiivi;2
ärjäisy;;substantiivi;2
äänittämö;;substantiivi;2
ääntely;;substantiivi;2
ökyily;;substantiivi;2
albiino;;substantiivi, adjektiivi;2
hetero;;substantiivi, adjektiivi;2
horisko;;substantiivi, adjektiivi;2
mulkero;;substantiivi, adjektiivi;2
pullero;;substantiivi, adjektiivi;2
syherö;;substantiivi, adjektiivi;2
autio;;adjektiivi;3
mainio;;adjektiivi;3
vakio;;adjektiivi, substantiivi;3
aaloe;;substantiivi;3
aarnio;1;substantiivi;3
aarnio;2;substantiivi;3
absorptio;;substantiivi;3
abstraktio;;substantiivi;3
adaptaatio;;substantiivi;3
addiktio;;substantiivi;3
adheesio;;substantiivi;3
adoptio;;substantiivi;3
adsorptio;;substantiivi;3
affisio;;substantiivi;3
aggressio;;substantiivi;3
agitaatio;;substantiivi;3
ahkio;;substantiivi;3
aihio;;substantiivi;3
aitio;;substantiivi;3
akklimatisaatio;;substantiivi;3
akkommodaatio;;substantiivi;3
aktio;;substantiivi;3
akvaario;;substantiivi;3
alio;;substantiivi;3
alkio;;substantiivi;3
allitteraatio;;substantiivi;3
allokaatio;;substantiivi;3
ambitio;;substantiivi;3
amputaatio;;substantiivi;3
animaatio;;substantiivi;3
ansio;;substantiivi;3
applikaatio;;substantiivi;3
appositio;;substantiivi;3
argumentaatio;;substantiivi;3
artikulaatio;;substantiivi;3
arvio;;substantiivi;3
aspiraatio;;substantiivi;3
assimilaatio;;substantiivi;3
assosiaatio;;substantiivi;3
attraktio;;substantiivi;3
audio;;substantiivi;3
auditorio;;substantiivi;3
aukio;;substantiivi;3
aulio;;substantiivi;3
auskultaatio;;substantiivi;3
automaatio;;substantiivi;3
aversio;;substantiivi;3
aviaario;;substantiivi;3
avio;;substantiivi;3
cameo;;substantiivi;3
collie;;substantiivi;3
deduktio;;substantiivi;3
definitio;;substantiivi;3
deflaatio;;substantiivi;3
deformaatio;;substantiivi;3
degeneraatio;;substantiivi;3
deklinaatio;;substantiivi;3
dekoraatio;;substantiivi;3
delegaatio;;substantiivi;3
delfinaario;;substantiivi;3
demilitarisaatio;;substantiivi;3
demobilisaatio;;substantiivi;3
demonstraatio;;substantiivi;3
depilaatio;;substantiivi;3
depressio;;substantiivi;3
deprivaatio;;substantiivi;3
desentralisaatio;;substantiivi;3
desinfektio;;substantiivi;3
deskriptio;;substantiivi;3
devalvaatio;;substantiivi;3
deviaatio;;substantiivi;3
diaario;;substantiivi;3
diffraktio;;substantiivi;3
diffuusio;;substantiivi;3
digitalisaatio;;substantiivi;3
dimensio;;substantiivi;3
disinformaatio;;substantiivi;3
diskriminaatio;;substantiivi;3
dispositio;;substantiivi;3
distribuutio;;substantiivi;3
dokumentaatio;;substantiivi;3
dominio;;substantiivi;3
editio;;substantiivi;3
ehiö;;substantiivi;3
ejakulaatio;;substantiivi;3
ekskursio;;substantiivi;3
ekspansio;;substantiivi;3
eliminaatio;;substantiivi;3
eliö;;substantiivi;3
emansipaatio;;substantiivi;3
embryo;;substantiivi;3
emissio;;substantiivi;3
emiö;;substantiivi;3
emootio;;substantiivi;3
emulsio;;substantiivi;3
epilaatio;;substantiivi;3
erektio;;substantiivi;3
eriö;;substantiivi;3
eroosio;;substantiivi;3
eskalaatio;;substantiivi;3
evaluaatio;;substantiivi;3
evoluutio;;substantiivi;3
faarao;;substantiivi;3
farao;;substantiivi;3
federaatio;;substantiivi;3
fiksaatio;;substantiivi;3
fiktio;;substantiivi;3
fissio;;substantiivi;3
folio;;substantiivi;3
formaatio;;substantiivi;3
fraktio;;substantiivi;3
frekvenssimodulaatio;;substantiivi;3
frustraatio;;substantiivi;3
funktio;;substantiivi;3
fuusio;;substantiivi;3
ganglio;;substantiivi;3
gentrifikaatio;;substantiivi;3
globalisaatio;;substantiivi;3
gravitaatio;;substantiivi;3
haapio;;substantiivi;3
haaskio;;substantiivi;3
halkio;;substantiivi;3
hallusinaatio;;substantiivi;3
harmio;;substantiivi;3
heittiö;;substantiivi;3
herbaario;;substantiivi;3
hetiö;;substantiivi;3
hirviö;;substantiivi;3
houkkio;;substantiivi;3
hulpio;;substantiivi;3
hulttio;;substantiivi;3
huomio;;substantiivi;3
hurmio;;substantiivi;3
huulio;;substantiivi;3
hylkiö;;substantiivi;3
hymiö;;substantiivi;3
hypertensio;;substantiivi;3
hyperventilaatio;;substantiivi;3
hyypiö;;substantiivi;3
häiriö;;substantiivi;3
häviö;;substantiivi;3
identifikaatio;;substantiivi;3
ilkiö;;substantiivi;3
illustraatio;;substantiivi;3
illuusio;;substantiivi;3
ilmiö;;substantiivi;3
imitaatio;;substantiivi;3
immobilisaatio;;substantiivi;3
immunisaatio;;substantiivi;3
implantaatio;;substantiivi;3
implementaatio;;substantiivi;3
impressaario;;substantiivi;3
improvisaatio;;substantiivi;3
indikaatio;;substantiivi;3
indisio;;substantiivi;3
indoktrinaatio;;substantiivi;3
induktio;;substantiivi;3
infektio;;substantiivi;3
inflaatio;;substantiivi;3
informaatio;;substantiivi;3
infuusio;;substantiivi;3
inhalaatio;;substantiivi;3
inhibitio;;substantiivi;3
initiaatio;;substantiivi;3
injektio;;substantiivi;3
inkarnaatio;;substantiivi;3
inkluusio;;substantiivi;3
inkvisitio;;substantiivi;3
innovaatio;;substantiivi;3
inseminaatio;;substantiivi;3
inspiraatio;;substantiivi;3
installaatio;;substantiivi;3
instituutio;;substantiivi;3
instrumentaatio;;substantiivi;3
integraatio;;substantiivi;3
intentio;;substantiivi;3
interjektio;;substantiivi;3
interventio;;substantiivi;3
intonaatio;;substantiivi;3
introduktio;;substantiivi;3
introspektio;;substantiivi;3
intuitio;;substantiivi;3
invaasio;;substantiivi;3
inventaario;;substantiivi;3
ionisaatio;;substantiivi;3
isolaatio;;substantiivi;3
iteraatio;;substantiivi;3
itiö;;substantiivi;3
jalkio;;substantiivi;3
joukkio;;substantiivi;3
kaakao;;substantiivi;3
kaavio;;substantiivi;3
kahvio;;substantiivi;3
kaksio;;substantiivi;3
kalendaario;;substantiivi;3
kallio;;substantiivi;3
kaltio;;substantiivi;3
kammio;;substantiivi;3
kanalisaatio;;substantiivi;3
kansio;;substantiivi;3
kantio;;substantiivi;3
kapiot;;substantiivi;3
kartio;;substantiivi;3
kastraatio;;substantiivi;3
kasvio;;substantiivi;3
kavio;;substantiivi;3
keittiö;;substantiivi;3
keskiö;;substantiivi;3
kiintiö;;substantiivi;3
kiveliö;;substantiivi;3
klassifikaatio;;substantiivi;3
koagulaatio;;substantiivi;3
koalitio;;substantiivi;3
kodifikaatio;;substantiivi;3
kognitio;;substantiivi;3
koheesio;;substantiivi;3
kohtio;;substantiivi;3
kollegio;;substantiivi;3
kollokvio;;substantiivi;3
kolmio;;substantiivi;3
kolonisaatio;;substantiivi;3
kolumbaario;;substantiivi;3
kombinaatio;;substantiivi;3
komisario;;substantiivi;3
komissio;;substantiivi;3
kommunikaatio;;substantiivi;3
kommutaatio;;substantiivi;3
komparaatio;;substantiivi;3
kompensaatio;;substantiivi;3
komplikaatio;;substantiivi;3
kompositio;;substantiivi;3
kondensaatio;;substantiivi;3
konfirmaatio;;substantiivi;3
konjugaatio;;substantiivi;3
konjunktio;;substantiivi;3
konnotaatio;;substantiivi;3
konsentraatio;;substantiivi;3
konservatorio;;substantiivi;3
konsortio;;substantiivi;3
konstituutio;;substantiivi;3
konstruktio;;substantiivi;3
konsultaatio;;substantiivi;3
kontaminaatio;;substantiivi;3
kontio;;substantiivi;3
kontribuutio;;substantiivi;3
konventio;;substantiivi;3
konversio;;substantiivi;3
kooperaatio;;substantiivi;3
koordinaatio;;substantiivi;3
kopio;;substantiivi;3
korporaatio;;substantiivi;3
korrelaatio;;substantiivi;3
korroosio;;substantiivi;3
korruptio;;substantiivi;3
krematorio;;substantiivi;3
kuivio;;substantiivi;3
kulminaatio;;substantiivi;3
‑kulmio;;substantiivi;3
kumulaatio;;substantiivi;3
kuolio;;substantiivi;3
kuusio;1;substantiivi;3
kuusio;2;substantiivi;3
kuutio;;substantiivi;3
kuvio;;substantiivi;3
kvalifikaatio;;substantiivi;3
kylmiö;;substantiivi;3
kääpiö;;substantiivi;3
laakio;;substantiivi;3
laboratorio;;substantiivi;3
laipio;;substantiivi;3
lantio;;substantiivi;3
lapio;;substantiivi;3
lassie;;substantiivi;3
leegio;;substantiivi;3
legitimaatio;;substantiivi;3
lehtiö;;substantiivi;3
lektio;;substantiivi;3
levitaatio;;substantiivi;3
lieriö;;substantiivi;3
littiö;;substantiivi;3
loisio;;substantiivi;3
lokalisaatio;;substantiivi;3
lukio;;substantiivi;3
luksaatio;;substantiivi;3
lumpio;;substantiivi;3
luopio;;substantiivi;3
lyseo;;substantiivi;3
lähiö;;substantiivi;3
lämpiö;;substantiivi;3
malmio;;substantiivi;3
manifestaatio;;substantiivi;3
manipulaatio;;substantiivi;3
martio;;substantiivi;3
masturbaatio;;substantiivi;3
materialisaatio;;substantiivi;3
medikalisaatio;;substantiivi;3
meditaatio;;substantiivi;3
meedio;;substantiivi;3
menstruaatio;;substantiivi;3
migraatio;;substantiivi;3
militarisaatio;;substantiivi;3
ministeriö;;substantiivi;3
missio;;substantiivi;3
mitokondrio;;substantiivi;3
mobilisaatio;;substantiivi;3
modifikaatio;;substantiivi;3
modulaatio;;substantiivi;3
moisio;;substantiivi;3
moratorio;;substantiivi;3
morsio;;substantiivi;3
motivaatio;;substantiivi;3
muistio;;substantiivi;3
multivisio;;substantiivi;3
museo;;substantiivi;3
mutaatio;;substantiivi;3
muumio;;substantiivi;3
mykiö;;substantiivi;3
mysteerio;;substantiivi;3
mystifikaatio;;substantiivi;3
naamio;;substantiivi;3
navigaatio;;substantiivi;3
negaatio;;substantiivi;3
neliö;;substantiivi;3
neutralisaatio;;substantiivi;3
nimiö;;substantiivi;3
notifikaatio;;substantiivi;3
nuotio;;substantiivi;3
obduktio;;substantiivi;3
obligaatio;;substantiivi;3
oboe;;substantiivi;3
observatorio;;substantiivi;3
obstruktio;;substantiivi;3
olio;;substantiivi;3
operaatio;;substantiivi;3
oppositio;;substantiivi;3
optio;;substantiivi;3
oratorio;;substantiivi;3
organisaatio;;substantiivi;3
orientaatio;;substantiivi;3
orkestraatio;;substantiivi;3
osio;;substantiivi;3
oskillaatio;;substantiivi;3
ovaario;;substantiivi;3
ovulaatio;;substantiivi;3
paitsio;;substantiivi;3
palatalisaatio;;substantiivi;3
palkkio;;substantiivi;3
palpaatio;;substantiivi;3
pareo;;substantiivi;3
partio;;substantiivi;3
passio;;substantiivi;3
patio;;substantiivi;3
penetraatio;;substantiivi;3
perforaatio;;substantiivi;3
perfuusio;;substantiivi;3
perkiö;;substantiivi;3
perkussio;;substantiivi;3
permutaatio;;substantiivi;3
personifikaatio;;substantiivi;3
perversio;;substantiivi;3
pimiö;;substantiivi;3
pintapyöriö;;substantiivi;3
planetaario;;substantiivi;3
polarisaatio;;substantiivi;3
polio;;substantiivi;3
polymerisaatio;;substantiivi;3
populaatio;;substantiivi;3
portfolio;;substantiivi;3
positio;;substantiivi;3
postpositio;;substantiivi;3
predestinaatio;;substantiivi;3
preemio;;substantiivi;3
prepositio;;substantiivi;3
presentaatio;;substantiivi;3
preventio;;substantiivi;3
privilegio;;substantiivi;3
produktio;;substantiivi;3
professio;;substantiivi;3
progressio;;substantiivi;3
projektio;;substantiivi;3
promootio;;substantiivi;3
pronaatio;;substantiivi;3
propositio;;substantiivi;3
prostituutio;;substantiivi;3
provisio;;substantiivi;3
provokaatio;;substantiivi;3
pulsaatio;;substantiivi;3
punktio;;substantiivi;3
pyöriö;;substantiivi;3
radicchio;;substantiivi;3
radio;;substantiivi;3
raiskio;;substantiivi;3
raivio;;substantiivi;3
rappio;;substantiivi;3
raunio;;substantiivi;3
reaktio;;substantiivi;3
realisaatio;;substantiivi;3
reduktio;;substantiivi;3
reflaatio;;substantiivi;3
refleksio;;substantiivi;3
reflektio;;substantiivi;3
reformaatio;;substantiivi;3
regeneraatio;;substantiivi;3
regressio;;substantiivi;3
regulaatio;;substantiivi;3
reinkarnaatio;;substantiivi;3
reklamaatio;;substantiivi;3
rekonstruktio;;substantiivi;3
rektio;;substantiivi;3
relaatio;;substantiivi;3
remissio;;substantiivi;3
representaatio;;substantiivi;3
reproduktio;;substantiivi;3
reseptio;;substantiivi;3
reservaatio;;substantiivi;3
resignaatio;;substantiivi;3
resitaatio;;substantiivi;3
resoluutio;;substantiivi;3
revalvaatio;;substantiivi;3
revisio;;substantiivi;3
revoluutio;;substantiivi;3
riiviö;;substantiivi;3
rodeo;;substantiivi;3
rotaatio;;substantiivi;3
rovio;;substantiivi;3
röykkiö;;substantiivi;3
sammio;;substantiivi;3
sanatorio;;substantiivi;3
sanitaatio;;substantiivi;3
sanktio;;substantiivi;3
sarpio;;substantiivi;3
saturaatio;;substantiivi;3
saunio;;substantiivi;3
sedaatio;;substantiivi;3
segmentaatio;;substantiivi;3
segregaatio;;substantiivi;3
seipiö;;substantiivi;3
sektio;;substantiivi;3
sekularisaatio;;substantiivi;3
selektio;;substantiivi;3
selviö;;substantiivi;3
sensaatio;;substantiivi;3
senturio;;substantiivi;3
sessio;;substantiivi;3
siittiö;;substantiivi;3
sikiö;;substantiivi;3
simulaatio;;substantiivi;3
sivilisaatio;;substantiivi;3
skenaario;;substantiivi;3
soikio;;substantiivi;3
solaario;;substantiivi;3
solmio;;substantiivi;3
soluutio;;substantiivi;3
somatisaatio;;substantiivi;3
sormio;;substantiivi;3
sosialisaatio;;substantiivi;3
spekulaatio;;substantiivi;3
spesifikaatio;;substantiivi;3
stagflaatio;;substantiivi;3
stagnaatio;;substantiivi;3
sterilisaatio;;substantiivi;3
stimulaatio;;substantiivi;3
studio;;substantiivi;3
sublimaatio;;substantiivi;3
substituutio;;substantiivi;3
subventio;;substantiivi;3
suggestio;;substantiivi;3
sukkessio;;substantiivi;3
suksessio;;substantiivi;3
suntio;;substantiivi;3
suosio;;substantiivi;3
supinaatio;;substantiivi;3
suppleetio;;substantiivi;3
suppositorio;;substantiivi;3
suspensio;;substantiivi;3
symposio;;substantiivi;3
säiliö;;substantiivi;3
särmiö;;substantiivi;3
säästiö;;substantiivi;3
säätiö;;substantiivi;3
taltio;;substantiivi;3
talvio;;substantiivi;3
tankio;;substantiivi;3
tappio;;substantiivi;3
televisio;;substantiivi;3
telluurio;;substantiivi;3
tensio;;substantiivi;3
teriö;;substantiivi;3
terraario;;substantiivi;3
territorio;;substantiivi;3
tiiviö;;substantiivi;3
torsio;;substantiivi;3
tosio;;substantiivi;3
traditio;;substantiivi;3
transformaatio;;substantiivi;3
transkriptio;;substantiivi;3
translitteraatio;;substantiivi;3
transplantaatio;;substantiivi;3
tunkio;;substantiivi;3
tuokio;;substantiivi;3
tuomio;;substantiivi;3
turmio;;substantiivi;3
tyhjiö;;substantiivi;3
tähkiö;;substantiivi;3
umpio;;substantiivi;3
urbanisaatio;;substantiivi;3
vainio;;substantiivi;3
valio;;substantiivi;3
valtio;;substantiivi;3
variaatio;;substantiivi;3
varpio;;substantiivi;3
vartio;;substantiivi;3
vaurio;;substantiivi;3
venesektio;;substantiivi;3
ventilaatio;;substantiivi;3
verhiö;;substantiivi;3
verifikaatio;;substantiivi;3
versio;;substantiivi;3
vibraatio;;substantiivi;3
video;;substantiivi;3
viheriö;;substantiivi;3
vintiö;;substantiivi;3
viriö;;substantiivi;3
visio;;substantiivi;3
vivisektio;;substantiivi;3
yhtiö;;substantiivi;3
yksiö;;substantiivi;3
yliö;;substantiivi;3
ääliö;;substantiivi;3
ääntiö;;substantiivi;3
stereo;;substantiivi, adjektiivi;3
abnormi;;adjektiivi;5
absurdi;;adjektiivi;5
aktuelli;;adjektiivi;5
anonyymi;;adjektiivi;5
beesi;;adjektiivi;5
benigni;;adjektiivi;5
cool;;adjektiivi;5
diffuusi;;adjektiivi;5
diploidi;;adjektiivi;5
eksakti;;adjektiivi;5
falski;;adjektiivi;5
fertiili;;adjektiivi;5
fiini;;adjektiivi;5
freesi;;adjektiivi;5
fressi;;adjektiivi;5
frigidi;;adjektiivi;5
glamoröösi;;adjektiivi;5
graavi;;adjektiivi;5
gravidi;;adjektiivi;5
halal;;adjektiivi;5
haploidi;;adjektiivi;5
horisontaali;;adjektiivi;5
huisi;;adjektiivi;5
humaani;;adjektiivi;5
härski;;adjektiivi;5
häävi;;adjektiivi;5
höyli;;adjektiivi;5
iisi;;adjektiivi;5
immuuni;;adjektiivi;5
infantiili;;adjektiivi;5
infertiili;;adjektiivi;5
intiimi;;adjektiivi;5
irrationaali;;adjektiivi;5
joviaali;;adjektiivi;5
jämpti;;adjektiivi;5
jämtti;;adjektiivi;5
karski;;adjektiivi;5
kasuaali;;adjektiivi;5
kompakti;;adjektiivi;5
korni;;adjektiivi;5
korrekti;;adjektiivi;5
košer;;adjektiivi;5
kosher;;adjektiivi;5
kraavi;;adjektiivi;5
kreisi;;adjektiivi;5
kretliini;;adjektiivi;5
krouvi;2;adjektiivi;5
kulturelli;;adjektiivi;5
labiili;;adjektiivi;5
legitiimi;;adjektiivi;5
likvidi;;adjektiivi;5
lojaali;;adjektiivi;5
makaaberi;;adjektiivi;5
maligni;;adjektiivi;5
moderni;;adjektiivi;5
muli;;adjektiivi;5
myrtsi;;adjektiivi;5
mölli;;adjektiivi;5
nafti;;adjektiivi;5
naiivi;;adjektiivi;5
non-iron;;adjektiivi;5
non-woven;;adjektiivi;5
obeesi;;adjektiivi;5
paranoidi;;adjektiivi;5
permeaabeli;;adjektiivi;5
pernisioosi;;adjektiivi;5
pernisiöösi;;adjektiivi;5
perverssi;;adjektiivi;5
pihi;;adjektiivi;5
pilipali;;adjektiivi;5
pittoreski;;adjektiivi;5
pompöösi;;adjektiivi;5
populaari;;adjektiivi;5
populääri;;adjektiivi;5
primaari;;adjektiivi;5
primääri;;adjektiivi;5
profaani;;adjektiivi;5
puli;2;adjektiivi;5
pöpi;;adjektiivi;5
retliini;;adjektiivi;5
riskaabeli;;adjektiivi;5
riski;2;adjektiivi;5
robusti;;adjektiivi;5
roisi;;adjektiivi;5
ronski;;adjektiivi;5
räävi;;adjektiivi;5
sekulaari;;adjektiivi;5
sekundaari;;adjektiivi;5
sekundääri;;adjektiivi;5
sensuelli;;adjektiivi;5
sentimentaali;;adjektiivi;5
siisti;;adjektiivi;5
solidi;;adjektiivi;5
spesifi;;adjektiivi;5
spirituelli;;adjektiivi;5
staili;;adjektiivi;5
stydi;;adjektiivi;5
sutki;;adjektiivi;5
suvereeni;;adjektiivi;5
triviaali;;adjektiivi;5
turski;;adjektiivi;5
validi;;adjektiivi;5
vari;2;adjektiivi;5
viriili;;adjektiivi;5
vissi;;adjektiivi;5
vulgaari;;adjektiivi;5
vulgääri;;adjektiivi;5
väärti;;adjektiivi;5
abstrakti;;adjektiivi, substantiivi;5
burleski;;adjektiivi, substantiivi;5
groteski;;adjektiivi, substantiivi;5
intellektuelli;;adjektiivi, substantiivi;5
jäävi;;adjektiivi, substantiivi;5
klani;;adjektiivi, substantiivi;5
kultturelli;;adjektiivi, substantiivi;5
maksi;;adjektiivi, substantiivi;5
midi;1;adjektiivi, substantiivi;5
mini;;adjektiivi, substantiivi;5
multippeli;;adjektiivi, substantiivi;5
nami;;adjektiivi, substantiivi;5
natiivi;;adjektiivi, substantiivi;5
oranssi;;adjektiivi, substantiivi;5
originelli;;adjektiivi, substantiivi;5
pipi;;adjektiivi, substantiivi;5
prepaid;;adjektiivi, substantiivi;5
radikaali;;adjektiivi, substantiivi;5
simultaani;;adjektiivi, substantiivi;5
snadi;;adjektiivi, substantiivi;5
timmi;;adjektiivi, substantiivi;5
universaali;;adjektiivi, substantiivi;5
villi;;adjektiivi, substantiivi;5
bänks;;adverbi, substantiivi;5
stop;;interjektio;5
miljardi;;numeraali;5
aari;;substantiivi;5
aasi;;substantiivi;5
aatami;;substantiivi;5
abachi;;substantiivi;5
abassi;;substantiivi;5
abessiivi;;substantiivi;5
abhaasi;;substantiivi;5
abi;;substantiivi;5
ablatiivi;;substantiivi;5
ableismi;;substantiivi;5
aborigiini;;substantiivi;5
aboriginaali;;substantiivi;5
absessi;;substantiivi;5
absidi;;substantiivi;5
absolutismi;;substantiivi;5
absolutisti;;substantiivi;5
abstinenssi;;substantiivi;5
addikti;;substantiivi;5
adessiivi;;substantiivi;5
adjektiivi;;substantiivi;5
adrenaliini;;substantiivi;5
adressi;;substantiivi;5
adventismi;;substantiivi;5
adventisti;;substantiivi;5
adverbi;;substantiivi;5
adverbiaali;;substantiivi;5
aerobic;;substantiivi;5
aerosoli;;substantiivi;5
affekti;;substantiivi;5
afgaani;;substantiivi;5
aforismi;;substantiivi;5
afrikaans;;substantiivi;5
afrikandi;;substantiivi;5
afääri;;substantiivi;5
agentuuri;;substantiivi;5
agnostisismi;;substantiivi;5
agrologi;;substantiivi;5
agronomi;;substantiivi;5
aids;;substantiivi;5
ainereaali;;substantiivi;5
airopari;;substantiivi;5
airsoft;;substantiivi;5
aisapari;;substantiivi;5
aisti;;substantiivi;5
ajatollah;;substantiivi;5
akkusatiivi;;substantiivi;5
akordi;;substantiivi;5
akronyymi;;substantiivi;5
aksepti;;substantiivi;5
aksiomi;;substantiivi;5
akti;;substantiivi;5
aktivismi;;substantiivi;5
aktivisti;;substantiivi;5
aktuaari;;substantiivi;5
akvamariini;;substantiivi;5
akvarelli;;substantiivi;5
akvaristi;;substantiivi;5
aladobi;;substantiivi;5
albatrossi;;substantiivi;5
albinismi;;substantiivi;5
albumiini;;substantiivi;5
alennushalli;;substantiivi;5
algoritmi;;substantiivi;5
alibi;;substantiivi;5
alkaloidi;;substantiivi;5
alkemisti;;substantiivi;5
alkoholi;;substantiivi;5
alkoholismi;;substantiivi;5
alkoholisti;;substantiivi;5
alkometri;;substantiivi;5
alkovi;;substantiivi;5
alkydi;;substantiivi;5
alkydimaali;;substantiivi;5
allasbaari;;substantiivi;5
allatiivi;;substantiivi;5
alleeli;;substantiivi;5
allergeeni;;substantiivi;5
alli;1;substantiivi;5
alli;2;substantiivi;5
allianssi;;substantiivi;5
alpinismi;;substantiivi;5
alpinisti;;substantiivi;5
altisti;;substantiivi;5
altruismi;;substantiivi;5
altruisti;;substantiivi;5
alumiini;;substantiivi;5
alvi;;substantiivi;5
amalgaami;;substantiivi;5
amanuenssi;;substantiivi;5
amatsoni;;substantiivi;5
amatööri;;substantiivi;5
ambivalenssi;;substantiivi;5
ambulanssi;;substantiivi;5
ametisti;;substantiivi;5
amfetamiini;;substantiivi;5
amiraali;;substantiivi;5
amissi;;substantiivi;5
ammoniumkloridi;;substantiivi;5
amok;;substantiivi;5
amoriini;;substantiivi;5
amplitudi;;substantiivi;5
ampulli;;substantiivi;5
anaboli;;substantiivi;5
anafylaksi;;substantiivi;5
anagrammi;;substantiivi;5
anakronismi;;substantiivi;5
analyysi;;substantiivi;5
anamneesi;;substantiivi;5
anarkismi;;substantiivi;5
anarkisti;;substantiivi;5
anatomi;;substantiivi;5
androgeeni;;substantiivi;5
androgyyni;;substantiivi;5
androidi;;substantiivi;5
andrologi;;substantiivi;5
andropaussi;;substantiivi;5
anestesiologi;;substantiivi;5
anglismi;;substantiivi;5
anglisti;;substantiivi;5
anglosaksi;;substantiivi;5
angsti;;substantiivi;5
aniliini;;substantiivi;5
animismi;;substantiivi;5
anioni;;substantiivi;5
anniskelupassi;;substantiivi;5
anodi;;substantiivi;5
ansatsi;;substantiivi;5
antagonismi;;substantiivi;5
antagonisti;;substantiivi;5
antasidi;;substantiivi;5
antidepressiivi;;substantiivi;5
antigeeni;;substantiivi;5
antimoni;;substantiivi;5
antisemitismi;;substantiivi;5
antisemitisti;;substantiivi;5
antisepti;;substantiivi;5
antropologi;;substantiivi;5
antroposofi;;substantiivi;5
apartheid;;substantiivi;5
apassi;;substantiivi;5
aperitiivi;;substantiivi;5
aplodi;;substantiivi;5
apokalypsi;;substantiivi;5
apokryfi;;substantiivi;5
apoptoosi;;substantiivi;5
apostoli;;substantiivi;5
appellatiivi;;substantiivi;5
appelsiini;;substantiivi;5
appsi;;substantiivi;5
aprikoosi;;substantiivi;5
apsi;;substantiivi;5
arabeski;;substantiivi;5
arabi;;substantiivi;5
arabisti;;substantiivi;5
arboretum;;substantiivi;5
arborioriisi;;substantiivi;5
arboristi;;substantiivi;5
arbuusi;;substantiivi;5
aresti;;substantiivi;5
argon;;substantiivi;5
arkaismi;;substantiivi;5
arkeologi;;substantiivi;5
arkeoni;;substantiivi;5
arkkiatri;;substantiivi;5
arkkitehtuuri;;substantiivi;5
armagnac;;substantiivi;5
aromi;;substantiivi;5
arroganssi;;substantiivi;5
arsenaali;;substantiivi;5
artefakti;;substantiivi;5
artenomi;;substantiivi;5
arterioskleroosi;;substantiivi;5
artesaani;;substantiivi;5
artisti;;substantiivi;5
artroosi;;substantiivi;5
arvoposti;;substantiivi;5
asbesti;;substantiivi;5
asbestoosi;;substantiivi;5
aseksuaali;;substantiivi;5
asetaldehydi;;substantiivi;5
asetoni;;substantiivi;5
asetyleeni;;substantiivi;5
asiamiesposti;;substantiivi;5
asidoosi;;substantiivi;5
askeesi;;substantiivi;5
asketismi;;substantiivi;5
aski;;substantiivi;5
aspartaami;;substantiivi;5
aspekti;;substantiivi;5
aspi;;substantiivi;5
assemblaasi;;substantiivi;5
assistentuuri;;substantiivi;5
assyriologi;;substantiivi;5
astatiini;;substantiivi;5
asteriski;;substantiivi;5
asteroidi;;substantiivi;5
astrakaani;;substantiivi;5
astrologi;;substantiivi;5
astronomi;;substantiivi;5
atamaani;;substantiivi;5
atavismi;;substantiivi;5
ateismi;;substantiivi;5
ateisti;;substantiivi;5
atmosfääri;;substantiivi;5
atomismi;;substantiivi;5
atrium;;substantiivi;5
aubergiini;;substantiivi;5
audienssi;;substantiivi;5
audiofiili;;substantiivi;5
audionomi;;substantiivi;5
au pair;;substantiivi;5
aurinkokeratoosi;;substantiivi;5
aussi;;substantiivi;5
autismi;;substantiivi;5
autoklaavi;;substantiivi;5
autosomi;;substantiivi;5
avantgardismi;;substantiivi;5
avantgardisti;;substantiivi;5
avausmaali;;substantiivi;5
AVI;;substantiivi;5
aviisi;;substantiivi;5
aviopari;;substantiivi;5
avopari;;substantiivi;5
avorioriisi;;substantiivi;5
baari;1;substantiivi;5
baari;2;substantiivi;5
bagatelli;;substantiivi;5
bakkanaali;;substantiivi;5
bakteriofagi;;substantiivi;5
balanssi;;substantiivi;5
balladi;;substantiivi;5
banderolli;;substantiivi;5
bantustan;;substantiivi;5
baptismi;;substantiivi;5
baptisti;;substantiivi;5
barbarismi;;substantiivi;5
barbi;;substantiivi;5
bardi;;substantiivi;5
baritoni;;substantiivi;5
barium;;substantiivi;5
barometri;;substantiivi;5
barrikadi;;substantiivi;5
barytoni;;substantiivi;5
baseball;;substantiivi;5
basisti;;substantiivi;5
baski;;substantiivi;5
basmatiriisi;;substantiivi;5
bastardi;;substantiivi;5
bastioni;;substantiivi;5
batisti;;substantiivi;5
baudi;;substantiivi;5
beat;;substantiivi;5
beatbox;;substantiivi;5
beatboxing;;substantiivi;5
beaujolaisviini;;substantiivi;5
beauty box;;substantiivi;5
bebop;;substantiivi;5
becquerel;;substantiivi;5
bed and breakfast;;substantiivi;5
beduiini;;substantiivi;5
behaviorismi;;substantiivi;5
behavioristi;;substantiivi;5
beibi;;substantiivi;5
benchmarking;;substantiivi;5
benediktiini;;substantiivi;5
bentseeni;;substantiivi;5
bentsodiatsepiini;;substantiivi;5
berylli;;substantiivi;5
beryllium;;substantiivi;5
bestman;;substantiivi;5
bibliofiili;;substantiivi;5
bibliografi;;substantiivi;5
biennaali;;substantiivi;5
bigband;;substantiivi;5
biisi;;substantiivi;5
biitsi;;substantiivi;5
bilanssi;;substantiivi;5
bimetallismi;;substantiivi;5
binomi;;substantiivi;5
biografi;;substantiivi;5
biokenoosi;;substantiivi;5
biologi;;substantiivi;5
biomi;;substantiivi;5
biosfääri;;substantiivi;5
biseksuaali;;substantiivi;5
bismarck;;substantiivi;5
bitcoin;;substantiivi;5
blini;;substantiivi;5
blogi;;substantiivi;5
blogisti;;substantiivi;5
blondi;;substantiivi;5
blues;;substantiivi;5
bluffi;;substantiivi;5
bodi;;substantiivi;5
bodybuilding;;substantiivi;5
body stocking;;substantiivi;5
boksi;1;substantiivi;5
boksi;2;substantiivi;5
bolsevismi;;substantiivi;5
bolševismi;;substantiivi;5
booli;;substantiivi;5
boomi;;substantiivi;5
boordi;;substantiivi;5
boori;;substantiivi;5
bootsi;;substantiivi;5
bordeauxviini;;substantiivi;5
bordelli;;substantiivi;5
bordyyri;;substantiivi;5
borrelioosi;;substantiivi;5
borssi;;substantiivi;5
borštš;;substantiivi;5
bosniakki;;substantiivi;5
botanisti;;substantiivi;5
botuliini;;substantiivi;5
botulismi;;substantiivi;5
bourgogneviini;;substantiivi;5
boyfriend;;substantiivi;5
braatvursti;;substantiivi;5
brahmanismi;;substantiivi;5
brandi;;substantiivi;5
brassi;;substantiivi;5
brigadööri;;substantiivi;5
briiffi;;substantiivi;5
briossi;;substantiivi;5
brodyyri;;substantiivi;5
broidi;;substantiivi;5
brokadi;;substantiivi;5
bromi;;substantiivi;5
brosyyri;;substantiivi;5
brunch;;substantiivi;5
brunssi;;substantiivi;5
brutalismi;;substantiivi;5
brändi;;substantiivi;5
buddhismi;;substantiivi;5
bugi;;substantiivi;5
bulevardi;;substantiivi;5
bulldoggi;;substantiivi;5
bumerangi;;substantiivi;5
bungalow;;substantiivi;5
buprenorfiini;;substantiivi;5
burnout;;substantiivi;5
business;;substantiivi;5
busmanni;;substantiivi;5
bušmanni;;substantiivi;5
bussi;;substantiivi;5
butaani;;substantiivi;5
buumi;;substantiivi;5
buuri;;substantiivi;5
buutsi;;substantiivi;5
bändi;;substantiivi;5
bänksit;;substantiivi;5
börek;;substantiivi;5
calvados;;substantiivi;5
camembert;;substantiivi;5
camp;;substantiivi;5
camping;;substantiivi;5
cancan;;substantiivi;5
cannelloni;;substantiivi;5
caprit;;substantiivi;5
catering;;substantiivi;5
catwalk;;substantiivi;5
CD-ROM;;substantiivi;5
cesium;;substantiivi;5
chapati;;substantiivi;5
charleston;;substantiivi;5
charmi;;substantiivi;5
charmööri;;substantiivi;5
chat;;substantiivi;5
chateaubriand;;substantiivi;5
châteauviini;;substantiivi;5
cheddar;;substantiivi;5
cheerleading;;substantiivi;5
chianti;;substantiivi;5
chiantiviini;;substantiivi;5
chili;;substantiivi;5
chips;;substantiivi;5
citykani;;substantiivi;5
clearing;;substantiivi;5
cocktail;;substantiivi;5
comeback;;substantiivi;5
copyright;;substantiivi;5
coulibiac;;substantiivi;5
coulombi;;substantiivi;5
couscous;;substantiivi;5
crack;;substantiivi;5
crème caramel;;substantiivi;5
croissant;;substantiivi;5
crossfit;;substantiivi;5
cup;;substantiivi;5
curling;;substantiivi;5
daami;;substantiivi;5
dadaismi;;substantiivi;5
dadaisti;;substantiivi;5
damaski;;substantiivi;5
damasti;;substantiivi;5
dari;;substantiivi;5
darts;;substantiivi;5
darvinismi;;substantiivi;5
darwinismi;;substantiivi;5
darvinisti;;substantiivi;5
darwinisti;;substantiivi;5
datanomi;;substantiivi;5
datiivi;;substantiivi;5
debentuuri;;substantiivi;5
debet;;substantiivi;5
defenssi;;substantiivi;5
deismi;;substantiivi;5
deisti;;substantiivi;5
dekadenssi;;substantiivi;5
dekkaristi;;substantiivi;5
deli;;substantiivi;5
delirium;;substantiivi;5
demagogi;;substantiivi;5
deminutiivi;;substantiivi;5
demografi;;substantiivi;5
demoni;;substantiivi;5
dendrologi;;substantiivi;5
denier;;substantiivi;5
denimi;;substantiivi;5
dermatologi;;substantiivi;5
dervissi;;substantiivi;5
desi;;substantiivi;5
desibeli;;substantiivi;5
design;;substantiivi;5
desimaali;;substantiivi;5
desktop publishing;;substantiivi;5
despotismi;;substantiivi;5
determinismi;;substantiivi;5
deuterium;;substantiivi;5
diadeemi;;substantiivi;5
diagnoosi;;substantiivi;5
diagonaali;;substantiivi;5
diagrammi;;substantiivi;5
dialogi;;substantiivi;5
dialyysi;;substantiivi;5
diatsepaami;;substantiivi;5
differentiaali;;substantiivi;5
diftongi;;substantiivi;5
digestiivi;;substantiivi;5
digiboksi;;substantiivi;5
diili;;substantiivi;5
diktatuuri;;substantiivi;5
diletantismi;;substantiivi;5
diminutiivi;;substantiivi;5
diodi;;substantiivi;5
dioksiini;;substantiivi;5
diplomaattipassi;;substantiivi;5
diplomaattiposti;;substantiivi;5
diplomi;;substantiivi;5
dipoli;;substantiivi;5
director musices;;substantiivi;5
direktiivi;;substantiivi;5
diskurssi;;substantiivi;5
dissonanssi;;substantiivi;5
distikon;;substantiivi;5
disulfiraami;;substantiivi;5
divergenssi;;substantiivi;5
dixieland;;substantiivi;5
dobermanni;;substantiivi;5
dogmi;;substantiivi;5
doktriini;;substantiivi;5
dokumentaristi;;substantiivi;5
dominanssi;;substantiivi;5
dominikaani;;substantiivi;5
donitsi;;substantiivi;5
dopamiini;;substantiivi;5
doping;;substantiivi;5
dosentuuri;;substantiivi;5
dosimetri;;substantiivi;5
downshifting;;substantiivi;5
drag queen;;substantiivi;5
drag racing;;substantiivi;5
draivi;;substantiivi;5
dramaturgi;;substantiivi;5
dreeni;;substantiivi;5
drilli;;substantiivi;5
drive-in;;substantiivi;5
dromedaari;;substantiivi;5
drooni;;substantiivi;5
druidi;;substantiivi;5
druusi;;substantiivi;5
dualismi;;substantiivi;5
dumping;;substantiivi;5
duopoli;;substantiivi;5
duralumiini;;substantiivi;5
duuni;;substantiivi;5
duuri;;substantiivi;5
dynamometri;;substantiivi;5
dysfemismi;;substantiivi;5
dyyni;;substantiivi;5
edelweiss;;substantiivi;5
edikti;;substantiivi;5
editori;;substantiivi;5
eebenholtsi;;substantiivi;5
eeden;;substantiivi;5
eesti;;substantiivi;5
efedriini;;substantiivi;5
efekti;;substantiivi;5
egoismi;;substantiivi;5
egoisti;;substantiivi;5
egyptologi;;substantiivi;5
ehtoollisviini;;substantiivi;5
eklektismi;;substantiivi;5
ekologi;;substantiivi;5
ekonomi;;substantiivi;5
ekonomisti;;substantiivi;5
eksemplaari;;substantiivi;5
ekshibitionismi;;substantiivi;5
ekshibitionisti;;substantiivi;5
eksistenssi;;substantiivi;5
eksistentialismi;;substantiivi;5
eksistentialisti;;substantiivi;5
ekskurssi;;substantiivi;5
eksosfääri;;substantiivi;5
ekspressionismi;;substantiivi;5
ekspressionisti;;substantiivi;5
ekstaasi;;substantiivi;5
ekstrakti;;substantiivi;5
ekstranet;;substantiivi;5
ekstremismi;;substantiivi;5
ekstremisti;;substantiivi;5
ekvivalenssi;;substantiivi;5
elastaani;;substantiivi;5
elatiivi;;substantiivi;5
elefantiaasi;;substantiivi;5
eleganssi;;substantiivi;5
elektrodi;;substantiivi;5
elektroenkefalogrammi;;substantiivi;5
elektrokardiogrammi;;substantiivi;5
elektrolyysi;;substantiivi;5
elektroni;;substantiivi;5
eliksiiri;;substantiivi;5
elitismi;;substantiivi;5
elitisti;;substantiivi;5
ellipsi;;substantiivi;5
emalimaali;;substantiivi;5
embleemi;;substantiivi;5
embryologi;;substantiivi;5
emi;;substantiivi;5
eminenssi;;substantiivi;5
emmentaali;;substantiivi;5
emmental;;substantiivi;5
empirismi;;substantiivi;5
empiristi;;substantiivi;5
empowerment;;substantiivi;5
emulsiomaali;;substantiivi;5
endiivi;;substantiivi;5
endometrioosi;;substantiivi;5
endorfiini;;substantiivi;5
engelsmanni;;substantiivi;5
engrammi;;substantiivi;5
enologi;;substantiivi;5
entusiasmi;;substantiivi;5
entusiasti;;substantiivi;5
epidemiologi;;substantiivi;5
epidermi;;substantiivi;5
epigrammi;;substantiivi;5
epikriisi;;substantiivi;5
epilogi;;substantiivi;5
episodi;;substantiivi;5
epiteeli;;substantiivi;5
epoksimaali;;substantiivi;5
epsilon;;substantiivi;5
ergometri;;substantiivi;5
erotomaani;;substantiivi;5
erytropoietiini;;substantiivi;5
esanssi;;substantiivi;5
eskapismi;;substantiivi;5
eskapisti;;substantiivi;5
esperantisti;;substantiivi;5
esplanadi;;substantiivi;5
esseisti;;substantiivi;5
essiivi;;substantiivi;5
establishment;;substantiivi;5
estenomi;;substantiivi;5
estradi;;substantiivi;5
estrogeeni;;substantiivi;5
etaani;;substantiivi;5
etanaposti;;substantiivi;5
etanoli;;substantiivi;5
eteeni;;substantiivi;5
eteishalli;;substantiivi;5
etnografi;;substantiivi;5
etnologi;;substantiivi;5
etruski;;substantiivi;5
etydi;;substantiivi;5
etyleeni;;substantiivi;5
etyyni;;substantiivi;5
eufemismi;;substantiivi;5
euribor;;substantiivi;5
eurosentrismi;;substantiivi;5
evankeliumi;;substantiivi;5
evergreen;;substantiivi;5
eversti;;substantiivi;5
evidenssi;;substantiivi;5
faasi;;substantiivi;5
factoring;;substantiivi;5
fagotisti;;substantiivi;5
fajanssi;;substantiivi;5
faksi;;substantiivi;5
falafel;;substantiivi;5
falangi;;substantiivi;5
falangisti;;substantiivi;5
fan;;substantiivi;5
fanatismi;;substantiivi;5
fan club;;substantiivi;5
fani;;substantiivi;5
faradi;;substantiivi;5
farmanomi;;substantiivi;5
farmi;;substantiivi;5
farsi;;substantiivi;5
farssi;;substantiivi;5
fasadi;;substantiivi;5
fasismi;;substantiivi;5
fasisti;;substantiivi;5
fast food;;substantiivi;5
fatalismi;;substantiivi;5
fatalisti;;substantiivi;5
fatsi;;substantiivi;5
fauni;;substantiivi;5
federalismi;;substantiivi;5
feedback;;substantiivi;5
feeniks;;substantiivi;5
feminiini;;substantiivi;5
feminismi;;substantiivi;5
feministi;;substantiivi;5
fenkoli;1;substantiivi;5
fenkoli;2;substantiivi;5
fennismi;;substantiivi;5
fennisti;;substantiivi;5
fennofiili;;substantiivi;5
fennomaani;;substantiivi;5
fennougristi;;substantiivi;5
fenoli;;substantiivi;5
feodalismi;;substantiivi;5
feresi;;substantiivi;5
feromoni;;substantiivi;5
ferrioksidi;;substantiivi;5
ferritiini;;substantiivi;5
ferrokloridi;;substantiivi;5
festivaali;;substantiivi;5
fetisismi;;substantiivi;5
fetisisti;;substantiivi;5
fetissi;;substantiivi;5
fetsi;;substantiivi;5
fibriini;;substantiivi;5
figuriini;;substantiivi;5
fiksatiivi;;substantiivi;5
filatelisti;;substantiivi;5
filigraani;;substantiivi;5
filmi;;substantiivi;5
filologi;;substantiivi;5
filosofi;;substantiivi;5
fimoosi;;substantiivi;5
finalisti;;substantiivi;5
finanssit;;substantiivi;5
finessi;;substantiivi;5
fingerpori;;substantiivi;5
finlandismi;;substantiivi;5
finni;;substantiivi;5
fitness;;substantiivi;5
flaami;;substantiivi;5
flaksi;;substantiivi;5
flavonoidi;;substantiivi;5
fleksi;;substantiivi;5
fliisi;;substantiivi;5
floksi;;substantiivi;5
floristi;;substantiivi;5
fluoresenssi;;substantiivi;5
fluori;;substantiivi;5
foksi;;substantiivi;5
folk;;substantiivi;5
folkloristi;;substantiivi;5
follikkeli;;substantiivi;5
fondant;;substantiivi;5
fondi;;substantiivi;5
foniatri;;substantiivi;5
fontanelli;;substantiivi;5
forelli;;substantiivi;5
formaldehydi;;substantiivi;5
formaliini;;substantiivi;5
formalismi;;substantiivi;5
formalisti;;substantiivi;5
fosforesenssi;;substantiivi;5
fosfori;;substantiivi;5
foxtrot;;substantiivi;5
fraasi;;substantiivi;5
franchising;;substantiivi;5
frangi;;substantiivi;5
franseesi;;substantiivi;5
fransiskaani;;substantiivi;5
frekvenssi;;substantiivi;5
frendi;;substantiivi;5
freoni;;substantiivi;5
friisi;1;substantiivi;5
friisi;2;substantiivi;5
frikadelli;;substantiivi;5
fruktoosi;;substantiivi;5
fuksi;;substantiivi;5
fullereeni;;substantiivi;5
fundamentalismi;;substantiivi;5
fundamentalisti;;substantiivi;5
funikulaari;;substantiivi;5
funk;;substantiivi;5
funktionaali;;substantiivi;5
funktionalismi;;substantiivi;5
fusilli;;substantiivi;5
futsal;;substantiivi;5
futurismi;;substantiivi;5
futurologi;;substantiivi;5
fylli;;substantiivi;5
fylogeneesi;;substantiivi;5
fysiatri;;substantiivi;5
fysiologi;;substantiivi;5
fytonomi;;substantiivi;5
fääri;;substantiivi;5
föhn;;substantiivi;5
fööni;;substantiivi;5
gabardiini;;substantiivi;5
gaeli;;substantiivi;5
galaksi;;substantiivi;5
galantiini;;substantiivi;5
galleristi;;substantiivi;5
gammaglobuliini;;substantiivi;5
gangsterismi;;substantiivi;5
garderobi;;substantiivi;5
gari;;substantiivi;5
garnityyri;;substantiivi;5
gasti;;substantiivi;5
gastroenterologi;;substantiivi;5
gastronomi;;substantiivi;5
gaullismi;;substantiivi;5
gaullisti;;substantiivi;5
geeli;;substantiivi;5
geeni;;substantiivi;5
geimit;;substantiivi;5
geisir;;substantiivi;5
gelatiini;;substantiivi;5
gemmologi;;substantiivi;5
gemssi;;substantiivi;5
genetiivi;;substantiivi;5
genever;;substantiivi;5
genitaali;;substantiivi;5
genomi;;substantiivi;5
gentlemanni;;substantiivi;5
geologi;;substantiivi;5
gepardi;;substantiivi;5
gerbiili;;substantiivi;5
geriatri;;substantiivi;5
germanisti;;substantiivi;5
geronomi;;substantiivi;5
geysir;;substantiivi;5
giardiaasi;;substantiivi;5
giljotiini;;substantiivi;5
gin;;substantiivi;5
gini;;substantiivi;5
glamour;;substantiivi;5
glasnost;;substantiivi;5
glencheck;;substantiivi;5
gluoni;;substantiivi;5
gluteeni;;substantiivi;5
glykoli;;substantiivi;5
glyseriini;;substantiivi;5
glyseroli;;substantiivi;5
glögi;;substantiivi;5
gneissi;;substantiivi;5
gnocchi;;substantiivi;5
gnostisismi;;substantiivi;5
gobeliini;;substantiivi;5
golf;;substantiivi;5
gondolieeri;;substantiivi;5
gonggongi;;substantiivi;5
gongi;;substantiivi;5
goodwill;;substantiivi;5
gooni;1;substantiivi;5
gooni;2;substantiivi;5
gospel;;substantiivi;5
grafeeni;;substantiivi;5
graffiti;;substantiivi;5
graffitisti;;substantiivi;5
grafologi;;substantiivi;5
grahamkeksi;;substantiivi;5
gramofoni;;substantiivi;5
gratisti;;substantiivi;5
grenadiini;;substantiivi;5
griini;;substantiivi;5
grilli;;substantiivi;5
grogi;;substantiivi;5
grooming;;substantiivi;5
guassi;;substantiivi;5
gulassi;;substantiivi;5
guldeni;;substantiivi;5
gynekologi;;substantiivi;5
gängi;;substantiivi;5
haamumaili;;substantiivi;5
haavi;;substantiivi;5
hadroni;;substantiivi;5
haili;;substantiivi;5
haisti;;substantiivi;5
haisuliini;;substantiivi;5
haitek;;substantiivi;5
hali;;substantiivi;5
halli;1;substantiivi;5
halli;2;substantiivi;5
hallitsijapari;;substantiivi;5
halloween;;substantiivi;5
hallusinogeeni;;substantiivi;5
halogeeni;;substantiivi;5
halssi;;substantiivi;5
hampurilaisbaari;;substantiivi;5
hanami;;substantiivi;5
handicap;;substantiivi;5
handout;;substantiivi;5
hankapari;;substantiivi;5
hanti;;substantiivi;5
hanttapuli;;substantiivi;5
hanuristi;;substantiivi;5
happening;;substantiivi;5
happy hour;;substantiivi;5
harakiri;;substantiivi;5
harlekiini;;substantiivi;5
harmi;;substantiivi;5
harmoni;;substantiivi;5
harpisti;;substantiivi;5
harri;;substantiivi;5
hartsi;;substantiivi;5
hasardi;;substantiivi;5
hashtag;;substantiivi;5
hassi;;substantiivi;5
hatchback;;substantiivi;5
hauli;;substantiivi;5
haupitsi;;substantiivi;5
headhunting;;substantiivi;5
hedelmäviini;;substantiivi;5
hedonismi;;substantiivi;5
hedonisti;;substantiivi;5
hegemoni;;substantiivi;5
hehkuviini;;substantiivi;5
hehtaarihalli;;substantiivi;5
heili;;substantiivi;5
heksaani;;substantiivi;5
heksaedri;;substantiivi;5
heksagoni;;substantiivi;5
heksaklorofeeni;;substantiivi;5
heksametri;;substantiivi;5
helibor;;substantiivi;5
helium;;substantiivi;5
hellenismi;;substantiivi;5
hellenisti;;substantiivi;5
helpdesk;;substantiivi;5
hemisfääri;;substantiivi;5
hemoglobiini;;substantiivi;5
hemorroidi;;substantiivi;5
hepariini;;substantiivi;5
hereford;;substantiivi;5
heroiini;;substantiivi;5
heroinisti;;substantiivi;5
heroismi;;substantiivi;5
hertsi;;substantiivi;5
herukkaviini;;substantiivi;5
heteroseksuaali;;substantiivi;5
hevi;;substantiivi;5
hevoskuuri;;substantiivi;5
hevospari;;substantiivi;5
hieroglyfi;;substantiivi;5
hifi;;substantiivi;5
hightech;;substantiivi;5
hi-hat;;substantiivi;5
hiilidioksidi;;substantiivi;5
hiilimonoksidi;;substantiivi;5
hiilitetrakloridi;;substantiivi;5
hijab;;substantiivi;5
hindi;;substantiivi;5
hinduismi;;substantiivi;5
hindustani;;substantiivi;5
hiphop;;substantiivi;5
hippodromi;;substantiivi;5
hirssi;;substantiivi;5
hirvipassi;;substantiivi;5
hissi;;substantiivi;5
histamiini;;substantiivi;5
histogrammi;;substantiivi;5
histologi;;substantiivi;5
hi-tec;;substantiivi;5
hi-tech;;substantiivi;5
hitsi;1;substantiivi;5
hitsi;2;substantiivi;5
hoki;;substantiivi;5
holismi;;substantiivi;5
holisti;;substantiivi;5
holli;;substantiivi;5
hologrammi;;substantiivi;5
holokausti;;substantiivi;5
holoseeni;;substantiivi;5
holvi;;substantiivi;5
homeostaasi;;substantiivi;5
homing;;substantiivi;5
hominidi;;substantiivi;5
homofiili;;substantiivi;5
homonyymi;;substantiivi;5
homopari;;substantiivi;5
homoseksuaali;;substantiivi;5
homoseksualismi;;substantiivi;5
homoseksualisti;;substantiivi;5
hopeamaali;;substantiivi;5
hormi;;substantiivi;5
hormoni;;substantiivi;5
horsti;;substantiivi;5
hortonomi;;substantiivi;5
hospitsi;;substantiivi;5
hotdog;;substantiivi;5
housuliivi;;substantiivi;5
housupari;;substantiivi;5
hovi;;substantiivi;5
huili;;substantiivi;5
huilisti;;substantiivi;5
huivi;;substantiivi;5
huki;;substantiivi;5
huligaani;;substantiivi;5
huliganismi;;substantiivi;5
hulivili;;substantiivi;5
humanismi;;substantiivi;5
humanisti;;substantiivi;5
humanoidi;;substantiivi;5
humidori;;substantiivi;5
humoreski;;substantiivi;5
humoristi;;substantiivi;5
humpuuki;;substantiivi;5
hunni;;substantiivi;5
huomioliivi;;substantiivi;5
huovi;;substantiivi;5
hurri;;substantiivi;5
hurrikaani;;substantiivi;5
hursti;;substantiivi;5
huuri;;substantiivi;5
huusholli;;substantiivi;5
huusi;;substantiivi;5
huussi;;substantiivi;5
huvi;;substantiivi;5
hybridi;;substantiivi;5
hydrobic;;substantiivi;5
hydroksidi;;substantiivi;5
hydroksyyli;;substantiivi;5
hydrosfääri;;substantiivi;5
hygieniapassi;;substantiivi;5
hygrometri;;substantiivi;5
hymen;;substantiivi;5
hymni;;substantiivi;5
hyperbeli;;substantiivi;5
hyperemeesi;;substantiivi;5
hypnologi;;substantiivi;5
hypnoosi;;substantiivi;5
hypotaksi;;substantiivi;5
hypoteesi;;substantiivi;5
hystereesi;;substantiivi;5
härdelli;;substantiivi;5
härkäpari;;substantiivi;5
hääpari;;substantiivi;5
häävalssi;;substantiivi;5
ibuprofeeni;;substantiivi;5
icing;;substantiivi;5
id;;substantiivi;5
ideaali;;substantiivi;5
idealismi;;substantiivi;5
idealisti;;substantiivi;5
ideologi;;substantiivi;5
idiolekti;;substantiivi;5
idiomi;;substantiivi;5
idylli;;substantiivi;5
igumeeni;;substantiivi;5
ihailijaposti;;substantiivi;5
ihomaali;;substantiivi;5
iiri;;substantiivi;5
ikonostaasi;;substantiivi;5
iktyologi;;substantiivi;5
iktyonomi;;substantiivi;5
illatiivi;;substantiivi;5
ilmamaali;;substantiivi;5
imaami;;substantiivi;5
impedanssi;;substantiivi;5
imperatiivi;;substantiivi;5
imperfekti;;substantiivi;5
imperialismi;;substantiivi;5
imperialisti;;substantiivi;5
imperiumi;;substantiivi;5
impotenssi;;substantiivi;5
impressaari;;substantiivi;5
impressionismi;;substantiivi;5
impressionisti;;substantiivi;5
impulssi;;substantiivi;5
indeksi;;substantiivi;5
indifferenssi;;substantiivi;5
indiisi;;substantiivi;5
indikatiivi;;substantiivi;5
indium;;substantiivi;5
individi;;substantiivi;5
individualismi;;substantiivi;5
individualisti;;substantiivi;5
induktanssi;;substantiivi;5
industrialismi;;substantiivi;5
inessiivi;;substantiivi;5
infantilismi;;substantiivi;5
infarkti;;substantiivi;5
infinitiivi;;substantiivi;5
informalismi;;substantiivi;5
informalisti;;substantiivi;5
ingressi;;substantiivi;5
inkivääri;;substantiivi;5
inkongruenssi;;substantiivi;5
inkontinenssi;;substantiivi;5
input;;substantiivi;5
insatsi;;substantiivi;5
insesti;;substantiivi;5
insidenssi;;substantiivi;5
insinööri;;substantiivi;5
inssi;;substantiivi;5
instanssi;;substantiivi;5
instruktiivi;;substantiivi;5
instrumentaali;;substantiivi;5
instrumentalisti;;substantiivi;5
insuffisienssi;;substantiivi;5
insuliini;;substantiivi;5
integraali;;substantiivi;5
intellektualismi;;substantiivi;5
intellektualisti;;substantiivi;5
intelligenssi;;substantiivi;5
intendentuuri;;substantiivi;5
interferenssi;;substantiivi;5
interferoni;;substantiivi;5
interiööri;;substantiivi;5
internationaali;;substantiivi;5
internationalismi;;substantiivi;5
internet;;substantiivi;5
intervalli;;substantiivi;5
intiaani;;substantiivi;5
intiaaniriisi;;substantiivi;5
intoleranssi;;substantiivi;5
intranet;;substantiivi;5
intressi;;substantiivi;5
intrigi;;substantiivi;5
invalidi;;substantiivi;5
invarianssi;;substantiivi;5
inventaari;;substantiivi;5
ionosfääri;;substantiivi;5
iridium;;substantiivi;5
irokeesi;;substantiivi;5
isi;;substantiivi;5
islam;;substantiivi;5
islamismi;;substantiivi;5
islamisti;;substantiivi;5
ismi;;substantiivi;5
isobaari;;substantiivi;5
isomeeri;;substantiivi;5
isotermi;;substantiivi;5
italianisti;;substantiivi;5
jaardi;;substantiivi;5
jaarli;;substantiivi;5
jacquard;;substantiivi;5
jaguaari;;substantiivi;5
jakardi;;substantiivi;5
jakitori;;substantiivi;5
jakobiini;;substantiivi;5
jalkapari;;substantiivi;5
jambi;;substantiivi;5
jamit;;substantiivi;5
jam session;;substantiivi;5
jamssi;;substantiivi;5
jang;;substantiivi;5
janitsaari;;substantiivi;5
japani;;substantiivi;5
japanismi;;substantiivi;5
japonismi;;substantiivi;5
japsi;;substantiivi;5
jargon;;substantiivi;5
jasmiini;;substantiivi;5
jasmiiniriisi;;substantiivi;5
jatsi;;substantiivi;5
jazz;;substantiivi;5
jengi;;substantiivi;5
jeni;;substantiivi;5
jenkkisiili;;substantiivi;5
jeremiadi;;substantiivi;5
jesidi;;substantiivi;5
jeti;;substantiivi;5
jet lag;;substantiivi;5
jet set;;substantiivi;5
jiddi;;substantiivi;5
jiddiš;;substantiivi;5
jigi;;substantiivi;5
jihad;;substantiivi;5
jihadismi;;substantiivi;5
jihadisti;;substantiivi;5
jiiri;;substantiivi;5
jin;;substantiivi;5
jobinposti;;substantiivi;5
jodi;;substantiivi;5
jodidi;;substantiivi;5
johtomaali;;substantiivi;5
jonglööri;;substantiivi;5
joogi;;substantiivi;5
jooli;;substantiivi;5
jopi;;substantiivi;5
joriini;;substantiivi;5
jouluposti;;substantiivi;5
journalismi;;substantiivi;5
journalisti;;substantiivi;5
joystick;;substantiivi;5
juan;;substantiivi;5
judogi;;substantiivi;5
jugend;;substantiivi;5
jugoslaavi;;substantiivi;5
jukeboksi;;substantiivi;5
jukebox;;substantiivi;5
julli;;substantiivi;5
jumi;1;substantiivi;5
jumi;2;substantiivi;5
jungmanni;;substantiivi;5
junior;;substantiivi;5
junk food;;substantiivi;5
juoppolalli;;substantiivi;5
jupik;;substantiivi;5
juristi;;substantiivi;5
jurri;;substantiivi;5
jussi;;substantiivi;5
‑jussi;;substantiivi;5
jälkiruokaviini;;substantiivi;5
jätski;;substantiivi;5
jäähalli;;substantiivi;5
jäännöspari;;substantiivi;5
jäätelöbaari;;substantiivi;5
jööti;;substantiivi;5
kaali;;substantiivi;5
kaalirapi;;substantiivi;5
kaarti;;substantiivi;5
kabbalisti;;substantiivi;5
kabotaasi;;substantiivi;5
kabuki;;substantiivi;5
kadenssi;;substantiivi;5
kadmium;;substantiivi;5
kahvi;;substantiivi;5
kahvibaari;;substantiivi;5
kahvikuppipari;;substantiivi;5
kaimaani;;substantiivi;5
kajaali;;substantiivi;5
kajal;;substantiivi;5
kaki;;substantiivi;5
kakluuni;;substantiivi;5
kaksospari;;substantiivi;5
kalaasi;;substantiivi;5
kalahalli;;substantiivi;5
kali;;substantiivi;5
kalifi;;substantiivi;5
kaliiberi;;substantiivi;5
kaliiperi;;substantiivi;5
kalium;;substantiivi;5
kaljaasi;;substantiivi;5
kaljabaari;;substantiivi;5
kalkkimaali;;substantiivi;5
kalkyyli;;substantiivi;5
kalopsi;;substantiivi;5
kalorimetri;;substantiivi;5
kalossi;;substantiivi;5
kalsedoni;;substantiivi;5
kalsium;;substantiivi;5
kalsiumkloridi;;substantiivi;5
kalvinismi;;substantiivi;5
kalvinisti;;substantiivi;5
kambri;;substantiivi;5
kandi;;substantiivi;5
kani;1;substantiivi;5
kani;2;substantiivi;5
kannabinoidi;;substantiivi;5
kanneloni;;substantiivi;5
kannibaali;;substantiivi;5
kannibalismi;;substantiivi;5
kanotisti;;substantiivi;5
kanslisti;;substantiivi;5
kantarelli;;substantiivi;5
kantri;;substantiivi;5
kanttarelli;;substantiivi;5
kanvaasi;;substantiivi;5
kanveesi;;substantiivi;5
kanyyli;;substantiivi;5
kaoliini;;substantiivi;5
kapasitanssi;;substantiivi;5
kapi;;substantiivi;5
kapillaari;;substantiivi;5
kapitaali;;substantiivi;5
kapitalismi;;substantiivi;5
kapitalisti;;substantiivi;5
kapiteeli;;substantiivi;5
kapituli;;substantiivi;5
kapriisi;;substantiivi;5
kapsaisiini;;substantiivi;5
kapsyyli;;substantiivi;5
kapusiini;;substantiivi;5
karabiini;;substantiivi;5
karabinieeri;;substantiivi;5
karahvi;;substantiivi;5
karahviviini;;substantiivi;5
karaktääri;;substantiivi;5
karamelli;;substantiivi;5
karanteeni;;substantiivi;5
karaokebaari;;substantiivi;5
karavaani;;substantiivi;5
karbidi;;substantiivi;5
karbiini;;substantiivi;5
kardaani;;substantiivi;5
kardinaali;;substantiivi;5
kardiologi;;substantiivi;5
karelianismi;;substantiivi;5
karenssi;;substantiivi;5
kari;;substantiivi;5
karikatyyri;;substantiivi;5
karmi;;substantiivi;5
karneoli;;substantiivi;5
karnevaali;;substantiivi;5
karnevalismi;;substantiivi;5
karoliini;;substantiivi;5
karolingi;;substantiivi;5
karoteeni;;substantiivi;5
karri;;substantiivi;5
karrieeri;;substantiivi;5
karrieristi;;substantiivi;5
karrikatyyri;;substantiivi;5
karriääri;;substantiivi;5
karsinogeeni;;substantiivi;5
karsti;;substantiivi;5
kartelli;;substantiivi;5
karting;;substantiivi;5
kartogrammi;;substantiivi;5
kartusiaani;;substantiivi;5
karuselli;;substantiivi;5
kasarmi;;substantiivi;5
kaseiini;;substantiivi;5
kashmir;;substantiivi;5
kasi;;substantiivi;5
kašmir;;substantiivi;5
kašmiri;;substantiivi;5
kassi;;substantiivi;5
kastelli;;substantiivi;5
kasti;1;substantiivi;5
kasti;2;substantiivi;5
kasuaari;;substantiivi;5
kasuuni;;substantiivi;5
kasvi;;substantiivi;5
kat;;substantiivi;5
katakombi;;substantiivi;5
katalaani;;substantiivi;5
katalogi;;substantiivi;5
katalyysi;;substantiivi;5
katamaraani;;substantiivi;5
katarri;;substantiivi;5
katastrofi;;substantiivi;5
katedraali;;substantiivi;5
kateederi;;substantiivi;5
katetri;;substantiivi;5
kationi;;substantiivi;5
katodi;;substantiivi;5
katrilli;;substantiivi;5
katuralli;;substantiivi;5
kauppahalli;;substantiivi;5
kauppausanssi;;substantiivi;5
kavaljeeri;;substantiivi;5
kavalkadi;;substantiivi;5
kavennusmaali;;substantiivi;5
kaviaari;;substantiivi;5
kebab;;substantiivi;5
kefalosporiini;;substantiivi;5
kefiiri;;substantiivi;5
keilahalli;;substantiivi;5
keimit;;substantiivi;5
keisaripari;;substantiivi;5
keisi;;substantiivi;5
keissi;;substantiivi;5
kekri;;substantiivi;5
keksi;1;substantiivi;5
keksi;2;substantiivi;5
keli;;substantiivi;5
kelluntaliivi;;substantiivi;5
kelmi;;substantiivi;5
kelvin;;substantiivi;5
kemigrafi;;substantiivi;5
kemikaali;;substantiivi;5
kemisti;;substantiivi;5
kenkäpari;;substantiivi;5
kennel;;substantiivi;5
kenttäposti;;substantiivi;5
keratiini;;substantiivi;5
kermi;;substantiivi;5
kerni;;substantiivi;5
kerosiini;;substantiivi;5
kerubi;;substantiivi;5
keskikasti;;substantiivi;5
keskiolutbaari;;substantiivi;5
keskusdigiboksi;;substantiivi;5
kesti;;substantiivi;5
ketchup;;substantiivi;5
ketoni;;substantiivi;5
ketoosi;;substantiivi;5
ketoprofeeni;;substantiivi;5
ketsi;;substantiivi;5
khaki;;substantiivi;5
khat;;substantiivi;5
khmer;;substantiivi;5
kibbutsi;;substantiivi;5
kickboxing;;substantiivi;5
kicksit;;substantiivi;5
kiesit;;substantiivi;5
kihlapari;;substantiivi;5
kiiltomaali;;substantiivi;5
kiinaviini;;substantiivi;5
kiiri;;substantiivi;5
kiivi;;substantiivi;5
kiksit;;substantiivi;5
kili;;substantiivi;5
kiliasmi;;substantiivi;5
kiliasti;;substantiivi;5
kiltsi;;substantiivi;5
kimbri;;substantiivi;5
kimchi;;substantiivi;5
kimnaasi;;substantiivi;5
kimrööki;;substantiivi;5
kingi;;substantiivi;5
kiniini;;substantiivi;5
kinnaspari;;substantiivi;5
kioski;;substantiivi;5
kipsi;;substantiivi;5
kirahvi;;substantiivi;5
kirgiisi;;substantiivi;5
kiri;;substantiivi;5
kirjeposti;;substantiivi;5
kirkkoviini;;substantiivi;5
kirkkoväärti;;substantiivi;5
kirroosi;;substantiivi;5
kirsikkaviini;;substantiivi;5
kirurgi;;substantiivi;5
kiskopari;;substantiivi;5
kisälli;;substantiivi;5
kitaristi;;substantiivi;5
kitsch;;substantiivi;5
kitsi;1;substantiivi;5
kitsi;2;substantiivi;5
kiwi;;substantiivi;5
klaani;;substantiivi;5
klaavi;;substantiivi;5
klaffi;;substantiivi;5
klahvi;;substantiivi;5
klapi;;substantiivi;5
klarinetisti;;substantiivi;5
klassisismi;;substantiivi;5
klassismi;;substantiivi;5
klausuuli;;substantiivi;5
klementiini;;substantiivi;5
kleptomaani;;substantiivi;5
kliimaksi;;substantiivi;5
klimakterium;;substantiivi;5
klingon;;substantiivi;5
klipsi;;substantiivi;5
klooni;;substantiivi;5
kloori;;substantiivi;5
klorofylli;;substantiivi;5
kloroplasti;;substantiivi;5
klovni;;substantiivi;5
klubi;;substantiivi;5
knaapi;;substantiivi;5
knalli;;substantiivi;5
knesset;;substantiivi;5
knock-out;;substantiivi;5
knorri;;substantiivi;5
kodeiini;;substantiivi;5
kofeiini;;substantiivi;5
koherenssi;;substantiivi;5
koipeliini;;substantiivi;5
koirankeksi;;substantiivi;5
kokaiini;;substantiivi;5
kokainismi;;substantiivi;5
kokainisti;;substantiivi;5
kokardi;;substantiivi;5
koksi;;substantiivi;5
koktaili;;substantiivi;5
kolesteroli;;substantiivi;5
kolibri;;substantiivi;5
kollaasi;;substantiivi;5
kollageeni;;substantiivi;5
kollapsi;;substantiivi;5
kollektiivi;;substantiivi;5
kollektivismi;;substantiivi;5
kollektivisti;;substantiivi;5
kollektori;;substantiivi;5
kolli;1;substantiivi;5
kolli;2;substantiivi;5
kolloidi;;substantiivi;5
kollokviumi;;substantiivi;5
kolonialismi;;substantiivi;5
kolonialisti;;substantiivi;5
kolonni;;substantiivi;5
koloratuuri;;substantiivi;5
kolorismi;;substantiivi;5
koloristi;;substantiivi;5
kolossi;;substantiivi;5
kolumni;;substantiivi;5
kolumnisti;;substantiivi;5
kolvi;;substantiivi;5
komi;;substantiivi;5
komissaari;;substantiivi;5
komissionääri;;substantiivi;5
komitatiivi;;substantiivi;5
kommentaari;;substantiivi;5
kommodori;;substantiivi;5
kommunismi;;substantiivi;5
kommunisti;;substantiivi;5
komparatiivi;;substantiivi;5
kompassi;;substantiivi;5
kompetenssi;;substantiivi;5
kompleksi;;substantiivi;5
komposti;;substantiivi;5
kompostori;;substantiivi;5
kompressi;;substantiivi;5
kompromissi;;substantiivi;5
komuuti;;substantiivi;5
konditionaali;;substantiivi;5
konduktööri;;substantiivi;5
konehalli;;substantiivi;5
konferenssi;;substantiivi;5
konfirmandi;;substantiivi;5
konflikti;;substantiivi;5
kongressi;;substantiivi;5
kongruenssi;;substantiivi;5
koni;;substantiivi;5
konjunktuuri;;substantiivi;5
konkistadori;;substantiivi;5
konklaavi;;substantiivi;5
konkordanssi;;substantiivi;5
konkretismi;;substantiivi;5
konkretisti;;substantiivi;5
konkurrenssi;;substantiivi;5
konkurssi;;substantiivi;5
konsepti;;substantiivi;5
konserni;;substantiivi;5
konservatiivi;;substantiivi;5
konservatismi;;substantiivi;5
konsiili;;substantiivi;5
konsistenssi;;substantiivi;5
konstanssi;;substantiivi;5
konsti;;substantiivi;5
konstitutionalismi;;substantiivi;5
konstruktivismi;;substantiivi;5
konsumerismi;;substantiivi;5
kontakti;;substantiivi;5
konteksti;;substantiivi;5
kontinuumi;;substantiivi;5
kontrapunkti;;substantiivi;5
kontrasti;;substantiivi;5
kontrolli;;substantiivi;5
konttoristi;;substantiivi;5
konvergenssi;;substantiivi;5
koodeksi;;substantiivi;5
koodi;;substantiivi;5
koolon;;substantiivi;5
kopernikium;;substantiivi;5
kopisti;;substantiivi;5
kopti;;substantiivi;5
koraali;;substantiivi;5
Koraani;;substantiivi;5
koralli;;substantiivi;5
koreografi;;substantiivi;5
kori;;substantiivi;5
kornetisti;;substantiivi;5
korporativismi;;substantiivi;5
korpraali;;substantiivi;5
korrehtuuri;;substantiivi;5
kortisoli;;substantiivi;5
kortisoni;;substantiivi;5
kortteliralli;;substantiivi;5
korundi;;substantiivi;5
korvapuusti;;substantiivi;5
kosini;;substantiivi;5
kosmetologi;;substantiivi;5
kostyymi;;substantiivi;5
kotiviini;;substantiivi;5
koulumaali;;substantiivi;5
koutsi;;substantiivi;5
kranssi;;substantiivi;5
krassi;;substantiivi;5
kreationismi;;substantiivi;5
kreationisti;;substantiivi;5
kredit;;substantiivi;5
kreemi;;substantiivi;5
kreivi;;substantiivi;5
kremlologi;;substantiivi;5
krenatööri;;substantiivi;5
kreoli;;substantiivi;5
krepsi;;substantiivi;5
kriisi;;substantiivi;5
krilli;;substantiivi;5
krimi;;substantiivi;5
kriminalisti;;substantiivi;5
kriminologi;;substantiivi;5
krinoliini;;substantiivi;5
kristalli;;substantiivi;5
krokotiili;;substantiivi;5
kromi;;substantiivi;5
kromosomi;;substantiivi;5
kromosomipari;;substantiivi;5
kronometri;;substantiivi;5
krooli;;substantiivi;5
krossi;;substantiivi;5
krouvi;1;substantiivi;5
kruksi;;substantiivi;5
krumeluuri;;substantiivi;5
krupieeri;;substantiivi;5
krusifiksi;;substantiivi;5
krustadi;;substantiivi;5
kryptologi;;substantiivi;5
krypton;;substantiivi;5
krysanteemi;;substantiivi;5
kryssi;;substantiivi;5
ksantaani;;substantiivi;5
ksenon;;substantiivi;5
ksylitoli;;substantiivi;5
ksylofoni;;substantiivi;5
kubismi;;substantiivi;5
kubisti;;substantiivi;5
kuiri;;substantiivi;5
kuisti;;substantiivi;5
kuli;;substantiivi;5
kulinarismi;;substantiivi;5
kulinaristi;;substantiivi;5
kulissi;;substantiivi;5
kulli;;substantiivi;5
kulti;;substantiivi;5
kulööri;;substantiivi;5
kumariini;;substantiivi;5
kumi;;substantiivi;5
kumissi;;substantiivi;5
kummi;;substantiivi;5
kundi;;substantiivi;5
kuningaspari;;substantiivi;5
kuntokuuri;;substantiivi;5
kuohuviini;;substantiivi;5
kuori;2;substantiivi;5
kuosi;;substantiivi;5
kuovi;;substantiivi;5
kuplahalli;;substantiivi;5
kuppipari;;substantiivi;5
kurdi;;substantiivi;5
kureliivi;;substantiivi;5
kuri;;substantiivi;5
kuriiriposti;;substantiivi;5
kurri;;substantiivi;5
kursiivi;;substantiivi;5
kurssi;;substantiivi;5
kurtiisi;;substantiivi;5
kurtisaani;;substantiivi;5
kurvi;;substantiivi;5
kuski;;substantiivi;5
kutrit;;substantiivi;5
kutyymi;;substantiivi;5
kuultomaali;;substantiivi;5
kuuri;1;substantiivi;5
kuuri;2;substantiivi;5
kuvernööri;;substantiivi;5
kvartsi;;substantiivi;5
kvartääri;;substantiivi;5
kvasaari;;substantiivi;5
kveeni;;substantiivi;5
kvenelli;;substantiivi;5
kyborgi;;substantiivi;5
kymnaasi;;substantiivi;5
kymnasisti;;substantiivi;5
kymri;;substantiivi;5
kyykkyviini;;substantiivi;5
källi;;substantiivi;5
kämmi;;substantiivi;5
känni;;substantiivi;5
kärri;;substantiivi;5
käsidesi;;substantiivi;5
käsinepari;;substantiivi;5
käsipari;;substantiivi;5
käämi;;substantiivi;5
köli;;substantiivi;5
kölli;1;substantiivi;5
kölli;2;substantiivi;5
kössi;1;substantiivi;5
kössi;2;substantiivi;5
kööri;;substantiivi;5
laaki;;substantiivi;5
laamanni;;substantiivi;5
laardi;;substantiivi;5
laari;;substantiivi;5
laasti;;substantiivi;5
laatikkoviini;;substantiivi;5
labradori;;substantiivi;5
laguuni;;substantiivi;5
laihdutuskuuri;;substantiivi;5
laiheliini;;substantiivi;5
laji;;substantiivi;5
lakkamaali;;substantiivi;5
lakritsi;;substantiivi;5
laksatiivi;;substantiivi;5
laktaasi;;substantiivi;5
laktoosi;;substantiivi;5
laktoosi-intoleranssi;;substantiivi;5
lamaismi;;substantiivi;5
lamarckismi;;substantiivi;5
lamelli;;substantiivi;5
langusti;;substantiivi;5
lanit;;substantiivi;5
lanoliini;;substantiivi;5
lanssi;;substantiivi;5
lantaani;;substantiivi;5
lappologi;;substantiivi;5
lapskoussi;;substantiivi;5
lari;1;substantiivi;5
lari;2;substantiivi;5
lasi;;substantiivi;5
lassi;;substantiivi;5
lasti;;substantiivi;5
lateksi;;substantiivi;5
lateksimaali;;substantiivi;5
latenssi;;substantiivi;5
lati;;substantiivi;5
latinismi;;substantiivi;5
latinisti;;substantiivi;5
latitudi;;substantiivi;5
laventeli;;substantiivi;5
laviini;;substantiivi;5
lavuaari;;substantiivi;5
layout;;substantiivi;5
leasing;;substantiivi;5
led;;substantiivi;5
ledi;;substantiivi;5
leggingsit;;substantiivi;5
leghorn;;substantiivi;5
legionelloosi;;substantiivi;5
leguaani;;substantiivi;5
leidi;;substantiivi;5
leili;;substantiivi;5
leini;;substantiivi;5
leiri;;substantiivi;5
lekseemi;;substantiivi;5
leksikografi;;substantiivi;5
lelli;;substantiivi;5
leninismi;;substantiivi;5
leninisti;;substantiivi;5
lentokonehalli;;substantiivi;5
lentoposti;;substantiivi;5
leopardi;;substantiivi;5
lerssi;;substantiivi;5
lesbismi;;substantiivi;5
lesbopari;;substantiivi;5
lesitiini;;substantiivi;5
lesti;;substantiivi;5
leukismi;;substantiivi;5
lev;;substantiivi;5
liaani;;substantiivi;5
liberalismi;;substantiivi;5
liberalisti;;substantiivi;5
libristi;;substantiivi;5
lied;;substantiivi;5
lieri;;substantiivi;5
lifti;;substantiivi;5
ligniini;;substantiivi;5
lihotuskuuri;;substantiivi;5
liikeriski;;substantiivi;5
liikuntahalli;;substantiivi;5
liimamaali;;substantiivi;5
liivi;1;substantiivi;5
liivi;2;substantiivi;5
likvori;;substantiivi;5
limnologi;;substantiivi;5
limonaati;;substantiivi;5
limonadi;;substantiivi;5
limusiini;;substantiivi;5
lingvisti;;substantiivi;5
linni;;substantiivi;5
linoleumi;;substantiivi;5
linssi;;substantiivi;5
lipidi;;substantiivi;5
lipoidi;;substantiivi;5
liri;;substantiivi;5
lisenssi;;substantiivi;5
listerioosi;;substantiivi;5
liti;;substantiivi;5
litium;;substantiivi;5
litosfääri;;substantiivi;5
litsi;1;substantiivi;5
litsi;2;substantiivi;5
liturgi;;substantiivi;5
livvi;;substantiivi;5
lobbismi;;substantiivi;5
lobbisti;;substantiivi;5
lobbybaari;;substantiivi;5
loden;;substantiivi;5
logaritmi;;substantiivi;5
logonomi;;substantiivi;5
logopedi;;substantiivi;5
lohdutusmaali;;substantiivi;5
loki;;substantiivi;5
lokomotiivi;;substantiivi;5
long drink;;substantiivi;5
longitudi;;substantiivi;5
look;;substantiivi;5
loosi;;substantiivi;5
loppusointupari;;substantiivi;5
lordi;;substantiivi;5
lordoosi;;substantiivi;5
lossi;;substantiivi;5
lotion;;substantiivi;5
luisti;;substantiivi;5
luksi;;substantiivi;5
luminanssi;;substantiivi;5
luminesenssi;;substantiivi;5
lunni;;substantiivi;5
luomuviini;;substantiivi;5
luotiliivi;;substantiivi;5
luotsi;;substantiivi;5
luottoriski;;substantiivi;5
luovi;;substantiivi;5
luserni;;substantiivi;5
luti;;substantiivi;5
luuri;;substantiivi;5
lux;;substantiivi;5
lyhki;;substantiivi;5
lyoselli;;substantiivi;5
lysoli;;substantiivi;5
lyydi;;substantiivi;5
lyyli;;substantiivi;5
lämpöpari;;substantiivi;5
lämpösähköpari;;substantiivi;5
lärvi;;substantiivi;5
läsi;;substantiivi;5
lääkekuuri;;substantiivi;5
lääkeviini;;substantiivi;5
lääni;;substantiivi;5
lössi;1;substantiivi;5
lössi;2;substantiivi;5
maagi;;substantiivi;5
maali;1;substantiivi;5
maali;2;substantiivi;5
macaron;;substantiivi;5
machiavellismi;;substantiivi;5
machiavellisti;;substantiivi;5
madeiraviini;;substantiivi;5
madrigaali;;substantiivi;5
magnesium;;substantiivi;5
magnetismi;;substantiivi;5
magnetofoni;;substantiivi;5
magnitudi;;substantiivi;5
mahjong;;substantiivi;5
maili;1;substantiivi;5
maili;2;substantiivi;5
mainstream;;substantiivi;5
mainstreaming;;substantiivi;5
maissi;;substantiivi;5
maisti;;substantiivi;5
majoneesi;;substantiivi;5
makaki;;substantiivi;5
makaroni;;substantiivi;5
makasiini;;substantiivi;5
make-up;;substantiivi;5
maki;1;substantiivi;5
maki;2;substantiivi;5
makrilli;;substantiivi;5
makroni;;substantiivi;5
maksiimi;;substantiivi;5
maksimi;;substantiivi;5
makulatuuri;;substantiivi;5
malagaviini;;substantiivi;5
malaiji;;substantiivi;5
mali;;substantiivi;5
malli;;substantiivi;5
malmi;;substantiivi;5
maltoosi;;substantiivi;5
mamselli;;substantiivi;5
management;;substantiivi;5
mandariini;1;substantiivi;5
mandariini;2;substantiivi;5
mandoliini;;substantiivi;5
mandrilli;;substantiivi;5
maneesi;;substantiivi;5
mangaani;;substantiivi;5
mangoldi;;substantiivi;5
mangostaani;;substantiivi;5
mangusti;;substantiivi;5
mani;;substantiivi;5
manikyristi;;substantiivi;5
manikyyri;;substantiivi;5
mannekiini;;substantiivi;5
manometri;;substantiivi;5
mansi;;substantiivi;5
manuaali;;substantiivi;5
manööveri;;substantiivi;5
maoismi;;substantiivi;5
maori;;substantiivi;5
marakas;;substantiivi;5
marakassi;;substantiivi;5
maraton;;substantiivi;5
margariini;;substantiivi;5
marginaali;;substantiivi;5
mari;;substantiivi;5
marinadi;;substantiivi;5
marjaviini;;substantiivi;5
market;;substantiivi;5
markiisi;;substantiivi;5
markkinariski;;substantiivi;5
marksismi;;substantiivi;5
marksismi-leninismi;;substantiivi;5
marksisti;;substantiivi;5
marmelaati;;substantiivi;5
marmeladi;;substantiivi;5
marsalaviini;;substantiivi;5
marsipaani;;substantiivi;5
marski;1;substantiivi;5
marski;2;substantiivi;5
marssi;;substantiivi;5
martini;;substantiivi;5
marxismi;;substantiivi;5
marxismi-leninismi;;substantiivi;5
marxisti;;substantiivi;5
masariini;;substantiivi;5
masi;;substantiivi;5
maski;;substantiivi;5
maskuliini;;substantiivi;5
masokismi;;substantiivi;5
masokisti;;substantiivi;5
massi;;substantiivi;5
massiivi;;substantiivi;5
masuuni;;substantiivi;5
matadori;;substantiivi;5
matami;;substantiivi;5
materiaali;;substantiivi;5
materialismi;;substantiivi;5
materialisti;;substantiivi;5
matkapassi;;substantiivi;5
matokuuri;;substantiivi;5
matriisi;;substantiivi;5
matronyymi;;substantiivi;5
matruusi;;substantiivi;5
matsi;;substantiivi;5
mauri;;substantiivi;5
mausoleumi;;substantiivi;5
maustefenkoli;;substantiivi;5
mediaani;;substantiivi;5
medianomi;;substantiivi;5
meemi;;substantiivi;5
meetvursti;;substantiivi;5
megafoni;;substantiivi;5
megalopoli;;substantiivi;5
meijeristi;;substantiivi;5
meili;;substantiivi;5
meioosi;;substantiivi;5
meisti;;substantiivi;5
meitsi;;substantiivi;5
mekanismi;;substantiivi;5
melamiini;;substantiivi;5
melaniini;;substantiivi;5
melassi;;substantiivi;5
melatoniini;;substantiivi;5
membraani;;substantiivi;5
mendelismi;;substantiivi;5
menopaussi;;substantiivi;5
mentalismi;;substantiivi;5
mentoli;;substantiivi;5
meridiaani;;substantiivi;5
merimaali;;substantiivi;5
merimaili;;substantiivi;5
merkantilismi;;substantiivi;5
merkantilisti;;substantiivi;5
merkaptaani;;substantiivi;5
merkonomi;;substantiivi;5
mers;;substantiivi;5
meskaliini;;substantiivi;5
mesoni;;substantiivi;5
messi;;substantiivi;5
messianismi;;substantiivi;5
messuhalli;;substantiivi;5
mestitsi;;substantiivi;5
metaani;;substantiivi;5
metadoni;;substantiivi;5
metalli;;substantiivi;5
metallurgi;;substantiivi;5
metamfetamiini;;substantiivi;5
metamorfoosi;;substantiivi;5
metanoli;;substantiivi;5
metastaasi;;substantiivi;5
meteori;;substantiivi;5
meteoroidi;;substantiivi;5
meteorologi;;substantiivi;5
metodi;;substantiivi;5
metodismi;;substantiivi;5
metodisti;;substantiivi;5
metri;;substantiivi;5
‑metri;;substantiivi;5
metronomi;;substantiivi;5
metropoli;;substantiivi;5
metvursti;;substantiivi;5
midi;2;substantiivi;5
miespari;;substantiivi;5
migreeni;;substantiivi;5
miimi;;substantiivi;5
mikrobi;;substantiivi;5
mikrofoni;;substantiivi;5
mikroni;;substantiivi;5
mikrotomi;;substantiivi;5
miliisi;;substantiivi;5
militarismi;;substantiivi;5
militaristi;;substantiivi;5
militääri;;substantiivi;5
miljardööri;;substantiivi;5
miljonääri;;substantiivi;5
millenniaali;;substantiivi;5
millennium;;substantiivi;5
milli;;substantiivi;5
millibaari;;substantiivi;5
mimmi;;substantiivi;5
minariini;;substantiivi;5
mindfulness;;substantiivi;5
mineraali;;substantiivi;5
mineralogi;;substantiivi;5
miniatyristi;;substantiivi;5
miniatyyri;;substantiivi;5
minibaari;;substantiivi;5
minicross;;substantiivi;5
minimalismi;;substantiivi;5
minimalisti;;substantiivi;5
minimi;;substantiivi;5
mirri;;substantiivi;5
misogyyni;;substantiivi;5
missi;;substantiivi;5
mitalisti;;substantiivi;5
mitoosi;;substantiivi;5
mittumaari;;substantiivi;5
mocktail;;substantiivi;5
modaali;;substantiivi;5
modeemi;;substantiivi;5
modernismi;;substantiivi;5
modernisti;1;substantiivi;5
modisti;;substantiivi;5
moguli;;substantiivi;5
mohair;;substantiivi;5
mohikaani;;substantiivi;5
mokkasiini;;substantiivi;5
molekyyli;;substantiivi;5
molli;;substantiivi;5
molski;;substantiivi;5
molybdeeni;;substantiivi;5
monarkismi;;substantiivi;5
monarkisti;;substantiivi;5
monetarismi;;substantiivi;5
monetaristi;;substantiivi;5
mongoli;;substantiivi;5
mongolidi;;substantiivi;5
mongolismi;;substantiivi;5
mongoloidi;;substantiivi;5
monikäyttöhalli;;substantiivi;5
monismi;;substantiivi;5
monisti;;substantiivi;5
monitoimihalli;;substantiivi;5
monitori;;substantiivi;5
monni;;substantiivi;5
monogrammi;;substantiivi;5
monologi;;substantiivi;5
mononukleoosi;;substantiivi;5
monopoli;;substantiivi;5
monoteismi;;substantiivi;5
monoteisti;;substantiivi;5
monstrumi;;substantiivi;5
montaasi;;substantiivi;5
moodi;;substantiivi;5
mooli;;substantiivi;5
mopedi;;substantiivi;5
mopsi;;substantiivi;5
moralismi;;substantiivi;5
moralisti;;substantiivi;5
morfeemi;;substantiivi;5
morfiini;;substantiivi;5
morfinismi;;substantiivi;5
morfinisti;;substantiivi;5
mormoni;;substantiivi;5
morsiuspari;;substantiivi;5
mosel;;substantiivi;5
moselviini;;substantiivi;5
motiivi;;substantiivi;5
motocross;;substantiivi;5
motoristi;;substantiivi;5
moussakas;;substantiivi;5
muffinsi;;substantiivi;5
muffinssi;;substantiivi;5
mufti;;substantiivi;5
muhvi;;substantiivi;5
muisti;;substantiivi;5
muki;;substantiivi;5
mulkvisti;;substantiivi;5
mulli;;substantiivi;5
multilateralismi;;substantiivi;5
multippeliskleroosi;;substantiivi;5
mummi;;substantiivi;5
muori;;substantiivi;5
muovi;;substantiivi;5
murheenkryyni;;substantiivi;5
musakas;;substantiivi;5
musikaali;;substantiivi;5
muskatelli;;substantiivi;5
muskatelliviini;;substantiivi;5
muskattiviini;;substantiivi;5
musketööri;;substantiivi;5
mustaherukkaviini;;substantiivi;5
mustangi;;substantiivi;5
mutageeni;;substantiivi;5
mutsi;;substantiivi;5
muukalaispassi;;substantiivi;5
muuli;;substantiivi;5
muuri;;substantiivi;5
muusi;;substantiivi;5
muussi;;substantiivi;5
myriadi;;substantiivi;5
myski;;substantiivi;5
mysli;;substantiivi;5
mytologi;;substantiivi;5
mälli;1;substantiivi;5
mälli;2;substantiivi;5
mämmi;;substantiivi;5
mäski;;substantiivi;5
mörökölli;;substantiivi;5
naali;;substantiivi;5
naftaleeni;;substantiivi;5
naftaliini;;substantiivi;5
naispari;;substantiivi;5
naivismi;;substantiivi;5
naivisti;;substantiivi;5
najadi;;substantiivi;5
nalli;1;substantiivi;5
nalli;2;substantiivi;5
napalm;;substantiivi;5
narkomaani;;substantiivi;5
narratiivi;;substantiivi;5
narri;;substantiivi;5
narsismi;;substantiivi;5
narsissi;;substantiivi;5
narsisti;;substantiivi;5
nashi;;substantiivi;5
nationalismi;;substantiivi;5
nationalisti;;substantiivi;5
natrium;;substantiivi;5
natriumkloridi;;substantiivi;5
natsi;;substantiivi;5
natsismi;;substantiivi;5
naturalismi;;substantiivi;5
naturalisti;;substantiivi;5
naturismi;;substantiivi;5
naturisti;;substantiivi;5
negatiivi;;substantiivi;5
negrospirituaali;;substantiivi;5
nekrologi;;substantiivi;5
nekroosi;;substantiivi;5
nektariini;;substantiivi;5
neli;;substantiivi;5
neljännesmaili;;substantiivi;5
nenetsi;;substantiivi;5
neodyymi;;substantiivi;5
neologismi;;substantiivi;5
neon;;substantiivi;5
nepotismi;;substantiivi;5
nesessääri;;substantiivi;5
neurologi;;substantiivi;5
neutri;;substantiivi;5
neutroni;;substantiivi;5
newton;;substantiivi;5
nigiri;;substantiivi;5
nihilismi;;substantiivi;5
nihilisti;;substantiivi;5
nikotiini;;substantiivi;5
nikotinisti;;substantiivi;5
niksi;;substantiivi;5
nili;;substantiivi;5
niobi;;substantiivi;5
niobium;;substantiivi;5
niqab;;substantiivi;5
nirri;;substantiivi;5
nissi;;substantiivi;5
nisti;;substantiivi;5
nitriili;;substantiivi;5
nitroglyseroli;;substantiivi;5
nobelisti;;substantiivi;5
noblessi;;substantiivi;5
noduuli;;substantiivi;5
nokturni;;substantiivi;5
nomadi;;substantiivi;5
nomenklatuuri;;substantiivi;5
nominatiivi;;substantiivi;5
nomini;;substantiivi;5
non-food;;substantiivi;5
nonparelli;;substantiivi;5
nonstop;;substantiivi;5
nordisti;;substantiivi;5
nori;;substantiivi;5
normanni;;substantiivi;5
normi;;substantiivi;5
norri;;substantiivi;5
norssi;1;substantiivi;5
norssi;2;substantiivi;5
noutoposti;;substantiivi;5
novelli;;substantiivi;5
novellisti;;substantiivi;5
noviisi;;substantiivi;5
nudismi;;substantiivi;5
nudisti;;substantiivi;5
nukleoni;;substantiivi;5
numeraali;;substantiivi;5
nupi;;substantiivi;5
nurtsi;;substantiivi;5
nyanssi;;substantiivi;5
nymfi;;substantiivi;5
nymfomaani;;substantiivi;5
nyrkkiposti;;substantiivi;5
nyöri;;substantiivi;5
nälkäkuuri;;substantiivi;5
nänni;;substantiivi;5
näyttelyhalli;;substantiivi;5
obeliski;;substantiivi;5
objekti;;substantiivi;5
objektiivi;;substantiivi;5
oboisti;;substantiivi;5
odontologi;;substantiivi;5
offensiivi;;substantiivi;5
offset;;substantiivi;5
ohmi;;substantiivi;5
okapi;;substantiivi;5
okkultismi;;substantiivi;5
okkultisti;;substantiivi;5
oksidi;;substantiivi;5
oksitosiini;;substantiivi;5
oksymoron;;substantiivi;5
oktaani;;substantiivi;5
oktaavi;;substantiivi;5
oktaedri;;substantiivi;5
okulaari;;substantiivi;5
oligopoli;;substantiivi;5
oliviini;;substantiivi;5
olmi;;substantiivi;5
oltermanni;;substantiivi;5
olutbaari;;substantiivi;5
olvi;;substantiivi;5
olympiadi;;substantiivi;5
olympismi;;substantiivi;5
omenaviini;;substantiivi;5
omnipotenssi;;substantiivi;5
onkologi;;substantiivi;5
onyksi;;substantiivi;5
oodi;;substantiivi;5
oopiumi;;substantiivi;5
operatööri;;substantiivi;5
opioidi;;substantiivi;5
opiskelijaboksi;;substantiivi;5
opossumi;;substantiivi;5
opportunismi;;substantiivi;5
opportunisti;;substantiivi;5
optimi;;substantiivi;5
optimismi;;substantiivi;5
optimisti;;substantiivi;5
optometri;;substantiivi;5
optometristi;;substantiivi;5
orangutangi;;substantiivi;5
orgaani;;substantiivi;5
organdi;;substantiivi;5
organismi;;substantiivi;5
orgasmi;;substantiivi;5
orhi;;substantiivi;5
orientalisti;;substantiivi;5
origami;;substantiivi;5
originaali;;substantiivi;5
ornitologi;;substantiivi;5
ortodoksi;;substantiivi;5
ortoosi;;substantiivi;5
ortopedi;;substantiivi;5
osmium;;substantiivi;5
osmoosi;;substantiivi;5
ossi;;substantiivi;5
osteoporoosi;;substantiivi;5
otsoni;;substantiivi;5
ottomaani;;substantiivi;5
outlet;;substantiivi;5
output;;substantiivi;5
paali;;substantiivi;5
paapuuri;;substantiivi;5
paarit;;substantiivi;5
paaši;;substantiivi;5
paavi;;substantiivi;5
pagodi;;substantiivi;5
pahvi;;substantiivi;5
paikoitushalli;;substantiivi;5
paini;;substantiivi;5
paisti;;substantiivi;5
paitsiomaali;;substantiivi;5
pakti;;substantiivi;5
palatsi;;substantiivi;5
palaveri;;substantiivi;5
palindromi;;substantiivi;5
palkintopalli;;substantiivi;5
palladium;;substantiivi;5
palli;1;substantiivi;5
palli;2;substantiivi;5
palloralli;;substantiivi;5
palmuviini;;substantiivi;5
paloposti;;substantiivi;5
palsami;;substantiivi;5
paluuposti;;substantiivi;5
palvi;2;substantiivi;5
panamerikanismi;;substantiivi;5
panarabismi;;substantiivi;5
panelisti;;substantiivi;5
paniini;;substantiivi;5
panini;;substantiivi;5
panslavismi;;substantiivi;5
panslavisti;;substantiivi;5
panssariliivi;;substantiivi;5
panssarimaali;;substantiivi;5
panteismi;;substantiivi;5
panteisti;;substantiivi;5
pantomiimi;;substantiivi;5
paparazzi;;substantiivi;5
paperossi;;substantiivi;5
papilli;;substantiivi;5
par;;substantiivi;5
paraabeli;;substantiivi;5
paraati;;substantiivi;5
parabeeni;;substantiivi;5
parabellum;;substantiivi;5
paraboloidi;;substantiivi;5
paradoksi;;substantiivi;5
parafiini;;substantiivi;5
paragrafi;;substantiivi;5
paragrammi;;substantiivi;5
parallaksi;;substantiivi;5
parallelismi;;substantiivi;5
parametri;;substantiivi;5
parasetamoli;;substantiivi;5
parataksi;;substantiivi;5
paratiisi;;substantiivi;5
parfyymi;;substantiivi;5
pari;1;substantiivi;5
pari;2;substantiivi;5
parkinsonismi;;substantiivi;5
parkkihalli;;substantiivi;5
parkour;;substantiivi;5
parlamentarismi;;substantiivi;5
parmesaani;;substantiivi;5
paroni;;substantiivi;5
parsek;;substantiivi;5
partenogeneesi;;substantiivi;5
partisaani;;substantiivi;5
partitiivi;;substantiivi;5
partituuri;;substantiivi;5
partsi;;substantiivi;5
pasaasi;;substantiivi;5
pasaati;;substantiivi;5
pascal;;substantiivi;5
pasianssi;;substantiivi;5
pasifismi;;substantiivi;5
pasifisti;;substantiivi;5
paspartuuri;;substantiivi;5
passi;1;substantiivi;5
passi;2;substantiivi;5
passi;3;substantiivi;5
passi;4;substantiivi;5
passiivi;;substantiivi;5
passioni;;substantiivi;5
pastelli;;substantiivi;5
pastilli;;substantiivi;5
pastissi;;substantiivi;5
pastoraali;;substantiivi;5
pasunisti;;substantiivi;5
patiini;;substantiivi;5
patogeeni;;substantiivi;5
patogeneesi;;substantiivi;5
patologi;;substantiivi;5
patriisi;;substantiivi;5
patriotismi;;substantiivi;5
patronyymi;;substantiivi;5
patteristi;;substantiivi;5
paukkuliivi;;substantiivi;5
paussi;;substantiivi;5
paviaani;;substantiivi;5
pedaali;;substantiivi;5
pedagogi;;substantiivi;5
pederasti;;substantiivi;5
pediatri;;substantiivi;5
pedikyristi;;substantiivi;5
pedikyyri;;substantiivi;5
pedofiili;;substantiivi;5
peesi;;substantiivi;5
peili;;substantiivi;5
peitsi;2;substantiivi;5
pekingeesi;;substantiivi;5
pelargoni;;substantiivi;5
pelastusliivi;;substantiivi;5
peleriini;;substantiivi;5
peli;;substantiivi;5
pelikaani;;substantiivi;5
pelimanni;;substantiivi;5
pelleriini;;substantiivi;5
pemmikaani;;substantiivi;5
pendeli;;substantiivi;5
pendyyli;;substantiivi;5
penetranssi;;substantiivi;5
peni;;substantiivi;5
penisilliini;;substantiivi;5
penisilliinikuuri;;substantiivi;5
pennalismi;;substantiivi;5
penni;;substantiivi;5
pentaedri;;substantiivi;5
pentagoni;;substantiivi;5
pentagrammi;;substantiivi;5
pentametri;;substantiivi;5
peoni;1;substantiivi;5
peoni;2;substantiivi;5
peperoni;;substantiivi;5
pepperoni;;substantiivi;5
pepsiini;;substantiivi;5
peptidi;;substantiivi;5
perfekti;;substantiivi;5
perfektionismi;;substantiivi;5
perfektionisti;;substantiivi;5
performanssi;;substantiivi;5
pergamiini;;substantiivi;5
perholiivi;;substantiivi;5
periodi;;substantiivi;5
perkussionisti;;substantiivi;5
peroksidaasi;;substantiivi;5
peroksidi;;substantiivi;5
persimon;;substantiivi;5
persimoni;;substantiivi;5
perspektiivi;;substantiivi;5
peski;;substantiivi;5
pessimismi;;substantiivi;5
pessimisti;;substantiivi;5
pesti;;substantiivi;5
pestisidi;;substantiivi;5
pesäpallisti;;substantiivi;5
petankisti;;substantiivi;5
petrologi;;substantiivi;5
petsi;;substantiivi;5
petting;;substantiivi;5
phishing;;substantiivi;5
pianismi;;substantiivi;5
pianisti;;substantiivi;5
pick-up;;substantiivi;5
picnic;;substantiivi;5
pienoisralli;;substantiivi;5
pieti;;substantiivi;5
pietismi;;substantiivi;5
pietisti;;substantiivi;5
pihvi;;substantiivi;5
piidioksidi;;substantiivi;5
piiri;;substantiivi;5
piisi;1;substantiivi;5
piisi;2;substantiivi;5
pikariisi;;substantiivi;5
pikkelssi;;substantiivi;5
pikkulilli;;substantiivi;5
pikkurilli;;substantiivi;5
pikkutylli;;substantiivi;5
piknik;;substantiivi;5
pilahvi;;substantiivi;5
pilahviriisi;;substantiivi;5
pili;;substantiivi;5
pilleristi;;substantiivi;5
pilli;;substantiivi;5
pilluralli;;substantiivi;5
pilssi;;substantiivi;5
pineeni;;substantiivi;5
pingpong;;substantiivi;5
pinni;;substantiivi;5
pinssi;;substantiivi;5
pinyin;;substantiivi;5
pioneeri;;substantiivi;5
piratismi;;substantiivi;5
piri;;substantiivi;5
piripiri;;substantiivi;5
pirssi;;substantiivi;5
pisi;;substantiivi;5
piski;;substantiivi;5
pisoaari;;substantiivi;5
pissi;;substantiivi;5
pistaasi;;substantiivi;5
pisuaari;;substantiivi;5
pitsi;;substantiivi;5
plaani;;substantiivi;5
plafondi;;substantiivi;5
planetoidi;;substantiivi;5
plankton;;substantiivi;5
planssi;;substantiivi;5
plari;;substantiivi;5
plasmidi;;substantiivi;5
plastidi;;substantiivi;5
platonismi;;substantiivi;5
playback;;substantiivi;5
playoff;;substantiivi;5
plebeiji;;substantiivi;5
pleissi;;substantiivi;5
pleonasmi;;substantiivi;5
plombi;;substantiivi;5
pluraali;;substantiivi;5
pluralismi;;substantiivi;5
pluralisti;;substantiivi;5
pluskvamperfekti;;substantiivi;5
plutonium;;substantiivi;5
plyymi;;substantiivi;5
plyysi;;substantiivi;5
pläsi;;substantiivi;5
podcast;;substantiivi;5
podsoli;;substantiivi;5
pohjamaali;;substantiivi;5
pointillismi;;substantiivi;5
pointillisti;;substantiivi;5
pointsi;;substantiivi;5
poksi;;substantiivi;5
pokstaavi;;substantiivi;5
poli;;substantiivi;5
politologi;;substantiivi;5
poloneesi;;substantiivi;5
polonium;;substantiivi;5
polski;;substantiivi;5
polterabend;;substantiivi;5
poltergeist;;substantiivi;5
polttomaali;;substantiivi;5
polyamidi;;substantiivi;5
polyedri;;substantiivi;5
polyeteeni;;substantiivi;5
polygoni;;substantiivi;5
polymeeri;;substantiivi;5
polynomi;;substantiivi;5
polypropeeni;;substantiivi;5
polystyreeni;;substantiivi;5
polyteismi;;substantiivi;5
polyteisti;;substantiivi;5
polyuretaani;;substantiivi;5
pomeranssi;;substantiivi;5
pommi;1;substantiivi;5
pomsi;;substantiivi;5
pondi;;substantiivi;5
poni;;substantiivi;5
ponomari;;substantiivi;5
pooki;;substantiivi;5
pooli;1;substantiivi;5
pooli;2;substantiivi;5
popcorn;;substantiivi;5
populismi;;substantiivi;5
populisti;;substantiivi;5
porfiini;;substantiivi;5
porfyriini;;substantiivi;5
porfyyri;;substantiivi;5
portieeri;;substantiivi;5
portugali;;substantiivi;5
portviini;;substantiivi;5
porvarismi;;substantiivi;5
posetiivi;;substantiivi;5
positiivi;;substantiivi;5
positivismi;;substantiivi;5
positivisti;;substantiivi;5
positroni;;substantiivi;5
poskivalssi;;substantiivi;5
postdoc;;substantiivi;5
posteljooni;;substantiivi;5
posti;1;substantiivi;5
posti;2;substantiivi;5
posti;3;substantiivi;5
postiljooni;;substantiivi;5
potenssi;;substantiivi;5
potentiaali;;substantiivi;5
potentiometri;;substantiivi;5
povipommi;;substantiivi;5
pragmatismi;;substantiivi;5
pragmatisti;;substantiivi;5
praktikumi;;substantiivi;5
predikatiivi;;substantiivi;5
preesens;;substantiivi;5
prefekti;;substantiivi;5
preferenssi;;substantiivi;5
prefiksi;;substantiivi;5
preliminääri;;substantiivi;5
preludi;;substantiivi;5
premissi;;substantiivi;5
presbyteeri;;substantiivi;5
presbyteriaani;;substantiivi;5
presidenttipari;;substantiivi;5
presidiumi;;substantiivi;5
pressi;;substantiivi;5
prestiisi;;substantiivi;5
preteriti;;substantiivi;5
preussi;;substantiivi;5
prevalenssi;;substantiivi;5
priimi;;substantiivi;5
prikaati;;substantiivi;5
priki;;substantiivi;5
prillit;;substantiivi;5
primitivismi;;substantiivi;5
primitivisti;;substantiivi;5
primus motor;;substantiivi;5
prinssi;;substantiivi;5
privilegi;;substantiivi;5
probleemi;;substantiivi;5
professuuri;;substantiivi;5
profiili;;substantiivi;5
profylaksi;;substantiivi;5
progesteroni;;substantiivi;5
progestiini;;substantiivi;5
prognoosi;;substantiivi;5
projekti;;substantiivi;5
projektiili;;substantiivi;5
prokuristi;;substantiivi;5
prolaktiini;;substantiivi;5
prolapsi;;substantiivi;5
prolatiivi;;substantiivi;5
proletaari;;substantiivi;5
prologi;;substantiivi;5
promenadi;;substantiivi;5
promovendi;;substantiivi;5
pronominaali;;substantiivi;5
pronomini;;substantiivi;5
pronssi;;substantiivi;5
pronssimaali;;substantiivi;5
propaani;;substantiivi;5
propagandisti;;substantiivi;5
propanoli;;substantiivi;5
propelli;;substantiivi;5
propri;;substantiivi;5
propsi;;substantiivi;5
prosaisti;;substantiivi;5
proseduuri;;substantiivi;5
prosessi;;substantiivi;5
prospekti;;substantiivi;5
proteiini;;substantiivi;5
protektionismi;;substantiivi;5
protektionisti;;substantiivi;5
protestantismi;;substantiivi;5
protesti;;substantiivi;5
protium;;substantiivi;5
protoni;;substantiivi;5
provinsialismi;;substantiivi;5
provinssi;;substantiivi;5
pruuvi;;substantiivi;5
prässi;;substantiivi;5
psalmi;;substantiivi;5
pseudonyymi;;substantiivi;5
psilosybiini;;substantiivi;5
psori;;substantiivi;5
psoriaasi;;substantiivi;5
psykedeeli;;substantiivi;5
psykiatri;;substantiivi;5
psykologi;;substantiivi;5
psykoosi;;substantiivi;5
psyllium;;substantiivi;5
pub;;substantiivi;5
pubi;;substantiivi;5
publikaani;;substantiivi;5
puffi;;substantiivi;5
pugilismi;;substantiivi;5
pugilisti;;substantiivi;5
puheposti;;substantiivi;5
puhvi;;substantiivi;5
pujoliivi;;substantiivi;5
puli;1;substantiivi;5
puli;3;substantiivi;5
pulituuri;;substantiivi;5
pulloposti;;substantiivi;5
pulloveri;;substantiivi;5
pulssi;;substantiivi;5
pumasiini;;substantiivi;5
pummi;1;substantiivi;5
pummi;2;substantiivi;5
punaviini;;substantiivi;5
punk;;substantiivi;5
punssi;;substantiivi;5
puolustajapari;;substantiivi;5
puomi;;substantiivi;5
pupilli;;substantiivi;5
purismi;;substantiivi;5
puristi;;substantiivi;5
puritaani;;substantiivi;5
puritanismi;;substantiivi;5
pussi;;substantiivi;5
putkiposti;;substantiivi;5
puulaaki;;substantiivi;5
puustelli;;substantiivi;5
puusti;;substantiivi;5
pygmi;;substantiivi;5
pyloni;;substantiivi;5
pyramidi;;substantiivi;5
pyrolyysi;;substantiivi;5
pyromaani;;substantiivi;5
pysti;;substantiivi;5
pystybaari;;substantiivi;5
pysäköintihalli;;substantiivi;5
pyöräpari;;substantiivi;5
päikköpari;;substantiivi;5
pässi;;substantiivi;5
pätsi;;substantiivi;5
pääri;;substantiivi;5
päärynäviini;;substantiivi;5
pölli;;substantiivi;5
pölvästi;;substantiivi;5
pörkölt;;substantiivi;5
pörssi;;substantiivi;5
pötsi;;substantiivi;5
pöytäviini;;substantiivi;5
quickstep;;substantiivi;5
quisling;;substantiivi;5
quorn;;substantiivi;5
raajapari;;substantiivi;5
raami;;substantiivi;5
raani;;substantiivi;5
rabbi;;substantiivi;5
rabbiini;;substantiivi;5
rabulismi;;substantiivi;5
rabulisti;;substantiivi;5
radiaani;;substantiivi;5
radikalismi;;substantiivi;5
radiologi;;substantiivi;5
radiolyysi;;substantiivi;5
radisti;;substantiivi;5
radium;;substantiivi;5
radon;;substantiivi;5
rahi;;substantiivi;5
rahoitusriski;;substantiivi;5
raidepari;;substantiivi;5
rajoni;;substantiivi;5
raki;;substantiivi;5
raksi;;substantiivi;5
ralli;1;substantiivi;5
ralli;2;substantiivi;5
ralli;3;substantiivi;5
rallicross;;substantiivi;5
ramadan;;substantiivi;5
rambutaani;;substantiivi;5
rambutani;;substantiivi;5
rami;;substantiivi;5
randi;;substantiivi;5
rangi;;substantiivi;5
ranking;;substantiivi;5
rantasipi;;substantiivi;5
rap;;substantiivi;5
raparperi;;substantiivi;5
rapsi;;substantiivi;5
rasi;;substantiivi;5
rasismi;;substantiivi;5
rasisti;;substantiivi;5
raski;;substantiivi;5
raspi;;substantiivi;5
rassi;;substantiivi;5
rastafari;;substantiivi;5
rasti;;substantiivi;5
rating;;substantiivi;5
rationalismi;;substantiivi;5
rationalisti;;substantiivi;5
ratkaisumaali;;substantiivi;5
ratsastushalli;;substantiivi;5
ravi;;substantiivi;5
ravioli;;substantiivi;5
reagenssi;;substantiivi;5
realismi;;substantiivi;5
realisti;;substantiivi;5
redi;;substantiivi;5
redundanssi;;substantiivi;5
reeti;;substantiivi;5
referenssi;;substantiivi;5
refilli;;substantiivi;5
refleksi;;substantiivi;5
reformi;;substantiivi;5
reformismi;;substantiivi;5
reformisti;;substantiivi;5
refrengi;;substantiivi;5
regiimi;;substantiivi;5
regionalismi;;substantiivi;5
reiki;;substantiivi;5
reininviini;;substantiivi;5
reivi;;substantiivi;5
reivit;;substantiivi;5
rejekti;;substantiivi;5
reksi;;substantiivi;5
rekviemi;;substantiivi;5
rekyyli;;substantiivi;5
relativismi;;substantiivi;5
relevanssi;;substantiivi;5
reliefi;;substantiivi;5
relikti;;substantiivi;5
relissi;;substantiivi;5
remburssi;;substantiivi;5
remissi;;substantiivi;5
remmi;;substantiivi;5
renessanssi;;substantiivi;5
repertoaari;;substantiivi;5
repertuaari;;substantiivi;5
reportaasi;;substantiivi;5
republikaani;;substantiivi;5
requiem;;substantiivi;5
resepti;;substantiivi;5
reseptionisti;;substantiivi;5
reseptori;;substantiivi;5
reservi;;substantiivi;5
reservoaari;;substantiivi;5
reservuaari;;substantiivi;5
residenssi;;substantiivi;5
resilienssi;;substantiivi;5
resistanssi;;substantiivi;5
resistenssi;;substantiivi;5
resitaali;;substantiivi;5
resitatiivi;;substantiivi;5
resonanssi;;substantiivi;5
respekti;;substantiivi;5
restonomi;;substantiivi;5
resurssi;;substantiivi;5
retiisi;;substantiivi;5
retinoli;;substantiivi;5
retoromaani;;substantiivi;5
retrospektiivi;;substantiivi;5
reumatismi;;substantiivi;5
revansismi;;substantiivi;5
revansisti;;substantiivi;5
revanssi;;substantiivi;5
reviiri;;substantiivi;5
revisionismi;;substantiivi;5
revisionisti;;substantiivi;5
revolutionisti;;substantiivi;5
rhododendron;;substantiivi;5
ribbi;;substantiivi;5
riboflaviini;;substantiivi;5
riff;;substantiivi;5
riffi;;substantiivi;5
rigatoni;;substantiivi;5
rigorismi;;substantiivi;5
rigoristi;;substantiivi;5
riimi;;substantiivi;5
riisi;1;substantiivi;5
riisi;2;substantiivi;5
riisiviini;;substantiivi;5
riki;;substantiivi;5
rikkidioksidi;;substantiivi;5
riksi;;substantiivi;5
rillit;;substantiivi;5
rintarossi;;substantiivi;5
ripsi;2;substantiivi;5
risiini;;substantiivi;5
riski;1;substantiivi;5
risti;;substantiivi;5
rituaali;;substantiivi;5
rivi;;substantiivi;5
roaming;;substantiivi;5
rock;;substantiivi;5
rock and roll;;substantiivi;5
rock’n’roll;;substantiivi;5
rodium;;substantiivi;5
rojalismi;;substantiivi;5
rojalisti;;substantiivi;5
rojalti;;substantiivi;5
roll-on;;substantiivi;5
roll-up;;substantiivi;5
romadur;;substantiivi;5
romanisti;;substantiivi;5
romanssi;;substantiivi;5
rombi;;substantiivi;5
rommi;1;substantiivi;5
rommi;2;substantiivi;5
rommi;3;substantiivi;5
romuralli;;substantiivi;5
rondi;;substantiivi;5
rooli;;substantiivi;5
roquefort;;substantiivi;5
roseeviini;;substantiivi;5
roséviini;;substantiivi;5
roskaposti;;substantiivi;5
rosmariini;;substantiivi;5
rosolli;;substantiivi;5
rosti;;substantiivi;5
rotsi;;substantiivi;5
rovasti;;substantiivi;5
ruhtinaspari;;substantiivi;5
ruksi;;substantiivi;5
ruladi;;substantiivi;5
ruljanssi;;substantiivi;5
rumeliini;;substantiivi;5
rundi;;substantiivi;5
ruokaviini;;substantiivi;5
ruori;;substantiivi;5
ruosteenestomaali;;substantiivi;5
ruotsi;;substantiivi;5
rusisti;;substantiivi;5
russisti;;substantiivi;5
russofobi;;substantiivi;5
rustholli;;substantiivi;5
rutenium;;substantiivi;5
rutiini;;substantiivi;5
ruuvi;;substantiivi;5
rypsi;;substantiivi;5
rypäleviini;;substantiivi;5
rytmi;;substantiivi;5
ryyni;;substantiivi;5
rälssi;;substantiivi;5
ränni;;substantiivi;5
rästi;;substantiivi;5
rölli;;substantiivi;5
röntgen;;substantiivi;5
röntgenologi;;substantiivi;5
rösti;;substantiivi;5
rööki;;substantiivi;5
rööri;;substantiivi;5
šaahi;;substantiivi;5
saali;;substantiivi;5
šaali;;substantiivi;5
saapaspari;;substantiivi;5
saavi;;substantiivi;5
sabayon;;substantiivi;5
sabotaasi;;substantiivi;5
sabotööri;;substantiivi;5
sadismi;;substantiivi;5
sadisti;;substantiivi;5
sahi;;substantiivi;5
sakariini;;substantiivi;5
sakasti;;substantiivi;5
sakemanni;;substantiivi;5
sakkaridi;;substantiivi;5
sakkariini;;substantiivi;5
sakkaroosi;;substantiivi;5
saksmanni;;substantiivi;5
saksofoni;;substantiivi;5
saksofonisti;;substantiivi;5
salaattifenkoli;;substantiivi;5
salafismi;;substantiivi;5
salafisti;;substantiivi;5
salaki;;substantiivi;5
salami;;substantiivi;5
sali;;substantiivi;5
salmonelloosi;;substantiivi;5
salusiini;;substantiivi;5
samaani;;substantiivi;5
šamaani;;substantiivi;5
samanismi;;substantiivi;5
šamanismi;;substantiivi;5
samojedi;;substantiivi;5
samovaari;;substantiivi;5
sampaani;;substantiivi;5
sampinjoni;;substantiivi;5
sampioni;;substantiivi;5
samum;;substantiivi;5
sandinisti;;substantiivi;5
sandwich;;substantiivi;5
sani;;substantiivi;5
sanskrit;;substantiivi;5
sanskritisti;;substantiivi;5
santarmi;;substantiivi;5
šantung;;substantiivi;5
saponiini;;substantiivi;5
sari;;substantiivi;5
sarkasmi;;substantiivi;5
sarkofagi;;substantiivi;5
šarmööri;;substantiivi;5
sars;;substantiivi;5
sashimi;;substantiivi;5
sašimi;;substantiivi;5
saskatoon;;substantiivi;5
satanismi;;substantiivi;5
satanisti;;substantiivi;5
satikuti;;substantiivi;5
satsi;;substantiivi;5
satyyri;;substantiivi;5
saudi;;substantiivi;5
saunapalvi;;substantiivi;5
saundi;;substantiivi;5
savanni;;substantiivi;5
savariini;;substantiivi;5
scampi;;substantiivi;5
science fiction;;substantiivi;5
scifi;;substantiivi;5
sedatiivi;;substantiivi;5
seili;;substantiivi;5
seireeni;;substantiivi;5
seismografi;;substantiivi;5
seismogrammi;;substantiivi;5
seismologi;;substantiivi;5
sekatöörit;;substantiivi;5
sekretääri;;substantiivi;5
seksi;;substantiivi;5
seksibaari;;substantiivi;5
seksismi;;substantiivi;5
seksisti;;substantiivi;5
seksologi;;substantiivi;5
seksti;;substantiivi;5
sekti;;substantiivi;5
sekularismi;;substantiivi;5
sekularisti;;substantiivi;5
sekvenssi;;substantiivi;5
šelfi;;substantiivi;5
self-made-man;;substantiivi;5
selli;;substantiivi;5
sellisti;;substantiivi;5
sellofaani;;substantiivi;5
selluloidi;;substantiivi;5
selstoffi;;substantiivi;5
semafori;;substantiivi;5
semi;;substantiivi;5
semifinaali;;substantiivi;5
semifinalisti;;substantiivi;5
seminaari;;substantiivi;5
seminologi;;substantiivi;5
senior;;substantiivi;5
senssit;;substantiivi;5
sensualismi;;substantiivi;5
sentralismi;;substantiivi;5
sentrifugi;;substantiivi;5
separatismi;;substantiivi;5
separatisti;;substantiivi;5
septimi;;substantiivi;5
serbi;;substantiivi;5
serenadi;;substantiivi;5
seriffi;;substantiivi;5
šeriffi;;substantiivi;5
sermi;;substantiivi;5
serologi;;substantiivi;5
serotoniini;;substantiivi;5
serpentiini;;substantiivi;5
serri;;substantiivi;5
servelaati;;substantiivi;5
setri;;substantiivi;5
seuruepassi;;substantiivi;5
seurusteluviini;;substantiivi;5
sfinksi;;substantiivi;5
sfääri;;substantiivi;5
shaali;;substantiivi;5
shamaani;;substantiivi;5
shantung;;substantiivi;5
sheriffi;;substantiivi;5
shop;;substantiivi;5
shortsit;;substantiivi;5
shot;;substantiivi;5
sial;;substantiivi;5
sifoni;;substantiivi;5
sightseeing;;substantiivi;5
siili;1;substantiivi;5
siili;2;substantiivi;5
siipipari;;substantiivi;5
sikhi;;substantiivi;5
sikkatiivi;;substantiivi;5
sikli;;substantiivi;5
siksak;;substantiivi;5
sildenafiili;;substantiivi;5
silikoni;;substantiivi;5
silikoosi;;substantiivi;5
silli;;substantiivi;5
silmäpari;;substantiivi;5
simpanssi;;substantiivi;5
simsalabim;;substantiivi;5
singulaari;;substantiivi;5
sini;2;substantiivi;5
sinologi;;substantiivi;5
sinooberi;;substantiivi;5
sinooperi;;substantiivi;5
sintsi;;substantiivi;5
sionismi;;substantiivi;5
sionisti;;substantiivi;5
sipsi;;substantiivi;5
sirkonium;;substantiivi;5
sirkumfleksi;;substantiivi;5
sirri;;substantiivi;5
sisal;;substantiivi;5
sisaruspari;;substantiivi;5
sissi;;substantiivi;5
sisämaali;;substantiivi;5
sitcom;;substantiivi;5
sitsi;;substantiivi;5
sixpack;;substantiivi;5
skalpelli;;substantiivi;5
skandi;;substantiivi;5
skandinaavi;;substantiivi;5
skandinavismi;;substantiivi;5
skanssi;;substantiivi;5
skeet;;substantiivi;5
skenaristi;;substantiivi;5
skeptisismi;;substantiivi;5
sketsi;;substantiivi;5
skientismi;;substantiivi;5
skientologi;;substantiivi;5
skinhead;;substantiivi;5
skini;;substantiivi;5
skitsi;;substantiivi;5
skleroosi;;substantiivi;5
skolioosi;;substantiivi;5
skonssi;;substantiivi;5
skorpioni;;substantiivi;5
skriini;;substantiivi;5
skruuvi;;substantiivi;5
skyr;;substantiivi;5
slaagi;;substantiivi;5
slaavi;;substantiivi;5
slalom;;substantiivi;5
slangi;;substantiivi;5
slapstick;;substantiivi;5
slavisti;;substantiivi;5
slipoveri;;substantiivi;5
slivovits;;substantiivi;5
slummi;;substantiivi;5
smalltalk;;substantiivi;5
smaragdi;;substantiivi;5
smog;;substantiivi;5
smoking;;substantiivi;5
snacksit;;substantiivi;5
snapsi;;substantiivi;5
snobi;;substantiivi;5
snobismi;;substantiivi;5
sofisti;;substantiivi;5
solaniini;;substantiivi;5
solarium;;substantiivi;5
solariumi;;substantiivi;5
solenoidi;;substantiivi;5
solisti;;substantiivi;5
sonatiini;;substantiivi;5
sondi;;substantiivi;5
sonni;;substantiivi;5
soosi;;substantiivi;5
sorbitoli;;substantiivi;5
soroptimisti;;substantiivi;5
sortsit;;substantiivi;5
sorvi;;substantiivi;5
sosiaalipummi;;substantiivi;5
sosialismi;;substantiivi;5
sosialisti;;substantiivi;5
sosiologi;;substantiivi;5
sosionomi;;substantiivi;5
sotilaspassi;;substantiivi;5
soul;;substantiivi;5
soundcheck;;substantiivi;5
soundi;;substantiivi;5
soundtrack;;substantiivi;5
souvi;;substantiivi;5
sovinismi;;substantiivi;5
sovinisti;;substantiivi;5
sovjetologi;;substantiivi;5
spammi;;substantiivi;5
spanieli;;substantiivi;5
spasmi;;substantiivi;5
speksi;1;substantiivi;5
speksi;2;substantiivi;5
spektri;;substantiivi;5
spektrometri;;substantiivi;5
spermisidi;;substantiivi;5
spesialisti;;substantiivi;5
spinning;;substantiivi;5
spiritismi;;substantiivi;5
spiritisti;;substantiivi;5
spiritualismi;;substantiivi;5
spiritualisti;;substantiivi;5
spraymaali;;substantiivi;5
spämmi;;substantiivi;5
squash;;substantiivi;5
squash-halli;;substantiivi;5
staagi;;substantiivi;5
staaki;;substantiivi;5
staasi;;substantiivi;5
stadi;;substantiivi;5
stailisti;;substantiivi;5
stalinismi;;substantiivi;5
stalinisti;;substantiivi;5
standi;;substantiivi;5
stannioli;;substantiivi;5
stanssi;;substantiivi;5
start-up;;substantiivi;5
statiivi;;substantiivi;5
statisti;;substantiivi;5
stay-up;;substantiivi;5
steariini;;substantiivi;5
steroidi;;substantiivi;5
stidi;;substantiivi;5
stilisti;;substantiivi;5
still drink;;substantiivi;5
stimulanssi;;substantiivi;5
stipendi;;substantiivi;5
stollen;;substantiivi;5
stoori;;substantiivi;5
stout;;substantiivi;5
strassi;;substantiivi;5
strategi;;substantiivi;5
stratosfääri;;substantiivi;5
stressi;;substantiivi;5
stretching;;substantiivi;5
stringit;;substantiivi;5
stroganov;;substantiivi;5
strontium;;substantiivi;5
strukturalismi;;substantiivi;5
strukturalisti;;substantiivi;5
strutsi;;substantiivi;5
strykniini;;substantiivi;5
stuntman;;substantiivi;5
stylisti;;substantiivi;5
styroksi;;substantiivi;5
styyrpuuri;;substantiivi;5
ständi;;substantiivi;5
suahili;;substantiivi;5
subjekti;;substantiivi;5
subjektivismi;;substantiivi;5
subjektivisti;;substantiivi;5
substanssi;;substantiivi;5
substantiivi;;substantiivi;5
suffiksi;;substantiivi;5
sukijaki;;substantiivi;5
sukiyaki;;substantiivi;5
sukkapari;;substantiivi;5
suksiboksi;;substantiivi;5
suksipari;;substantiivi;5
sulfakuuri;;substantiivi;5
sulfidi;;substantiivi;5
sulfonamidi;;substantiivi;5
sunni;;substantiivi;5
suojaliivi;;substantiivi;5
suojamaali;;substantiivi;5
suolakeksi;;substantiivi;5
superlatiivi;;substantiivi;5
supervuoropari;;substantiivi;5
supi;;substantiivi;5
surrealismi;;substantiivi;5
surrealisti;;substantiivi;5
sushi;;substantiivi;5
susipari;;substantiivi;5
sutenööri;;substantiivi;5
suufi;;substantiivi;5
suuhygienisti;;substantiivi;5
swahili;;substantiivi;5
swap;;substantiivi;5
svekomaani;;substantiivi;5
svengi;;substantiivi;5
svenski;;substantiivi;5
svetisismi;;substantiivi;5
swing;;substantiivi;5
svingi;;substantiivi;5
syaani;;substantiivi;5
syanidi;;substantiivi;5
syankalium;;substantiivi;5
sykli;;substantiivi;5
sykloni;;substantiivi;5
sylfidi;;substantiivi;5
syllogismi;;substantiivi;5
symbioosi;;substantiivi;5
symbolismi;;substantiivi;5
symposiumi;;substantiivi;5
symptomi;;substantiivi;5
synapsi;;substantiivi;5
syndikalismi;;substantiivi;5
syndikalisti;;substantiivi;5
synergismi;;substantiivi;5
synergisti;;substantiivi;5
synkretismi;;substantiivi;5
synkronismi;;substantiivi;5
synodi;;substantiivi;5
synonyymi;;substantiivi;5
syntaksi;;substantiivi;5
synteesi;;substantiivi;5
syydvesti;;substantiivi;5
syyni;;substantiivi;5
syytinkivaari;;substantiivi;5
sähköpari;;substantiivi;5
sähköposti;;substantiivi;5
sälli;;substantiivi;5
särmi;;substantiivi;5
sääli;;substantiivi;5
sääripari;;substantiivi;5
säästökuuri;;substantiivi;5
söpöliini;;substantiivi;5
tabloidi;;substantiivi;5
tafti;;substantiivi;5
tag;;substantiivi;5
tagi;;substantiivi;5
tahini;;substantiivi;5
taidehalli;;substantiivi;5
taiji;;substantiivi;5
taistelupari;;substantiivi;5
taksi;;substantiivi;5
takymetri;;substantiivi;5
taleban;;substantiivi;5
tali;;substantiivi;5
taliban;;substantiivi;5
talidomidi;;substantiivi;5
talismaani;;substantiivi;5
talli;;substantiivi;5
tallium;;substantiivi;5
talmud;;substantiivi;5
talonviini;;substantiivi;5
tamarindi;;substantiivi;5
tamburiini;;substantiivi;5
tamponi;;substantiivi;5
tanatologi;;substantiivi;5
tangeriini;;substantiivi;5
tanniini;;substantiivi;5
tanskandoggi;;substantiivi;5
tanssi;;substantiivi;5
tanssipari;;substantiivi;5
tantieemi;;substantiivi;5
taoismi;;substantiivi;5
tapani;;substantiivi;5
tapsi;;substantiivi;5
taranteli;;substantiivi;5
tariffi;;substantiivi;5
tarot;;substantiivi;5
tasapari;;substantiivi;5
tasoitusmaali;;substantiivi;5
tassi;;substantiivi;5
tasting;;substantiivi;5
tatami;;substantiivi;5
tatsi;;substantiivi;5
tauriini;;substantiivi;5
tavi;;substantiivi;5
teak;;substantiivi;5
teekuppipari;;substantiivi;5
teesi;;substantiivi;5
teflon;;substantiivi;5
tehdashalli;;substantiivi;5
teiini;;substantiivi;5
teili;;substantiivi;5
teini;;substantiivi;5
teismi;;substantiivi;5
teisti;1;substantiivi;5
teisti;2;substantiivi;5
teknetium;;substantiivi;5
teknologi;;substantiivi;5
teksti;;substantiivi;5
telefoni;;substantiivi;5
telekineesi;;substantiivi;5
teleksi;;substantiivi;5
telemark;;substantiivi;5
teli;;substantiivi;5
telomeeri;;substantiivi;5
temperatuuri;;substantiivi;5
tendenssi;;substantiivi;5
tennishalli;;substantiivi;5
tensidi;;substantiivi;5
teollisuushalli;;substantiivi;5
teologi;;substantiivi;5
teosofi;;substantiivi;5
terassi;;substantiivi;5
teratogeeni;;substantiivi;5
terijaki;;substantiivi;5
teriyaki;;substantiivi;5
termi;;substantiivi;5
terminaali;;substantiivi;5
termopari;;substantiivi;5
terrasti;;substantiivi;5
terrorismi;;substantiivi;5
terroristi;;substantiivi;5
terssi;;substantiivi;5
tertiääri;;substantiivi;5
terveysriski;;substantiivi;5
teräsvaari;;substantiivi;5
tessi;;substantiivi;5
testi;;substantiivi;5
TET;;substantiivi;5
tetraedri;;substantiivi;5
tetrasykliini;;substantiivi;5
texmex;;substantiivi;5
thorax;;substantiivi;5
tiamiini;;substantiivi;5
tic;;substantiivi;5
tie-break;;substantiivi;5
tienvarsipommi;;substantiivi;5
tiibet;;substantiivi;5
tiimi;;substantiivi;5
tikli;;substantiivi;5
tilaviini;;substantiivi;5
tili;;substantiivi;5
tilli;;substantiivi;5
tilpehööri;;substantiivi;5
tilsit;;substantiivi;5
timpermanni;;substantiivi;5
tinnerismi;;substantiivi;5
tinneristi;;substantiivi;5
tintamareski;;substantiivi;5
tipi;;substantiivi;5
tirehtööri;;substantiivi;5
tirri;;substantiivi;5
tiski;;substantiivi;5
tissi;;substantiivi;5
toast;;substantiivi;5
tokaji;;substantiivi;5
tokajinviini;;substantiivi;5
toksiini;;substantiivi;5
toleranssi;;substantiivi;5
tolueeni;;substantiivi;5
tomahawk;;substantiivi;5
tomografi;;substantiivi;5
tomtom;;substantiivi;5
tonni;;substantiivi;5
topaasi;;substantiivi;5
topless;;substantiivi;5
topografi;;substantiivi;5
toreadori;;substantiivi;5
tori;;substantiivi;5
torium;;substantiivi;5
torni;;substantiivi;5
tortelliini;;substantiivi;5
totalitarismi;;substantiivi;5
totemismi;;substantiivi;5
toti;;substantiivi;5
touvi;;substantiivi;5
tovi;;substantiivi;5
traani;;substantiivi;5
tradenomi;;substantiivi;5
trafikisti;;substantiivi;5
tralli;;substantiivi;5
trampoliini;;substantiivi;5
transferenssi;;substantiivi;5
transithalli;;substantiivi;5
translatiivi;;substantiivi;5
transparenssi;;substantiivi;5
transseksuaali;;substantiivi;5
transsendenssi;;substantiivi;5
transsi;;substantiivi;5
transvestismi;;substantiivi;5
transvestitismi;;substantiivi;5
trap;;substantiivi;5
treeni;;substantiivi;5
treffit;;substantiivi;5
trehaloosi;;substantiivi;5
trenchcoat;;substantiivi;5
trendi;;substantiivi;5
trenssi;;substantiivi;5
trial;;substantiivi;5
trialisti;;substantiivi;5
triathlonisti;;substantiivi;5
triatlonisti;;substantiivi;5
tribunaali;;substantiivi;5
triennaali;;substantiivi;5
trikinoosi;;substantiivi;5
trilli;;substantiivi;5
trimaraani;;substantiivi;5
triumfi;;substantiivi;5
trolli;;substantiivi;5
trombi;1;substantiivi;5
trombi;2;substantiivi;5
tromboosi;;substantiivi;5
trooli;;substantiivi;5
tropismi;;substantiivi;5
troposfääri;;substantiivi;5
trotskismi;;substantiivi;5
trubaduuri;;substantiivi;5
truismi;;substantiivi;5
trulli;;substantiivi;5
trumpetisti;;substantiivi;5
trusti;;substantiivi;5
tsaari;;substantiivi;5
tsarismi;;substantiivi;5
tsatsiki;;substantiivi;5
tšeremissi;;substantiivi;5
tsunami;;substantiivi;5
tuberkuliini;;substantiivi;5
tuberkuloosi;;substantiivi;5
tubi;;substantiivi;5
tukiliivi;;substantiivi;5
tulli;;substantiivi;5
tunkrahvi;;substantiivi;5
tuoli;;substantiivi;5
tupajumi;;substantiivi;5
turbulenssi;;substantiivi;5
turismi;;substantiivi;5
turisti;;substantiivi;5
turkisliivi;;substantiivi;5
turkkiliivi;;substantiivi;5
turkologi;;substantiivi;5
turmaliini;;substantiivi;5
turnipsi;;substantiivi;5
turri;;substantiivi;5
turvaliivi;;substantiivi;5
turvallisuusriski;;substantiivi;5
turvariski;;substantiivi;5
tussi;;substantiivi;5
tutkapari;;substantiivi;5
tutsi;;substantiivi;5
tuubi;;substantiivi;5
tuuri;;substantiivi;5
tweed;;substantiivi;5
tvilli;;substantiivi;5
twist;;substantiivi;5
tvisti;;substantiivi;5
twisti;;substantiivi;5
tyhmeliini;;substantiivi;5
tylli;1;substantiivi;5
tylli;2;substantiivi;5
typografi;;substantiivi;5
typpioksiduuli;;substantiivi;5
tyranni;;substantiivi;5
tyrni;;substantiivi;5
tyroksiini;;substantiivi;5
tyyli;;substantiivi;5
tyyrpuuri;;substantiivi;5
työpari;;substantiivi;5
tägi;;substantiivi;5
tälli;;substantiivi;5
täytekeksi;;substantiivi;5
tölli;;substantiivi;5
ufologi;;substantiivi;5
ugristi;;substantiivi;5
uhri;;substantiivi;5
uimahalli;;substantiivi;5
ulkomaali;;substantiivi;5
ulkomaanpassi;;substantiivi;5
ultramariini;;substantiivi;5
umami;;substantiivi;5
underground;;substantiivi;5
understatement;;substantiivi;5
unelmamaali;;substantiivi;5
unisex;;substantiivi;5
universiadit;;substantiivi;5
unssi;;substantiivi;5
upslaaki;;substantiivi;5
urheiluhalli;;substantiivi;5
urinaali;;substantiivi;5
urologi;;substantiivi;5
utareliivi;;substantiivi;5
utilitarismi;;substantiivi;5
utilitaristi;;substantiivi;5
utopisti;;substantiivi;5
uuni;;substantiivi;5
vaali;;substantiivi;5
vaari;1;substantiivi;5
vaasi;;substantiivi;5
vaavi;;substantiivi;5
vadi;;substantiivi;5
vaginismi;;substantiivi;5
wahhabismi;;substantiivi;5
vaihtoautohalli;;substantiivi;5
vakanssi;;substantiivi;5
vaksi;;substantiivi;5
valenssi;;substantiivi;5
valkoviini;;substantiivi;5
vallesmanni;;substantiivi;5
valli;;substantiivi;5
valssi;1;substantiivi;5
valssi;2;substantiivi;5
valuuttabaari;;substantiivi;5
vanadiini;;substantiivi;5
vandalismi;;substantiivi;5
vanilliini;;substantiivi;5
vapiti;;substantiivi;5
varenikliini;;substantiivi;5
vari;1;substantiivi;5
varianssi;;substantiivi;5
varistori;;substantiivi;5
varjagi;;substantiivi;5
varusteliivi;;substantiivi;5
varvi;;substantiivi;5
wasabi;;substantiivi;5
vasalli;;substantiivi;5
vaseliini;;substantiivi;5
vastapari;;substantiivi;5
vastapooli;;substantiivi;5
vastinpari;;substantiivi;5
vatupassi;;substantiivi;5
web;;substantiivi;5
webbi;;substantiivi;5
webinaari;;substantiivi;5
veganismi;;substantiivi;5
vegetaari;;substantiivi;5
vegetariaani;;substantiivi;5
vegetarianismi;;substantiivi;5
vegetarismi;;substantiivi;5
vegetaristi;;substantiivi;5
veivi;;substantiivi;5
wellerismi;;substantiivi;5
velli;;substantiivi;5
velodromi;;substantiivi;5
veneilyliivi;;substantiivi;5
venerologi;;substantiivi;5
verbi;;substantiivi;5
vermiselli;;substantiivi;5
vertikaali;;substantiivi;5
vesihygieniapassi;;substantiivi;5
vesiposti;;substantiivi;5
veski;;substantiivi;5
wessi;;substantiivi;5
western;;substantiivi;5
vestonomi;;substantiivi;5
veteraani;;substantiivi;5
veturihalli;;substantiivi;5
whippet;;substantiivi;5
vibrafoni;;substantiivi;5
vibrafonisti;;substantiivi;5
videoteksi;;substantiivi;5
wienervalssi;;substantiivi;5
wieniläisvalssi;;substantiivi;5
vieruspari;;substantiivi;5
viesti;;substantiivi;5
wifi;;substantiivi;5
wigwam;;substantiivi;5
vihi;;substantiivi;5
vihkipalli;;substantiivi;5
vihkipari;;substantiivi;5
vihtrilli;;substantiivi;5
viili;;substantiivi;5
viini;1;substantiivi;5
viinibaari;;substantiivi;5
viiri;;substantiivi;5
wiki;;substantiivi;5
viktoriaani;;substantiivi;5
vingerpori;;substantiivi;5
vinssi;;substantiivi;5
violisti;;substantiivi;5
viri;;substantiivi;5
virologi;;substantiivi;5
virtuoosi;;substantiivi;5
virulenssi;;substantiivi;5
visionääri;;substantiivi;5
viski;;substantiivi;5
visti;;substantiivi;5
vitalismi;;substantiivi;5
vitamiini;;substantiivi;5
vitsi;;substantiivi;5
viulisti;;substantiivi;5
vlogi;;substantiivi;5
vohvelikeksi;;substantiivi;5
voileipäkeksi;;substantiivi;5
voittomaali;;substantiivi;5
wok;;substantiivi;5
vokalisti;;substantiivi;5
vol-au-vent;;substantiivi;5
workshop;;substantiivi;5
vorschmack;;substantiivi;5
voyeurismi;;substantiivi;5
voyeuristi;;substantiivi;5
wrap;;substantiivi;5
vulgarismi;;substantiivi;5
vulkanologi;;substantiivi;5
vuoropari;;substantiivi;5
vuosikertaviini;;substantiivi;5
väli;;substantiivi;5
väri;;substantiivi;5
yakitori;;substantiivi;5
yang;;substantiivi;5
yin;;substantiivi;5
ylipainehalli;;substantiivi;5
ylivoimamaali;;substantiivi;5
ympäristöriski;;substantiivi;5
ypsilon;;substantiivi;5
yritysriski;;substantiivi;5
ysi;;substantiivi;5
yuan;;substantiivi;5
yöbaari;;substantiivi;5
zen;;substantiivi;5
zeppeliini;;substantiivi;5
zirkonium;;substantiivi;5
zombi;;substantiivi;5
zoologi;;substantiivi;5
zoomi;;substantiivi;5
älli;;substantiivi;5
ärripurri;;substantiivi;5
äyri;;substantiivi;5
äänestysposti;;substantiivi;5
öljymaali;;substantiivi;5
aktiivi;;substantiivi, adjektiivi;5
bling-bling;;substantiivi, adjektiivi;5
boheemi;;substantiivi, adjektiivi;5
defekti;;substantiivi, adjektiivi;5
imbesilli;;substantiivi, adjektiivi;5
kriminaali;;substantiivi, adjektiivi;5
kultakutri;;substantiivi, adjektiivi;5
liberaali;;substantiivi, adjektiivi;5
lipilaari;;substantiivi, adjektiivi;5
lysti;;substantiivi, adjektiivi;5
läski;;substantiivi, adjektiivi;5
manifesti;;substantiivi, adjektiivi;5
megalomaani;;substantiivi, adjektiivi;5
paralleeli;;substantiivi, adjektiivi;5
prekaari;;substantiivi, adjektiivi;5
sekoboltsi;;substantiivi, adjektiivi;5
skitsofreeni;;substantiivi, adjektiivi;5
banaali;;adjektiivi;6
bisarri;;adjektiivi;6
brutaali;;adjektiivi;6
fataali;;adjektiivi;6
formaali;;adjektiivi;6
globaali;;adjektiivi;6
höveli;;adjektiivi;6
kepuli;;adjektiivi;6
kronkeli;;adjektiivi;6
letaali;;adjektiivi;6
mobiili;;adjektiivi;6
neutraali;;adjektiivi;6
passeli;;adjektiivi;6
postuumi;;adjektiivi;6
random;;adjektiivi;6
reversiibeli;;adjektiivi;6
ronkeli;;adjektiivi;6
seniili;;adjektiivi;6
simppeli;;adjektiivi;6
spontaani;;adjektiivi;6
stabiili;;adjektiivi;6
steriili;;adjektiivi;6
taktiili;;adjektiivi;6
urbaani;;adjektiivi;6
viraali;;adjektiivi;6
vitaali;;adjektiivi;6
asuuri;;adjektiivi, substantiivi;6
honkkeli;;adjektiivi, substantiivi;6
kaheli;;adjektiivi, substantiivi;6
koheli;;adjektiivi, substantiivi;6
normaali;;adjektiivi, substantiivi;6
vasuri;;adjektiivi, substantiivi;6
aateli;;substantiivi;6
action;;substantiivi;6
adapteri;;substantiivi;6
afrikaaneri;;substantiivi;6
agar;;substantiivi;6
agar-agar;;substantiivi;6
agitaattori;;substantiivi;6
ahteri;;substantiivi;6
aioli;;substantiivi;6
aituri;;substantiivi;6
ajuri;;substantiivi;6
akkumulaattori;;substantiivi;6
akryyli;;substantiivi;6
akseli;;substantiivi;6
aktori;;substantiivi;6
akupunktuuri;;substantiivi;6
alabasteri;;substantiivi;6
albaani;;substantiivi;6
albumi;;substantiivi;6
alien;;substantiivi;6
alkali;;substantiivi;6
alkkarit;;substantiivi;6
alligaattori;;substantiivi;6
alttari;;substantiivi;6
alumni;;substantiivi;6
alvari;;substantiivi;6
ampeeri;;substantiivi;6
amppeli;;substantiivi;6
analysaattori;;substantiivi;6
ankkuri;;substantiivi;6
ansari;;substantiivi;6
antenni;;substantiivi;6
anturi;;substantiivi;6
appenzeller;;substantiivi;6
applikaattori;;substantiivi;6
approbatur;;substantiivi;6
apteekkari;;substantiivi;6
apuri;;substantiivi;6
arseeni;;substantiivi;6
art director;;substantiivi;6
artikkeli;;substantiivi;6
asemalaituri;;substantiivi;6
asessori;;substantiivi;6
assari;;substantiivi;6
asteri;;substantiivi;6
atari;;substantiivi;6
atolli;;substantiivi;6
atomi;;substantiivi;6
azerbaidžani;;substantiivi;6
azeri;;substantiivi;6
baby shower;;substantiivi;6
babysitter;;substantiivi;6
backgammon;;substantiivi;6
bagel;;substantiivi;6
bageli;;substantiivi;6
bakteeri;;substantiivi;6
balsami;;substantiivi;6
banaani;;substantiivi;6
banneri;;substantiivi;6
barbaari;;substantiivi;6
barnakkeli;;substantiivi;6
barreli;;substantiivi;6
basaari;;substantiivi;6
basenji;;substantiivi;6
basilli;;substantiivi;6
baskeri;;substantiivi;6
bensiini;;substantiivi;6
berberi;1;substantiivi;6
berberi;2;substantiivi;6
besserwisser;;substantiivi;6
bestseller;;substantiivi;6
betoni;;substantiivi;6
biedermeier;;substantiivi;6
biisami;;substantiivi;6
biisoni;;substantiivi;6
bikinit;;substantiivi;6
biljardi;;substantiivi;6
bitter;;substantiivi;6
bitumi;;substantiivi;6
blazer;;substantiivi;6
bleiseri;;substantiivi;6
blenderi;;substantiivi;6
blisteri;;substantiivi;6
bloggari;;substantiivi;6
blondiini;;substantiivi;6
bodari;;substantiivi;6
bofori;;substantiivi;6
boileri;;substantiivi;6
bokseri;;substantiivi;6
bokserit;;substantiivi;6
bongari;;substantiivi;6
boomer;;substantiivi;6
boomeri;;substantiivi;6
boosteri;;substantiivi;6
bosoni;;substantiivi;6
bourbon;;substantiivi;6
brahmaani;;substantiivi;6
bramaani;;substantiivi;6
bramiini;;substantiivi;6
bravuuri;;substantiivi;6
broileri;;substantiivi;6
brokkoli;;substantiivi;6
brosari;;substantiivi;6
bulgaari;;substantiivi;6
bulguri;;substantiivi;6
bulvaani;;substantiivi;6
bunkkeri;;substantiivi;6
burgeri;;substantiivi;6
burkini;;substantiivi;6
buumeri;;substantiivi;6
buusteri;;substantiivi;6
buzuki;;substantiivi;6
bäkkäri;;substantiivi;6
chanson;;substantiivi;6
cheerleader;;substantiivi;6
copywriter;;substantiivi;6
cover;;substantiivi;6
crostini;;substantiivi;6
daktyyli;;substantiivi;6
dealer;;substantiivi;6
defibrillaattori;;substantiivi;6
dekaani;1;substantiivi;6
dekaani;2;substantiivi;6
dekantteri;;substantiivi;6
dekkari;;substantiivi;6
dekooderi;;substantiivi;6
delfiini;;substantiivi;6
demari;;substantiivi;6
designer;;substantiivi;6
detalji;;substantiivi;6
detektori;;substantiivi;6
diaari;;substantiivi;6
diakoni;;substantiivi;6
diesel;;substantiivi;6
diileri;;substantiivi;6
diktaattori;;substantiivi;6
dinaari;;substantiivi;6
diopteri;;substantiivi;6
dirhami;;substantiivi;6
divaani;;substantiivi;6
divari;1;substantiivi;6
divari;2;substantiivi;6
divertikkeli;;substantiivi;6
dokkari;;substantiivi;6
dollari;;substantiivi;6
dongarit;;substantiivi;6
donjuan;;substantiivi;6
dragsteri;;substantiivi;6
dreeveri;;substantiivi;6
duffeli;;substantiivi;6
dumpperi;;substantiivi;6
duunari;;substantiivi;6
dyykkari;;substantiivi;6
edam;;substantiivi;6
eekkeri;;substantiivi;6
eetteri;;substantiivi;6
ekvaattori;;substantiivi;6
elevaattori;;substantiivi;6
elämäkerturi;;substantiivi;6
emali;;substantiivi;6
emiiri;;substantiivi;6
emoji;;substantiivi;6
empiiri;;substantiivi;6
emulaattori;;substantiivi;6
emulgaattori;;substantiivi;6
enkeli;;substantiivi;6
entsyymi;;substantiivi;6
epeli;;substantiivi;6
epilaattori;;substantiivi;6
erkkeri;;substantiivi;6
eskaaderi;;substantiivi;6
eskari;;substantiivi;6
esteri;;substantiivi;6
estimaattori;;substantiivi;6
faabeli;;substantiivi;6
fakiiri;;substantiivi;6
faktori;;substantiivi;6
faneeri;;substantiivi;6
fanfaari;;substantiivi;6
farmari;;substantiivi;6
fasaani;;substantiivi;6
fasilitaattori;;substantiivi;6
feissari;;substantiivi;6
festari;;substantiivi;6
fiftari;;substantiivi;6
figuuri;;substantiivi;6
fiiberi;;substantiivi;6
fikkari;;substantiivi;6
fillari;;substantiivi;6
filtteri;;substantiivi;6
filuri;;substantiivi;6
finaali;;substantiivi;6
firaabeli;;substantiivi;6
fisteli;;substantiivi;6
flaijeri;;substantiivi;6
flanelli;;substantiivi;6
flanööri;;substantiivi;6
flimmeri;;substantiivi;6
flipperi;;substantiivi;6
floriini;;substantiivi;6
flyygeli;;substantiivi;6
foneemi;;substantiivi;6
foorumi;;substantiivi;6
fossiili;;substantiivi;6
fotoni;;substantiivi;6
fraktaali;;substantiivi;6
freelancer;;substantiivi;6
frisyyri;;substantiivi;6
futari;;substantiivi;6
futon;;substantiivi;6
futuuri;;substantiivi;6
fyssari;;substantiivi;6
gallup;;substantiivi;6
gammabutyrolaktoni;;substantiivi;6
gangsteri;;substantiivi;6
gaselli;;substantiivi;6
gender;;substantiivi;6
generaattori;;substantiivi;6
germaani;;substantiivi;6
gibboni;;substantiivi;6
girlandi;;substantiivi;6
gladiaattori;;substantiivi;6
glitteri;;substantiivi;6
glukoosi;;substantiivi;6
golffari;;substantiivi;6
gondoli;;substantiivi;6
grammari;;substantiivi;6
gratiini;;substantiivi;6
gravyyri;;substantiivi;6
grissini;;substantiivi;6
grynderi;;substantiivi;6
gyrokopteri;;substantiivi;6
haalari;;substantiivi;6
haaremi;;substantiivi;6
haaveri;;substantiivi;6
haavuri;;substantiivi;6
haisuli;;substantiivi;6
haitari;;substantiivi;6
hakkeri;;substantiivi;6
hakkuri;;substantiivi;6
halloumi;;substantiivi;6
halstari;;substantiivi;6
halsteri;;substantiivi;6
halumi;;substantiivi;6
hamppari;1;substantiivi;6
hamppari;2;substantiivi;6
hampuusi;;substantiivi;6
hamsteri;;substantiivi;6
hanslankari;;substantiivi;6
hantlankari;;substantiivi;6
hanuri;;substantiivi;6
harvesteri;;substantiivi;6
hauturi;;substantiivi;6
hauveli;;substantiivi;6
haveri;;substantiivi;6
headhunter;;substantiivi;6
hedari;;substantiivi;6
hehtaari;;substantiivi;6
heijari;;substantiivi;6
heiluri;;substantiivi;6
helikopteri;;substantiivi;6
helkkari;;substantiivi;6
helleeni;;substantiivi;6
henkari;;substantiivi;6
henkkari;;substantiivi;6
henkselit;;substantiivi;6
hepuli;;substantiivi;6
hihhuli;;substantiivi;6
hiihtarit;;substantiivi;6
hiilari;;substantiivi;6
hiippari;;substantiivi;6
hikkori;;substantiivi;6
hilleri;;substantiivi;6
hilpari;;substantiivi;6
himmeli;;substantiivi;6
hinttari;;substantiivi;6
hiphoppari;;substantiivi;6
hipsteri;;substantiivi;6
hipsterit;;substantiivi;6
hitsari;;substantiivi;6
hodari;;substantiivi;6
hoituri;;substantiivi;6
hokkari;;substantiivi;6
holkeri;;substantiivi;6
hommeli;;substantiivi;6
hoppari;;substantiivi;6
hostelli;;substantiivi;6
hotelli;;substantiivi;6
hovimaalari;;substantiivi;6
huijari;;substantiivi;6
huithapeli;;substantiivi;6
hummeri;;substantiivi;6
huppari;;substantiivi;6
huppeli;;substantiivi;6
hurmuri;;substantiivi;6
husaari;;substantiivi;6
huumori;;substantiivi;6
hydrokopteri;;substantiivi;6
hyppyri;;substantiivi;6
hälytyssireeni;;substantiivi;6
häläri;;substantiivi;6
häntyri;;substantiivi;6
härveli;;substantiivi;6
hökkeli;;substantiivi;6
hösseli;;substantiivi;6
idoli;;substantiivi;6
ikoni;;substantiivi;6
ikonimaalari;;substantiivi;6
imitaattori;;substantiivi;6
improbatur;;substantiivi;6
imuri;;substantiivi;6
indikaattori;;substantiivi;6
influensseri;;substantiivi;6
inhalaattori;;substantiivi;6
inhibiittori;;substantiivi;6
inkkari;;substantiivi;6
inkubaattori;;substantiivi;6
inkunaabeli;;substantiivi;6
inkvisiittori;;substantiivi;6
inspehtori;;substantiivi;6
invertteri;;substantiivi;6
ioni;;substantiivi;6
ionisaattori;;substantiivi;6
iskuri;;substantiivi;6
itsari;;substantiivi;6
jankkuri;;substantiivi;6
jatsari;;substantiivi;6
jazzari;;substantiivi;6
jeeveli;;substantiivi;6
jepari;;substantiivi;6
jobbari;;substantiivi;6
jokeri;;substantiivi;6
julmuri;;substantiivi;6
jumpperi;;substantiivi;6
juniori;;substantiivi;6
junkkari;;substantiivi;6
juomari;;substantiivi;6
jurumi;;substantiivi;6
justeeri;;substantiivi;6
juukeli;;substantiivi;6
juupeli;;substantiivi;6
jysäri;;substantiivi;6
jyväjemmari;;substantiivi;6
jälkkäri;;substantiivi;6
jännäri;;substantiivi;6
jääkäri;;substantiivi;6
kaaderi;;substantiivi;6
kaahari;;substantiivi;6
kaakeli;;substantiivi;6
kaakkuri;;substantiivi;6
kaanon;;substantiivi;6
kaapeli;;substantiivi;6
kaappari;;substantiivi;6
kaftaani;;substantiivi;6
kahmari;;substantiivi;6
kahveli;;substantiivi;6
kaivuri;;substantiivi;6
kajari;;substantiivi;6
kaksari;;substantiivi;6
kalanteri;;substantiivi;6
kaleeri;;substantiivi;6
kalenteri;;substantiivi;6
kalmari;;substantiivi;6
kalori;;substantiivi;6
kalsarit;;substantiivi;6
kalsitrioli;;substantiivi;6
kalterit;;substantiivi;6
kamari;;substantiivi;6
kameli;;substantiivi;6
kamferi;;substantiivi;6
kammari;;substantiivi;6
kamreeri;;substantiivi;6
kanaali;;substantiivi;6
kaneli;;substantiivi;6
kaniini;;substantiivi;6
kanisteri;;substantiivi;6
kanjoni;;substantiivi;6
kankuri;;substantiivi;6
kanoni;;substantiivi;6
kansleri;;substantiivi;6
kantaurali;;substantiivi;6
kantoni;;substantiivi;6
kanttiini;;substantiivi;6
kanttori;;substantiivi;6
kappeli;;substantiivi;6
kapseli;;substantiivi;6
kapteeni;;substantiivi;6
karakteri;;substantiivi;6
karavaanari;;substantiivi;6
kardoni;;substantiivi;6
karkuri;;substantiivi;6
karmiini;;substantiivi;6
karpaasi;;substantiivi;6
kartturi;;substantiivi;6
karvari;;substantiivi;6
kasari;1;substantiivi;6
kasleri;;substantiivi;6
kassari;;substantiivi;6
kassler;;substantiivi;6
kasvovisiiri;;substantiivi;6
katalysaattori;;substantiivi;6
kauluri;;substantiivi;6
kaveri;;substantiivi;6
kehveli;;substantiivi;6
keikari;;substantiivi;6
keisari;;substantiivi;6
kekkerit;;substantiivi;6
kekkuli;;substantiivi;6
kellari;;substantiivi;6
kenraali;;substantiivi;6
kentauri;;substantiivi;6
keppari;;substantiivi;6
keraami;;substantiivi;6
kerskuri;;substantiivi;6
keskari;;substantiivi;6
keulavisiiri;;substantiivi;6
kevari;;substantiivi;6
kielari;;substantiivi;6
kievari;;substantiivi;6
kihveli;;substantiivi;6
kiikari;;substantiivi;6
kiipeli;;substantiivi;6
kiisseli;;substantiivi;6
kikkeli;;substantiivi;6
kilari;;substantiivi;6
kimeeri;;substantiivi;6
kimuli;;substantiivi;6
kinkerit;;substantiivi;6
kinuski;;substantiivi;6
kippari;;substantiivi;6
kirjuri;;substantiivi;6
kirkkomaalari;;substantiivi;6
kirppari;;substantiivi;6
kirveli;;substantiivi;6
kiskuri;;substantiivi;6
kitiini;;substantiivi;6
kivilaakeri;;substantiivi;6
kivilaituri;;substantiivi;6
kivipilari;;substantiivi;6
kivääri;;substantiivi;6
klemmari;;substantiivi;6
klezmer;;substantiivi;6
klinkkeri;;substantiivi;6
klusteri;;substantiivi;6
knöödeli;;substantiivi;6
kokkarit;;substantiivi;6
kokkeli;;substantiivi;6
kolari;;substantiivi;6
kolhoosi;;substantiivi;6
kollarit;;substantiivi;6
komeljanttari;;substantiivi;6
kommari;;substantiivi;6
kommentaattori;;substantiivi;6
kommutaattori;;substantiivi;6
kommuuni;;substantiivi;6
kompressori;;substantiivi;6
kondensaattori;;substantiivi;6
kondiittori;;substantiivi;6
kondomi;;substantiivi;6
kondori;;substantiivi;6
konkari;;substantiivi;6
konnari;;substantiivi;6
konservaattori;;substantiivi;6
konsistori;;substantiivi;6
konsoli;;substantiivi;6
konstaapeli;;substantiivi;6
konsuli;;substantiivi;6
konteineri;;substantiivi;6
konttori;;substantiivi;6
koodari;;substantiivi;6
koordinaattori;;substantiivi;6
koppari;;substantiivi;6
kopteri;;substantiivi;6
korianteri;;substantiivi;6
koristemaalari;;substantiivi;6
korjuri;;substantiivi;6
korkkari;;substantiivi;6
korrepetiittori;;substantiivi;6
korsteeni;;substantiivi;6
kortteeri;;substantiivi;6
kortteli;;substantiivi;6
koturni;;substantiivi;6
kraatteri;;substantiivi;6
kraiveli;;substantiivi;6
krakkeri;;substantiivi;6
kriteeri;;substantiivi;6
krokaani;;substantiivi;6
krouvari;;substantiivi;6
kuhnuri;;substantiivi;6
kuivuri;;substantiivi;6
kulkuri;;substantiivi;6
kulmuri;;substantiivi;6
kultivaattori;;substantiivi;6
kulttuuri;;substantiivi;6
kummarit;;substantiivi;6
kummeli;;substantiivi;6
kumpeli;;substantiivi;6
kumppani;;substantiivi;6
kumpparit;;substantiivi;6
kumuri;;substantiivi;6
kunnari;;substantiivi;6
kuntsari;;substantiivi;6
kuohari;1;substantiivi;6
kuohari;2;substantiivi;6
kuormuri;;substantiivi;6
kupari;;substantiivi;6
kupoli;;substantiivi;6
kuppari;;substantiivi;6
kuraattori;;substantiivi;6
kuriiri;;substantiivi;6
kursori;;substantiivi;6
kutteri;1;substantiivi;6
kutteri;2;substantiivi;6
kuukkeli;;substantiivi;6
kuulalaakeri;;substantiivi;6
kuunari;;substantiivi;6
kvartaali;;substantiivi;6
kveekari;;substantiivi;6
kvitteni;;substantiivi;6
kylppäri;;substantiivi;6
kylteri;;substantiivi;6
kynteli;;substantiivi;6
kyntteli;;substantiivi;6
kyssäri;;substantiivi;6
kysäri;;substantiivi;6
kyyppari;;substantiivi;6
kyöpeli;;substantiivi;6
kärkilaakeri;;substantiivi;6
kärkkäri;;substantiivi;6
kärräri;;substantiivi;6
kässäri;;substantiivi;6
kätyri;;substantiivi;6
laakeri;1;substantiivi;6
laakeri;2;substantiivi;6
laastari;;substantiivi;6
laboraattori;;substantiivi;6
lager;;substantiivi;6
lahtari;;substantiivi;6
laikkuri;;substantiivi;6
laiskuri;;substantiivi;6
laituri;1;substantiivi;6
laituri;2;substantiivi;6
laivalaituri;;substantiivi;6
laivuri;;substantiivi;6
lakeeri;;substantiivi;6
lampuri;;substantiivi;6
lankkumaalari;;substantiivi;6
lantsarit;;substantiivi;6
laser;;substantiivi;6
laseri;;substantiivi;6
laskuri;;substantiivi;6
lastauslaituri;;substantiivi;6
lattari;;substantiivi;6
laturi;;substantiivi;6
laudatur;;substantiivi;6
lautturi;;substantiivi;6
laveri;;substantiivi;6
lehteri;;substantiivi;6
lehtori;;substantiivi;6
leikari;;substantiivi;6
leikkuri;;substantiivi;6
leipuri;;substantiivi;6
lekkeri;;substantiivi;6
lekuri;;substantiivi;6
lemppari;;substantiivi;6
lenkkari;;substantiivi;6
leptoni;;substantiivi;6
levyri;;substantiivi;6
liftari;;substantiivi;6
liippari;;substantiivi;6
liirumlaarum;;substantiivi;6
liirumlaarumi;;substantiivi;6
liisteri;;substantiivi;6
liiteri;;substantiivi;6
likusteri;;substantiivi;6
likööri;;substantiivi;6
limppari;;substantiivi;6
linjuri;;substantiivi;6
linkkari;;substantiivi;6
linoli;;substantiivi;6
lintsari;;substantiivi;6
liperi;1;substantiivi;6
liperi;2;substantiivi;6
liperit;;substantiivi;6
litsari;;substantiivi;6
liukulaakeri;;substantiivi;6
liukuri;;substantiivi;6
loafer;;substantiivi;6
lobbari;;substantiivi;6
loikkari;;substantiivi;6
lokari;;substantiivi;6
longaani;;substantiivi;6
loparit;;substantiivi;6
louferi;;substantiivi;6
luikuri;;substantiivi;6
lukaali;;substantiivi;6
lukkari;1;substantiivi;6
lukkari;2;substantiivi;6
lumen;;substantiivi;6
lumppari;;substantiivi;6
luostari;;substantiivi;6
lupiini;;substantiivi;6
luumen;;substantiivi;6
luuseri;;substantiivi;6
lysteri;;substantiivi;6
lälläri;;substantiivi;6
lämppäri;;substantiivi;6
lämäri;;substantiivi;6
länkkäri;;substantiivi;6
läppäri;;substantiivi;6
lääkäri;;substantiivi;6
lööperi;;substantiivi;6
maakari;;substantiivi;6
maalari;1;substantiivi;6
maalari;2;substantiivi;6
maasturi;;substantiivi;6
maihari;;substantiivi;6
maileri;;substantiivi;6
mainari;;substantiivi;6
mainospilari;;substantiivi;6
maisemamaalari;;substantiivi;6
maisteri;;substantiivi;6
maitolaituri;;substantiivi;6
majuri;;substantiivi;6
makkari;;substantiivi;6
manageri;;substantiivi;6
maneeri;;substantiivi;6
manipulaattori;;substantiivi;6
mankeli;;substantiivi;6
manteli;;substantiivi;6
manttaali;;substantiivi;6
mantteli;;substantiivi;6
maratoonari;;substantiivi;6
markkeri;;substantiivi;6
marmori;;substantiivi;6
marttyyri;;substantiivi;6
matrikkeli;;substantiivi;6
mattolaituri;;substantiivi;6
medisiinari;;substantiivi;6
meijeri;;substantiivi;6
meirami;;substantiivi;6
meisseli;;substantiivi;6
meklari;;substantiivi;6
meloni;;substantiivi;6
memorandumi;;substantiivi;6
mentori;;substantiivi;6
merkeli;;substantiivi;6
mestari;;substantiivi;6
meteli;;substantiivi;6
metsuri;;substantiivi;6
mikkeli;;substantiivi;6
mikseri;;substantiivi;6
miniatyyrimaalari;;substantiivi;6
ministeri;;substantiivi;6
mirhami;;substantiivi;6
mirin;;substantiivi;6
mispeli;;substantiivi;6
misteli;;substantiivi;6
misääri;;substantiivi;6
mitali;;substantiivi;6
mittari;;substantiivi;6
moderaattori;;substantiivi;6
modulaattori;;substantiivi;6
moduuli;;substantiivi;6
molari;;substantiivi;6
monokkeli;;substantiivi;6
monsteri;;substantiivi;6
monsuuni;;substantiivi;6
monttööri;;substantiivi;6
moottori;;substantiivi;6
moraali;;substantiivi;6
moreeni;;substantiivi;6
mortteli;;substantiivi;6
motari;;substantiivi;6
motelli;;substantiivi;6
motskari;;substantiivi;6
moukari;;substantiivi;6
muffini;;substantiivi;6
mufloni;;substantiivi;6
mullah;;substantiivi;6
mummeli;;substantiivi;6
muotokuvamaalari;;substantiivi;6
muraali;;substantiivi;6
murjaani;;substantiivi;6
murmeli;;substantiivi;6
muskari;;substantiivi;6
muskeli;;substantiivi;6
musliini;;substantiivi;6
muslimi;;substantiivi;6
mutteri;;substantiivi;6
muurari;;substantiivi;6
mylläri;;substantiivi;6
mysteeri;;substantiivi;6
mörssäri;;substantiivi;6
mööpeli;;substantiivi;6
naamari;;substantiivi;6
naapuri;;substantiivi;6
nahkuri;;substantiivi;6
nailon;;substantiivi;6
napanteri;;substantiivi;6
nappeli;;substantiivi;6
narkkari;;substantiivi;6
narkoosi;;substantiivi;6
naskali;1;substantiivi;6
naskali;2;substantiivi;6
nauhuri;;substantiivi;6
navigaattori;;substantiivi;6
neekeri;;substantiivi;6
nektari;;substantiivi;6
nelson;;substantiivi;6
neppari;;substantiivi;6
nestor;;substantiivi;6
nestori;;substantiivi;6
neukkari;;substantiivi;6
neulalaakeri;;substantiivi;6
neuluri;;substantiivi;6
neuroni;;substantiivi;6
neuroosi;;substantiivi;6
nikkari;;substantiivi;6
nikkeli;;substantiivi;6
nilkkuri;;substantiivi;6
nimmari;;substantiivi;6
nimppari;;substantiivi;6
nippeli;;substantiivi;6
niskuri;;substantiivi;6
nituri;;substantiivi;6
nosturi;;substantiivi;6
notaari;;substantiivi;6
nuudeli;;substantiivi;6
nylkyri;;substantiivi;6
nylon;;substantiivi;6
nyyttärit;;substantiivi;6
näkkäri;;substantiivi;6
näveri;;substantiivi;6
ohari;;substantiivi;6
okseri;;substantiivi;6
oleanteri;;substantiivi;6
oliivi;;substantiivi;6
olkkari;;substantiivi;6
opaali;;substantiivi;6
operaattori;;substantiivi;6
oraakkeli;;substantiivi;6
organisaattori;;substantiivi;6
orjanlaakeri;;substantiivi;6
orkesteri;;substantiivi;6
oskillaattori;;substantiivi;6
osmani;;substantiivi;6
ostari;;substantiivi;6
osteri;;substantiivi;6
outsider;;substantiivi;6
paakari;;substantiivi;6
padel;;substantiivi;6
paistokasari;;substantiivi;6
paituli;;substantiivi;6
pakaasi;;substantiivi;6
pakari;;substantiivi;6
pakkari;;substantiivi;6
pakkeli;;substantiivi;6
pakuri;;substantiivi;6
palisanteri;;substantiivi;6
palosireeni;;substantiivi;6
palturi;;substantiivi;6
paneeli;;substantiivi;6
pankkiiri;;substantiivi;6
pannari;;substantiivi;6
panssari;;substantiivi;6
pantteri;;substantiivi;6
paperi;;substantiivi;6
paplari;;substantiivi;6
partikkeli;;substantiivi;6
partneri;;substantiivi;6
parturi;;substantiivi;6
passari;;substantiivi;6
pastori;;substantiivi;6
pastrami;;substantiivi;6
pasuri;;substantiivi;6
pataani;;substantiivi;6
pateeni;;substantiivi;6
pateri;;substantiivi;6
patteri;;substantiivi;6
peeveli;;substantiivi;6
pehtori;;substantiivi;6
peijooni;;substantiivi;6
peitsari;;substantiivi;6
pekari;;substantiivi;6
pekoni;;substantiivi;6
pektiini;;substantiivi;6
pelkuri;;substantiivi;6
pelmeni;;substantiivi;6
peluri;;substantiivi;6
penaali;;substantiivi;6
penkkarit;;substantiivi;6
pensseli;;substantiivi;6
pentaani;;substantiivi;6
pentteri;;substantiivi;6
peplum;;substantiivi;6
perperi;;substantiivi;6
personal trainer;;substantiivi;6
peruspilari;;substantiivi;6
perätuuppari;;substantiivi;6
pessaari;;substantiivi;6
pesuri;;substantiivi;6
petroli;;substantiivi;6
petturi;;substantiivi;6
pihtari;;substantiivi;6
piikkari;;substantiivi;6
piilarit;;substantiivi;6
piirturi;;substantiivi;6
piisami;;substantiivi;6
piiskuri;;substantiivi;6
piisoni;;substantiivi;6
pikari;;substantiivi;6
pikeeri;;substantiivi;6
pikkarit;;substantiivi;6
pikseli;;substantiivi;6
pilari;1;substantiivi;6
pilari;2;substantiivi;6
pilasteri;;substantiivi;6
pilkkumi;;substantiivi;6
pilleri;;substantiivi;6
pillipiipari;;substantiivi;6
pilsneri;;substantiivi;6
pingviini;;substantiivi;6
pinnari;;substantiivi;6
pinseri;;substantiivi;6
pinteli;;substantiivi;6
pioni;1;substantiivi;6
pioni;2;substantiivi;6
pipari;;substantiivi;6
pippeli;;substantiivi;6
pippuri;;substantiivi;6
pistooli;;substantiivi;6
pitaali;;substantiivi;6
pitali;;substantiivi;6
plakkari;;substantiivi;6
plantaasi;;substantiivi;6
plataani;;substantiivi;6
pleenumi;;substantiivi;6
pogromi;;substantiivi;6
poimuri;;substantiivi;6
pointteri;;substantiivi;6
pokaali;;substantiivi;6
pokeri;;substantiivi;6
pokkari;;substantiivi;6
poliisi;;substantiivi;6
pollari;1;substantiivi;6
pollari;2;substantiivi;6
polstari;;substantiivi;6
polsteri;;substantiivi;6
polttarit;;substantiivi;6
polvarit;;substantiivi;6
polyesteri;;substantiivi;6
ponnari;;substantiivi;6
ponssari;;substantiivi;6
ponttoni;;substantiivi;6
poplari;;substantiivi;6
popliini;;substantiivi;6
poppari;1;substantiivi;6
poppari;2;substantiivi;6
poppeli;;substantiivi;6
porari;;substantiivi;6
pormestari;;substantiivi;6
portaali;;substantiivi;6
portsari;;substantiivi;6
portteri;;substantiivi;6
porvari;;substantiivi;6
posetiivari;;substantiivi;6
poskarit;;substantiivi;6
posliini;;substantiivi;6
posteri;;substantiivi;6
potkuri;;substantiivi;6
potpuri;;substantiivi;6
povari;1;substantiivi;6
povari;2;substantiivi;6
praliini;;substantiivi;6
preparaattori;;substantiivi;6
printteri;;substantiivi;6
prioni;;substantiivi;6
professori;;substantiivi;6
projektori;;substantiivi;6
prokuraattori;;substantiivi;6
promoottori;;substantiivi;6
prompteri;;substantiivi;6
prosessori;;substantiivi;6
prostaglandiini;;substantiivi;6
proteesi;;substantiivi;6
proviisori;;substantiivi;6
provokaattori;;substantiivi;6
psalttari;;substantiivi;6
puhuri;;substantiivi;6
puhveli;;substantiivi;6
puikkari;;substantiivi;6
puimuri;;substantiivi;6
pukari;;substantiivi;6
pukkari;;substantiivi;6
puliveivari;;substantiivi;6
pulsaattori;;substantiivi;6
pulsari;;substantiivi;6
pulteri;;substantiivi;6
pultsari;;substantiivi;6
pulveri;;substantiivi;6
pulverisaattori;;substantiivi;6
pumpernikkeli;;substantiivi;6
pumpuli;;substantiivi;6
punkkari;;substantiivi;6
puntari;;substantiivi;6
puolitonnari;;substantiivi;6
puoskari;;substantiivi;6
purnari;;substantiivi;6
purppuri;;substantiivi;6
purpuri;;substantiivi;6
purseri;;substantiivi;6
puskuri;;substantiivi;6
pusteli;;substantiivi;6
puteli;;substantiivi;6
putelli;;substantiivi;6
puudeli;;substantiivi;6
puutarhuri;;substantiivi;6
puuteri;;substantiivi;6
pyrkyri;;substantiivi;6
pyton;;substantiivi;6
pyykkäri;;substantiivi;6
pyöveli;;substantiivi;6
päikkärit;;substantiivi;6
päivyri;;substantiivi;6
päällepäsmäri;;substantiivi;6
päättäri;;substantiivi;6
pömpeli;;substantiivi;6
radiaattori;;substantiivi;6
raggari;;substantiivi;6
rahtari;;substantiivi;6
raikuli;;substantiivi;6
raivari;;substantiivi;6
raivuri;;substantiivi;6
rakennusmaalari;;substantiivi;6
ramen;;substantiivi;6
rankkari;;substantiivi;6
rankkuri;;substantiivi;6
rappari;;substantiivi;6
rasteri;;substantiivi;6
ravuri;;substantiivi;6
reaali;;substantiivi;6
reaktori;;substantiivi;6
reformaattori;;substantiivi;6
regeneraattori;;substantiivi;6
rehtori;;substantiivi;6
reikeli;;substantiivi;6
reimari;;substantiivi;6
rekisteri;;substantiivi;6
rekkari;;substantiivi;6
rensseli;;substantiivi;6
reportteri;;substantiivi;6
reppuri;;substantiivi;6
repuusi;;substantiivi;6
resonaattori;;substantiivi;6
resori;;substantiivi;6
respiraattori;;substantiivi;6
revari;;substantiivi;6
reviisori;;substantiivi;6
revolveri;;substantiivi;6
rial;;substantiivi;6
rikkuri;;substantiivi;6
rinkeli;;substantiivi;6
rinuli;;substantiivi;6
ripari;;substantiivi;6
ripsari;;substantiivi;6
ripuli;;substantiivi;6
ritari;;substantiivi;6
rivaali;;substantiivi;6
rokkari;;substantiivi;6
rokuli;;substantiivi;6
rollaattori;;substantiivi;6
romaani;;substantiivi;6
romani;;substantiivi;6
rooteli;;substantiivi;6
roottori;;substantiivi;6
rosteri;;substantiivi;6
rotari;;substantiivi;6
rottweiler;;substantiivi;6
roudari;;substantiivi;6
rubiini;;substantiivi;6
ruikuli;;substantiivi;6
rullalaakeri;;substantiivi;6
rumpali;;substantiivi;6
runkkari;;substantiivi;6
rusthollari;;substantiivi;6
ruteeni;;substantiivi;6
ryhmyri;;substantiivi;6
rynnäri;;substantiivi;6
ryöväri;;substantiivi;6
räppäri;;substantiivi;6
räätäli;;substantiivi;6
saakeli;;substantiivi;6
saakuri;;substantiivi;6
saamari;;substantiivi;6
sabloni;;substantiivi;6
safari;;substantiivi;6
safiiri;;substantiivi;6
saflori;;substantiivi;6
saframi;;substantiivi;6
sahrami;;substantiivi;6
sahuri;;substantiivi;6
saituri;;substantiivi;6
sakaali;;substantiivi;6
sakkeli;;substantiivi;6
salamanteri;;substantiivi;6
salpietari;;substantiivi;6
saluki;;substantiivi;6
sammarit;;substantiivi;6
samperi;;substantiivi;6
sampleri;;substantiivi;6
sandaali;;substantiivi;6
sankari;;substantiivi;6
sankkeri;;substantiivi;6
santsari;;substantiivi;6
sapeli;;substantiivi;6
sardelli;;substantiivi;6
sardiini;;substantiivi;6
satamalaituri;;substantiivi;6
satatonnari;;substantiivi;6
satiini;;substantiivi;6
satiiri;;substantiivi;6
saumari;;substantiivi;6
saumuri;;substantiivi;6
schäfer;;substantiivi;6
sedan;;substantiivi;6
seerumi;;substantiivi;6
seesami;;substantiivi;6
seitan;;substantiivi;6
sekeli;;substantiivi;6
sekstari;;substantiivi;6
sektori;;substantiivi;6
sekundaattori;;substantiivi;6
seleeni;;substantiivi;6
selleri;;substantiivi;6
senaattori;;substantiivi;6
seniori;;substantiivi;6
sensori;1;substantiivi;6
sensori;2;substantiivi;6
sensuuri;;substantiivi;6
senttari;;substantiivi;6
sentteri;;substantiivi;6
separaattori;;substantiivi;6
sepeli;;substantiivi;6
serveri;;substantiivi;6
serviisi;;substantiivi;6
seteli;;substantiivi;6
setsuuri;;substantiivi;6
setteri;;substantiivi;6
shaker;;substantiivi;6
sharon;;substantiivi;6
sheikkeri;;substantiivi;6
shikaani;;substantiivi;6
sieppari;;substantiivi;6
signaali;;substantiivi;6
signumi;;substantiivi;6
sihteeri;;substantiivi;6
siideri;;substantiivi;6
šikaani;;substantiivi;6
sikari;;substantiivi;6
sikuri;;substantiivi;6
silinteri;;substantiivi;6
silmuri;;substantiivi;6
silppuri;;substantiivi;6
siluuri;;substantiivi;6
simmarit;;substantiivi;6
simulaattori;;substantiivi;6
sipuli;;substantiivi;6
sireeni;1;substantiivi;6
sireeni;2;substantiivi;6
sirkkeli;;substantiivi;6
sirkoni;;substantiivi;6
sirtaki;;substantiivi;6
sisali;;substantiivi;6
sitar;;substantiivi;6
sitteri;;substantiivi;6
sivari;;substantiivi;6
siviili;;substantiivi;6
skandaali;;substantiivi;6
skanneri;;substantiivi;6
skeittari;;substantiivi;6
skimmeri;;substantiivi;6
skootteri;;substantiivi;6
slaageri;;substantiivi;6
sliippari;;substantiivi;6
slogaani;;substantiivi;6
slogan;;substantiivi;6
slougani;;substantiivi;6
slovari;;substantiivi;6
sloveeni;;substantiivi;6
smirgeli;;substantiivi;6
snautseri;;substantiivi;6
snooker;;substantiivi;6
snorkkeli;;substantiivi;6
sokeri;;substantiivi;6
sokkeli;;substantiivi;6
somali;;substantiivi;6
sommelier;;substantiivi;6
soopeli;;substantiivi;6
sopuli;;substantiivi;6
sorvari;;substantiivi;6
sotiisi;;substantiivi;6
sottiisi;;substantiivi;6
soturi;;substantiivi;6
sovhoosi;;substantiivi;6
spaatteli;;substantiivi;6
spakkeli;;substantiivi;6
spektaakkeli;;substantiivi;6
spiikkeri;;substantiivi;6
spinaakkeri;;substantiivi;6
spiraali;;substantiivi;6
spitaali;;substantiivi;6
spoileri;1;substantiivi;6
spoileri;2;substantiivi;6
sponsori;;substantiivi;6
sportteli;;substantiivi;6
sprinkleri;;substantiivi;6
sprintteri;;substantiivi;6
staattori;;substantiivi;6
stadion;;substantiivi;6
stalkkeri;;substantiivi;6
standaari;;substantiivi;6
standardi;;substantiivi;6
statiini;;substantiivi;6
stepperi;;substantiivi;6
sterilaattori;;substantiivi;6
sterilisaattori;;substantiivi;6
stilleben;;substantiivi;6
stilton;;substantiivi;6
stimulaattori;;substantiivi;6
stoppari;;substantiivi;6
streittari;;substantiivi;6
strippari;;substantiivi;6
struktuuri;;substantiivi;6
struudeli;;substantiivi;6
strösseli;;substantiivi;6
suhari;;substantiivi;6
suihkari;;substantiivi;6
sulttaani;;substantiivi;6
sumeri;;substantiivi;6
summeri;;substantiivi;6
sumusireeni;;substantiivi;6
sunnuntaimaalari;;substantiivi;6
suurvisiiri;;substantiivi;6
suutari;;substantiivi;6
svetari;;substantiivi;6
sydäri;;substantiivi;6
syklaami;;substantiivi;6
sylinteri;;substantiivi;6
symboli;;substantiivi;6
syntetisaattori;;substantiivi;6
synttäri;;substantiivi;6
sypressi;;substantiivi;6
syreeni;;substantiivi;6
syrjääni;;substantiivi;6
systeemi;;substantiivi;6
systeri;;substantiivi;6
sytkäri;;substantiivi;6
syömäri;;substantiivi;6
syöveri;;substantiivi;6
sähköpunktuuri;;substantiivi;6
sähläri;;substantiivi;6
sämpleri;;substantiivi;6
säteri;1;substantiivi;6
säteri;2;substantiivi;6
säväri;;substantiivi;6
sörsseli;;substantiivi;6
taalari;;substantiivi;6
taaleri;;substantiivi;6
taateli;;substantiivi;6
tabulaattori;;substantiivi;6
taidemaalari;;substantiivi;6
taifuuni;;substantiivi;6
taikuri;;substantiivi;6
taituri;;substantiivi;6
takatuuppari;;substantiivi;6
takini;;substantiivi;6
taksari;;substantiivi;6
talari;;substantiivi;6
talkkari;;substantiivi;6
tamili;;substantiivi;6
tampperi;;substantiivi;6
tampuuri;;substantiivi;6
tandem;;substantiivi;6
tankini;;substantiivi;6
tankkeri;;substantiivi;6
tantaali;;substantiivi;6
tapiiri;;substantiivi;6
tapuli;;substantiivi;6
tarhuri;;substantiivi;6
tartaani;;substantiivi;6
tasseli;;substantiivi;6
tasuri;;substantiivi;6
tataari;;substantiivi;6
tattari;1;substantiivi;6
tattari;2;substantiivi;6
teatteri;;substantiivi;6
teekkari;;substantiivi;6
tekarit;;substantiivi;6
tekstari;;substantiivi;6
tekstiili;;substantiivi;6
teksturi;;substantiivi;6
tekstuuri;;substantiivi;6
telkkari;;substantiivi;6
telluuri;;substantiivi;6
temppeli;;substantiivi;6
tennari;;substantiivi;6
tenori;;substantiivi;6
tentaattori;;substantiivi;6
terkkari;;substantiivi;6
termari;;substantiivi;6
termiini;;substantiivi;6
termistori;;substantiivi;6
terpeeni;;substantiivi;6
terrieri;;substantiivi;6
terriini;;substantiivi;6
terrori;;substantiivi;6
testeri;;substantiivi;6
testikkeli;;substantiivi;6
testosteroni;;substantiivi;6
teutoni;;substantiivi;6
tienesti;;substantiivi;6
tieturi;;substantiivi;6
tiikeri;;substantiivi;6
tikari;;substantiivi;6
tikkari;;substantiivi;6
tikkuri;1;substantiivi;6
tikkuri;2;substantiivi;6
timali;;substantiivi;6
timbaali;;substantiivi;6
timjami;;substantiivi;6
timperi;;substantiivi;6
timpuri;;substantiivi;6
tingeltangeli;;substantiivi;6
tinneri;;substantiivi;6
tippari;;substantiivi;6
tippuri;;substantiivi;6
tiskari;;substantiivi;6
tisuri;;substantiivi;6
titaani;;substantiivi;6
titteli;;substantiivi;6
titteri;;substantiivi;6
tivoli;;substantiivi;6
tohtori;;substantiivi;6
tohveli;;substantiivi;6
toimari;;substantiivi;6
tolar;;substantiivi;6
tomppeli;;substantiivi;6
tonic water;;substantiivi;6
tonsuuri;;substantiivi;6
toppari;;substantiivi;6
tornari;;substantiivi;6
torppari;;substantiivi;6
totaali;;substantiivi;6
totalisaattori;;substantiivi;6
toteemi;;substantiivi;6
toveri;;substantiivi;6
traileri;;substantiivi;6
traktori;;substantiivi;6
transistori;;substantiivi;6
trapetsi;;substantiivi;6
trasseli;;substantiivi;6
trendisetteri;;substantiivi;6
triangeli;;substantiivi;6
triathlon;;substantiivi;6
triatlon;;substantiivi;6
tribaali;;substantiivi;6
tribuuni;;substantiivi;6
trikiini;;substantiivi;6
trikolori;;substantiivi;6
trilleri;;substantiivi;6
trimmeri;;substantiivi;6
trioli;;substantiivi;6
trokari;;substantiivi;6
troolari;;substantiivi;6
trotyyli;;substantiivi;6
tryffeli;;substantiivi;6
tšador;;substantiivi;6
tšetšeeni;;substantiivi;6
tsinuski;;substantiivi;6
tsuppari;;substantiivi;6
tuhkuri;;substantiivi;6
tuhlari;;substantiivi;6
tukaani;;substantiivi;6
tukipilari;;substantiivi;6
tukkuri;;substantiivi;6
tulppaani;;substantiivi;6
tunari;;substantiivi;6
tunnari;;substantiivi;6
tunneli;;substantiivi;6
tunturi;;substantiivi;6
tuomari;;substantiivi;6
tuparit;;substantiivi;6
tupluuri;;substantiivi;6
turbaani;;substantiivi;6
turbiini;;substantiivi;6
turkkuri;;substantiivi;6
turkmeeni;;substantiivi;6
turnyyri;;substantiivi;6
turpiini;;substantiivi;6
tussari;;substantiivi;6
tutor;;substantiivi;6
tuumori;;substantiivi;6
tuutori;;substantiivi;6
tyhmyri;;substantiivi;6
tynnyri;;substantiivi;6
tyristori;;substantiivi;6
tytteli;;substantiivi;6
työkkäri;;substantiivi;6
töpseli;;substantiivi;6
ubikinoni;;substantiivi;6
uiguuri;;substantiivi;6
uikkarit;;substantiivi;6
uimari;;substantiivi;6
uimuri;;substantiivi;6
ukaasi;;substantiivi;6
ukkeli;;substantiivi;6
ukuli;;substantiivi;6
ulsteri;;substantiivi;6
ultimaatumi;;substantiivi;6
umppari;;substantiivi;6
unilukkari;;substantiivi;6
unioni;;substantiivi;6
universumi;;substantiivi;6
unkari;;substantiivi;6
upseeri;;substantiivi;6
uraani;;substantiivi;6
urkuri;;substantiivi;6
vaatturi;;substantiivi;6
vahvari;;substantiivi;6
vaihtari;;substantiivi;6
vaijeri;;substantiivi;6
vakuumi;;substantiivi;6
valkkari;;substantiivi;6
valkomulperi;;substantiivi;6
valkovatsuri;;substantiivi;6
valloni;;substantiivi;6
valvuri;;substantiivi;6
valööri;;substantiivi;6
vampyyri;;substantiivi;6
vandaali;;substantiivi;6
vaneri;;substantiivi;6
vankkurit;;substantiivi;6
vapari;;substantiivi;6
vaporisaattori;;substantiivi;6
varaani;;substantiivi;6
variaabeli;;substantiivi;6
vaskooli;;substantiivi;6
vatiini;;substantiivi;6
vatkuli;;substantiivi;6
vauveli;;substantiivi;6
weber;;substantiivi;6
webmaster;;substantiivi;6
vegaani;;substantiivi;6
veijari;;substantiivi;6
vekkari;1;substantiivi;6
vekkari;2;substantiivi;6
vekseli;;substantiivi;6
vektori;;substantiivi;6
veluuri;;substantiivi;6
venelaituri;;substantiivi;6
venkoli;;substantiivi;6
ventilaattori;;substantiivi;6
venttiili;;substantiivi;6
verkkari;;substantiivi;6
verrari;;substantiivi;6
versaali;;substantiivi;6
vesipilari;;substantiivi;6
veskari;;substantiivi;6
vesper;;substantiivi;6
vesseli;;substantiivi;6
vesuri;;substantiivi;6
vetskari;;substantiivi;6
veturi;;substantiivi;6
vibraattori;;substantiivi;6
viemäri;;substantiivi;6
vierintälaakeri;;substantiivi;6
vieteri;;substantiivi;6
vietnam;;substantiivi;6
vihtori;;substantiivi;6
vihuri;;substantiivi;6
viikari;;substantiivi;6
viilari;1;substantiivi;6
viilari;2;substantiivi;6
viineri;;substantiivi;6
viinuri;;substantiivi;6
viisari;;substantiivi;6
viisumi;;substantiivi;6
vinkkari;;substantiivi;6
vinkkeli;;substantiivi;6
vintturi;;substantiivi;6
vinyyli;;substantiivi;6
viraapeli;;substantiivi;6
virveli;;substantiivi;6
visiiri;1;substantiivi;6
visiiri;2;substantiivi;6
viskaali;;substantiivi;6
viskari;;substantiivi;6
vitriini;;substantiivi;6
voguli;;substantiivi;6
vohveli;;substantiivi;6
vokaali;;substantiivi;6
volframi;;substantiivi;6
volyymi;;substantiivi;6
wonton;;substantiivi;6
voucher;;substantiivi;6
vulkaani;;substantiivi;6
väikkäri;;substantiivi;6
väittäri;;substantiivi;6
välkkäri;;substantiivi;6
välskäri;;substantiivi;6
vänkäri;;substantiivi;6
värjäri;;substantiivi;6
värväri;;substantiivi;6
vääpeli;;substantiivi;6
ylppärit;;substantiivi;6
zirkoni;;substantiivi;6
zoonoosi;;substantiivi;6
zucchini;;substantiivi;6
ångström;;substantiivi;6
äityli;;substantiivi;6
äksiisi;;substantiivi;6
äksön;;substantiivi;6
äksöni;;substantiivi;6
ämpäri;;substantiivi;6
ämyri;;substantiivi;6
äyskäri;;substantiivi;6
öykkäri;;substantiivi;6
debiili;;substantiivi, adjektiivi;6
hikari;;substantiivi, adjektiivi;6
kasari;2;substantiivi, adjektiivi;6
killeri;;substantiivi, adjektiivi;6
ovaali;;substantiivi, adjektiivi;6
sekuli;;substantiivi, adjektiivi;6
turkoosi;;substantiivi, adjektiivi;6
vakkari;;substantiivi, adjektiivi;6
vekkuli;;substantiivi, adjektiivi;6
vikuri;;substantiivi, adjektiivi;6
viskoosi;;substantiivi, adjektiivi;6
ysäri;;substantiivi, adjektiivi;6
överi;;substantiivi, adjektiivi;6
hanhi;;substantiivi;7
happiviikset;;substantiivi;7
helmi;;substantiivi;7
hetki;;substantiivi;7
hirvi;;substantiivi;7
hyttysparvi;;substantiivi;7
indigosini;;substantiivi;7
järvi;;substantiivi;7
kalaparvi;;substantiivi;7
kanaparvi;;substantiivi;7
kaski;;substantiivi;7
kiiski;;substantiivi;7
kivi;;substantiivi;7
kobolttisini;;substantiivi;7
korkkitammi;;substantiivi;7
koski;;substantiivi;7
kyyhkysparvi;;substantiivi;7
kärhi;;substantiivi;7
kärpäsparvi;;substantiivi;7
leski;;substantiivi;7
lokkiparvi;;substantiivi;7
lovi;;substantiivi;7
makuuparvi;;substantiivi;7
mehiläisparvi;;substantiivi;7
myrskyvuoksi;;substantiivi;7
nimi;;substantiivi;7
nummi;;substantiivi;7
nurmi;;substantiivi;7
närhi;;substantiivi;7
onni;;substantiivi;7
ovi;;substantiivi;7
palvi;1;substantiivi;7
parvi;1;substantiivi;7
parvi;2;substantiivi;7
pilvi;;substantiivi;7
polvi;;substantiivi;7
poski;;substantiivi;7
povi;;substantiivi;7
putki;;substantiivi;7
päitset;;substantiivi;7
päivänsini;;substantiivi;7
pälvi;;substantiivi;7
pääskysparvi;;substantiivi;7
retki;;substantiivi;7
ripsi;1;substantiivi;7
saarni;;substantiivi;7
sakset;;substantiivi;7
salmi;;substantiivi;7
sarvi;;substantiivi;7
savi;;substantiivi;7
seimi;;substantiivi;7
silakkaparvi;;substantiivi;7
silmäripsi;;substantiivi;7
sini;1;substantiivi;7
sisarusparvi;;substantiivi;7
sormi;;substantiivi;7
suitset;;substantiivi;7
suksi;;substantiivi;7
suomi;;substantiivi;7
suvi;;substantiivi;7
särkiparvi;;substantiivi;7
sääksi;;substantiivi;7
sääski;;substantiivi;7
sääskiparvi;;substantiivi;7
taivaansini;;substantiivi;7
talvi;;substantiivi;7
tammi;1;substantiivi;7
tammi;2;substantiivi;7
tammi;3;substantiivi;7
teeriparvi;;substantiivi;7
tilhi;;substantiivi;7
torvi;;substantiivi;7
tyvi;;substantiivi;7
tähtiparvi;;substantiivi;7
urkuparvi;;substantiivi;7
varpusparvi;;substantiivi;7
vaski;;substantiivi;7
veli;;substantiivi;7
viiksi;;substantiivi;7
vuoksi;1;substantiivi;7
beige;;adjektiivi;8
ladylike;;adjektiivi;8
nude;;adjektiivi;8
söde;;adjektiivi;8
toope;;adjektiivi, substantiivi;8
à la carte;;adverbi, substantiivi;8
poste restante;;adverbi, substantiivi;8
itse;;pronomini, substantiivi;8
agaave;;substantiivi;8
akne;;substantiivi;8
ale;1;substantiivi;8
ale;2;substantiivi;8
backstage;;substantiivi;8
bavaroise;;substantiivi;8
beagle;;substantiivi;8
beguine;;substantiivi;8
bel paese;;substantiivi;8
birdie;;substantiivi;8
bisse;;substantiivi;8
bouillabaisse;;substantiivi;8
bourgogne;;substantiivi;8
boutique;;substantiivi;8
breakdance;;substantiivi;8
bridge;;substantiivi;8
byte;;substantiivi;8
bänet;;substantiivi;8
caffè latte;;substantiivi;8
case;;substantiivi;8
ceviche;;substantiivi;8
charlotte russe;;substantiivi;8
chenille;;substantiivi;8
chèvre;;substantiivi;8
chippendale;;substantiivi;8
crème fraîche;;substantiivi;8
crêpe;;substantiivi;8
cum laude;;substantiivi;8
deadline;;substantiivi;8
drone;;substantiivi;8
duchesse;;substantiivi;8
eagle;;substantiivi;8
eau de Cologne;;substantiivi;8
ege;;substantiivi;8
empire;;substantiivi;8
ensemble;;substantiivi;8
entrecôte;;substantiivi;8
fade;;substantiivi;8
faksimile;;substantiivi;8
farfalle;;substantiivi;8
fatbike;;substantiivi;8
fettucine;;substantiivi;8
fleece;;substantiivi;8
folklore;;substantiivi;8
force majeure;;substantiivi;8
freelance;;substantiivi;8
freestyle;;substantiivi;8
fudge;;substantiivi;8
fyffe;;substantiivi;8
galantine;;substantiivi;8
genre;;substantiivi;8
ginger ale;;substantiivi;8
grape;;substantiivi;8
groove;;substantiivi;8
grunge;;substantiivi;8
gruyère;;substantiivi;8
guacamole;;substantiivi;8
hardware;;substantiivi;8
house;;substantiivi;8
hype;;substantiivi;8
jade;;substantiivi;8
jive;;substantiivi;8
jonne;2;substantiivi;8
joule;;substantiivi;8
jäde;;substantiivi;8
kalle;;substantiivi;8
karaoke;;substantiivi;8
karate;;substantiivi;8
kellokalle;;substantiivi;8
komedienne;;substantiivi;8
kurare;;substantiivi;8
kurre;;substantiivi;8
lacrosse;;substantiivi;8
lande;;substantiivi;8
latte;;substantiivi;8
lime;;substantiivi;8
manne;;substantiivi;8
mascarpone;;substantiivi;8
mate;;substantiivi;8
matsutake;;substantiivi;8
menarke;;substantiivi;8
milk shake;;substantiivi;8
minestrone;;substantiivi;8
mousse;;substantiivi;8
mousseline;;substantiivi;8
mude;;substantiivi;8
nalle;;substantiivi;8
nasse;;substantiivi;8
new age;;substantiivi;8
niche;;substantiivi;8
nisse;;substantiivi;8
nonsense;;substantiivi;8
off-piste;;substantiivi;8
ope;;substantiivi;8
open house;;substantiivi;8
panettone;;substantiivi;8
pappardelle;;substantiivi;8
pause;;substantiivi;8
pelle;;substantiivi;8
penne;;substantiivi;8
pétanque;;substantiivi;8
polle;;substantiivi;8
poplore;;substantiivi;8
pose;;substantiivi;8
posse;;substantiivi;8
proge;;substantiivi;8
promille;;substantiivi;8
provolone;;substantiivi;8
psyyke;;substantiivi;8
puzzle;;substantiivi;8
quenelle;;substantiivi;8
quiche;;substantiivi;8
raclette;;substantiivi;8
ragtime;;substantiivi;8
ratatouille;;substantiivi;8
ravet;;substantiivi;8
rouille;;substantiivi;8
saame;;substantiivi;8
sake;;substantiivi;8
savate;;substantiivi;8
single;;substantiivi;8
skene;;substantiivi;8
soft ice;;substantiivi;8
software;;substantiivi;8
some;;substantiivi;8
sote;;substantiivi;8
spumante;;substantiivi;8
stelline;;substantiivi;8
striptease;;substantiivi;8
tabbule;;substantiivi;8
tagliatelle;;substantiivi;8
tahine;;substantiivi;8
tapenade;;substantiivi;8
tele;;substantiivi;8
tilde;;substantiivi;8
tragedienne;;substantiivi;8
trance;;substantiivi;8
trifle;;substantiivi;8
ukulele;;substantiivi;8
vaudeville;;substantiivi;8
vege;;substantiivi;8
veroale;;substantiivi;8
hikke;;substantiivi, adjektiivi;8
vintage;;substantiivi, adjektiivi;8
ekstra;;adjektiivi;9
emerita;;adjektiivi;9
inha;;adjektiivi;9
kiva;;adjektiivi;9
laaja;;adjektiivi;9
laiha;;adjektiivi;9
lauha;1;adjektiivi;9
leuhka;;adjektiivi;9
metka;;adjektiivi;9
priima;;adjektiivi;9
reima;;adjektiivi;9
rela;;adjektiivi;9
riuska;;adjektiivi;9
taaja;;adjektiivi;9
tiuha;;adjektiivi;9
vahva;;adjektiivi;9
varma;;adjektiivi;9
vika;2;adjektiivi;9
vinha;;adjektiivi;9
aava;;adjektiivi, substantiivi;9
hauska;;adjektiivi, substantiivi;9
kalsa;;adjektiivi, substantiivi;9
laiska;;adjektiivi, substantiivi;9
nanna;;adjektiivi, substantiivi;9
paha;;adjektiivi, substantiivi;9
sekunda;;adjektiivi, substantiivi;9
vanha;;adjektiivi, substantiivi;9
eka;;numeraali;9
sama;;pronomini;9
harva;;pronomini, adjektiivi;9
aatra;;substantiivi;9
abbedissa;;substantiivi;9
abrakadabra;;substantiivi;9
abskissa;;substantiivi;9
afta;;substantiivi;9
agenda;;substantiivi;9
ahma;;substantiivi;9
aikaraja;;substantiivi;9
aina;2;substantiivi;9
aisa;;substantiivi;9
akileija;;substantiivi;9
akvatinta;;substantiivi;9
ala;;substantiivi;9
alaikäraja;;substantiivi;9
alaraja;;substantiivi;9
alba;;substantiivi;9
alfa;;substantiivi;9
alfalfa;;substantiivi;9
alueraja;;substantiivi;9
aluevesiraja;;substantiivi;9
ambra;;substantiivi;9
ameba;;substantiivi;9
ampumahaava;;substantiivi;9
angoravilla;;substantiivi;9
ansa;;substantiivi;9
antiikva;;substantiivi;9
armada;;substantiivi;9
astma;;substantiivi;9
aula;;substantiivi;9
auma;;substantiivi;9
aura;1;substantiivi;9
aura;2;substantiivi;9
aurinkokaha;;substantiivi;9
avohaava;;substantiivi;9
baana;;substantiivi;9
baba;;substantiivi;9
ballerina;;substantiivi;9
balsa;;substantiivi;9
basilika;1;substantiivi;9
basilika;2;substantiivi;9
beeta;;substantiivi;9
bensa;;substantiivi;9
bermudat;;substantiivi;9
bikiniraja;;substantiivi;9
bilsa;;substantiivi;9
brahma;;substantiivi;9
canasta;;substantiivi;9
capoeira;;substantiivi;9
cava;;substantiivi;9
chia;;substantiivi;9
chinchilla;;substantiivi;9
crema;;substantiivi;9
dada;;substantiivi;9
dalai-lama;;substantiivi;9
darra;;substantiivi;9
data;;substantiivi;9
datša;;substantiivi;9
delta;;substantiivi;9
dia;;substantiivi;9
diakonissa;;substantiivi;9
diiva;;substantiivi;9
dilemma;;substantiivi;9
dioraama;;substantiivi;9
dopingpanna;;substantiivi;9
draama;;substantiivi;9
drakma;;substantiivi;9
dreija;;substantiivi;9
eeva;;substantiivi;9
ekseema;;substantiivi;9
empanada;;substantiivi;9
enchilada;;substantiivi;9
enimmäisraja;;substantiivi;9
eteläraja;;substantiivi;9
evankelista;;substantiivi;9
faija;;substantiivi;9
fakta;;substantiivi;9
fatwa;;substantiivi;9
fauna;;substantiivi;9
feta;;substantiivi;9
fiba;;substantiivi;9
fiesta;;substantiivi;9
firma;;substantiivi;9
fleda;;substantiivi;9
frilla;;substantiivi;9
gaala;;substantiivi;9
gamma;1;substantiivi;9
gamma;2;substantiivi;9
geiša;;substantiivi;9
geisha;;substantiivi;9
gimma;;substantiivi;9
gramma;;substantiivi;9
granadilla;;substantiivi;9
grivna;;substantiivi;9
guarana;;substantiivi;9
guava;;substantiivi;9
haahka;;substantiivi;9
haamuraja;;substantiivi;9
haara;;substantiivi;9
haaska;;substantiivi;9
haava;1;substantiivi;9
haima;;substantiivi;9
halla;;substantiivi;9
hallanvaara;;substantiivi;9
halma;;substantiivi;9
halva;;substantiivi;9
hana;;substantiivi;9
hankoaura;;substantiivi;9
hansa;;substantiivi;9
hanska;;substantiivi;9
hara;;substantiivi;9
harha;;substantiivi;9
harja;;substantiivi;9
hatkat;;substantiivi;9
haura;;substantiivi;9
hauva;;substantiivi;9
hefta;;substantiivi;9
heila;;substantiivi;9
hela;1;substantiivi;9
hella;;substantiivi;9
helleraja;;substantiivi;9
helma;;substantiivi;9
hengenvaara;;substantiivi;9
henna;;substantiivi;9
hera;;substantiivi;9
herja;;substantiivi;9
herra;;substantiivi;9
hiha;;substantiivi;9
hihna;;substantiivi;9
hiiva;;substantiivi;9
hila;;substantiivi;9
hilla;;substantiivi;9
hima;;substantiivi;9
hirventalja;;substantiivi;9
hirvenvasa;;substantiivi;9
hirvivaara;;substantiivi;9
hissa;;substantiivi;9
hiusraja;;substantiivi;9
hoosianna;;substantiivi;9
hopeahela;;substantiivi;9
ihra;;substantiivi;9
ikebana;;substantiivi;9
ikäraja;;substantiivi;9
ilma;;substantiivi;9
ilmavaara;;substantiivi;9
influenssa;;substantiivi;9
infra;;substantiivi;9
inka;;substantiivi;9
intianpuuvilla;;substantiivi;9
intifada;;substantiivi;9
irtopinna;;substantiivi;9
iskuhaava;;substantiivi;9
iskä;;substantiivi;9
itäraja;;substantiivi;9
iva;;substantiivi;9
jaala;;substantiivi;9
jakaranda;;substantiivi;9
jambalaija;;substantiivi;9
jambalaya;;substantiivi;9
jana;;substantiivi;9
jankkoaura;;substantiivi;9
jeera;;substantiivi;9
jemma;;substantiivi;9
jääkaira;;substantiivi;9
kaakkoisraja;;substantiivi;9
kaara;;substantiivi;9
kaarna;;substantiivi;9
kaava;;substantiivi;9
kahva;;substantiivi;9
kaima;;substantiivi;9
kaira;1;substantiivi;9
kaira;2;substantiivi;9
kaisla;;substantiivi;9
kaista;;substantiivi;9
kala;;substantiivi;9
kalastusraja;;substantiivi;9
kalja;;substantiivi;9
kalla;;substantiivi;9
kalma;;substantiivi;9
kama;;substantiivi;9
kamomilla;;substantiivi;9
kampapuuvilla;;substantiivi;9
kampavilla;;substantiivi;9
kana;;substantiivi;9
kanna;;substantiivi;9
kansa;;substantiivi;9
kara;;substantiivi;9
karateka;;substantiivi;9
karhuntalja;;substantiivi;9
karitsanvilla;;substantiivi;9
karja;;substantiivi;9
karja-aura;;substantiivi;9
karma;;substantiivi;9
karsintaraja;;substantiivi;9
karsta;1;substantiivi;9
karsta;2;substantiivi;9
karstapuuvilla;;substantiivi;9
karstavilla;;substantiivi;9
karva;;substantiivi;9
kasa;;substantiivi;9
kašmirvilla;;substantiivi;9
kassa;;substantiivi;9
katka;;substantiivi;9
katonraja;;substantiivi;9
kauha;;substantiivi;9
kaula;;substantiivi;9
kauna;;substantiivi;9
kaura;;substantiivi;9
keija;;substantiivi;9
keila;;substantiivi;9
keisarinna;;substantiivi;9
kela;;substantiivi;9
kelja;;substantiivi;9
kenkäraja;;substantiivi;9
kenttäraja;;substantiivi;9
kerma;;substantiivi;9
kersa;;substantiivi;9
kerska;;substantiivi;9
kesävilla;;substantiivi;9
keula;;substantiivi;9
kiasma;;substantiivi;9
kierrekaira;;substantiivi;9
kihlat;;substantiivi;9
kiila;;substantiivi;9
kiima;;substantiivi;9
kiina;;substantiivi;9
kiisla;;substantiivi;9
kiista;;substantiivi;9
kilsa;;substantiivi;9
kimaira;;substantiivi;9
kimma;;substantiivi;9
kimmoraja;;substantiivi;9
kina;1;substantiivi;9
kina;2;substantiivi;9
kipa;;substantiivi;9
kipsa;;substantiivi;9
kirja;;substantiivi;9
kirva;;substantiivi;9
kisa;;substantiivi;9
kiska;;substantiivi;9
kissa;;substantiivi;9
kitka;;substantiivi;9
kiusa;;substantiivi;9
kivipiira;;substantiivi;9
kivivilla;;substantiivi;9
klaava;;substantiivi;9
kraana;;substantiivi;9
kraka;;substantiivi;9
krypta;;substantiivi;9
kulebjaka;;substantiivi;9
kulibjaka;;substantiivi;9
kultavihma;;substantiivi;9
kuolemanvaara;;substantiivi;9
kurkiaura;;substantiivi;9
kuuloraja;;substantiivi;9
kyllästymisraja;;substantiivi;9
kyntöaura;;substantiivi;9
kärkiaura;;substantiivi;9
köyhyysraja;;substantiivi;9
laama;1;substantiivi;9
laama;2;substantiivi;9
laava;;substantiivi;9
labra;;substantiivi;9
lafka;;substantiivi;9
lahja;;substantiivi;9
lahna;;substantiivi;9
laina;;substantiivi;9
laiva;;substantiivi;9
lakkoraja;;substantiivi;9
lama;1;substantiivi;9
lama;2;substantiivi;9
lambada;;substantiivi;9
lampaantalja;;substantiivi;9
lampaanvilla;;substantiivi;9
lana;;substantiivi;9
lappuliisa;;substantiivi;9
lapsenkina;;substantiivi;9
lasivilla;;substantiivi;9
lasta;;substantiivi;9
lastuvilla;;substantiivi;9
lattianraja;;substantiivi;9
lattiavasa;;substantiivi;9
latva;;substantiivi;9
lauha;2;substantiivi;9
lauma;;substantiivi;9
lautasaura;;substantiivi;9
lava;;substantiivi;9
leffa;;substantiivi;9
legenda;;substantiivi;9
leija;;substantiivi;9
leikkaushaava;;substantiivi;9
leima;;substantiivi;9
leiska;;substantiivi;9
leka;1;substantiivi;9
leka;2;substantiivi;9
lepra;;substantiivi;9
letka;;substantiivi;9
levada;;substantiivi;9
lieska;;substantiivi;9
liesma;;substantiivi;9
liha;;substantiivi;9
liiga;;substantiivi;9
liima;;substantiivi;9
liina;;substantiivi;9
liira;;substantiivi;9
liksa;;substantiivi;9
lilja;;substantiivi;9
lima;;substantiivi;9
limsa;;substantiivi;9
limska;;substantiivi;9
lingua franca;;substantiivi;9
linja;;substantiivi;9
linna;;substantiivi;9
lista;;substantiivi;9
litka;;substantiivi;9
litra;;substantiivi;9
litsa;;substantiivi;9
liuska;;substantiivi;9
lumiaura;;substantiivi;9
lumiraja;;substantiivi;9
lumppuvilla;;substantiivi;9
luokkaraja;;substantiivi;9
luottolama;;substantiivi;9
luottoraja;;substantiivi;9
länsiraja;;substantiivi;9
maakaira;;substantiivi;9
maaliraja;;substantiivi;9
maanraja;;substantiivi;9
maaraja;;substantiivi;9
magenta;;substantiivi;9
magma;;substantiivi;9
magna;;substantiivi;9
maha;;substantiivi;9
mahahaava;;substantiivi;9
maharadža;;substantiivi;9
mahla;;substantiivi;9
maija;;substantiivi;9
maila;;substantiivi;9
maja;;substantiivi;9
majavanhausta;;substantiivi;9
maksa;;substantiivi;9
makuuhaava;;substantiivi;9
malja;;substantiivi;9
maltsa;;substantiivi;9
malva;;substantiivi;9
mamba;;substantiivi;9
mamma;;substantiivi;9
mana;1;substantiivi;9
mana;2;substantiivi;9
manga;;substantiivi;9
manna;;substantiivi;9
mantissa;;substantiivi;9
mantra;;substantiivi;9
marimba;;substantiivi;9
marja;;substantiivi;9
massa;;substantiivi;9
matka;;substantiivi;9
maya;;substantiivi;9
medisiina;;substantiivi;9
mela;;substantiivi;9
merinovilla;;substantiivi;9
meriraja;;substantiivi;9
mesta;;substantiivi;9
metsälauha;;substantiivi;9
metsänraja;;substantiivi;9
metsäraja;;substantiivi;9
miina;;substantiivi;9
mineraalivilla;;substantiivi;9
minsa;;substantiivi;9
mirha;;substantiivi;9
mitra;;substantiivi;9
mortadella;;substantiivi;9
mozzarella;;substantiivi;9
multausaura;;substantiivi;9
murreraja;;substantiivi;9
mykorritsa;;substantiivi;9
naama;;substantiivi;9
naara;;substantiivi;9
naava;;substantiivi;9
nafta;;substantiivi;9
natsa;;substantiivi;9
nauha;;substantiivi;9
naula;;substantiivi;9
nega;;substantiivi;9
nelma;;substantiivi;9
neula;;substantiivi;9
neva;;substantiivi;9
niittyvilla;;substantiivi;9
nila;;substantiivi;9
ninja;;substantiivi;9
niska;;substantiivi;9
niva;;substantiivi;9
nurmilauha;;substantiivi;9
nälkäraja;;substantiivi;9
odysseia;;substantiivi;9
oja-aura;;substantiivi;9
okariina;;substantiivi;9
omenakaira;;substantiivi;9
paarma;;substantiivi;9
pahka;;substantiivi;9
pahna;;substantiivi;9
painehaava;;substantiivi;9
paja;;substantiivi;9
pala;;substantiivi;9
palohaava;;substantiivi;9
palovaara;;substantiivi;9
palsa;1;substantiivi;9
palsa;2;substantiivi;9
palsta;;substantiivi;9
pampa;;substantiivi;9
panda;;substantiivi;9
panihida;;substantiivi;9
panna;2;substantiivi;9
panoraama;;substantiivi;9
papilla;;substantiivi;9
papukaija;;substantiivi;9
para;;substantiivi;9
paradigma;;substantiivi;9
parka;2;substantiivi;9
parsa;;substantiivi;9
pasha;;substantiivi;9
pasma;;substantiivi;9
paspa;;substantiivi;9
pasta;;substantiivi;9
patja;;substantiivi;9
paula;;substantiivi;9
pauna;;substantiivi;9
peffa;;substantiivi;9
pehva;;substantiivi;9
pensa;;substantiivi;9
penska;;substantiivi;9
perna;;substantiivi;9
perskat;;substantiivi;9
pertsa;;substantiivi;9
peura;;substantiivi;9
peuranvasa;;substantiivi;9
piena;;substantiivi;9
piha;;substantiivi;9
pihka;;substantiivi;9
piina;;substantiivi;9
piiska;;substantiivi;9
piispa;;substantiivi;9
pila;;substantiivi;9
pimpsa;;substantiivi;9
piñata;;substantiivi;9
pinja;;substantiivi;9
pinna;1;substantiivi;9
pinna;2;substantiivi;9
pintahaava;;substantiivi;9
pirsta;;substantiivi;9
pissa;;substantiivi;9
pissaliisa;;substantiivi;9
pistohaava;;substantiivi;9
pita;;substantiivi;9
pitahaja;;substantiivi;9
pitahaya;;substantiivi;9
pitsa;;substantiivi;9
piuha;;substantiivi;9
pizza;;substantiivi;9
plasma;;substantiivi;9
plektra;;substantiivi;9
pohjavilla;;substantiivi;9
pohjoisraja;;substantiivi;9
pohjukaissuolihaava;;substantiivi;9
polenta;;substantiivi;9
pressa;;substantiivi;9
prisma;;substantiivi;9
promilleraja;;substantiivi;9
propaganda;;substantiivi;9
prostata;;substantiivi;9
puhallusvilla;;substantiivi;9
puola;3;substantiivi;9
puolueraja;;substantiivi;9
puremahaava;;substantiivi;9
puukonhaava;;substantiivi;9
puuraja;;substantiivi;9
puuvilla;;substantiivi;9
pyöränpinna;;substantiivi;9
päivämääräraja;;substantiivi;9
päätyraja;;substantiivi;9
raaja;;substantiivi;9
raana;;substantiivi;9
radža;;substantiivi;9
rafla;;substantiivi;9
raha;;substantiivi;9
rahka;;substantiivi;9
rahna;;substantiivi;9
raina;;substantiivi;9
raiska;;substantiivi;9
raja;1;substantiivi;9
raja;2;substantiivi;9
raksa;;substantiivi;9
ranska;;substantiivi;9
rasta;;substantiivi;9
rasva;;substantiivi;9
rasvavilla;;substantiivi;9
rauha;;substantiivi;9
respa;;substantiivi;9
reuhka;;substantiivi;9
reuma;;substantiivi;9
reuna;;substantiivi;9
rieha;;substantiivi;9
riena;;substantiivi;9
riesa;;substantiivi;9
rieska;;substantiivi;9
rihla;;substantiivi;9
rihma;;substantiivi;9
riisa;;substantiivi;9
riista;;substantiivi;9
riksa;;substantiivi;9
rikša;;substantiivi;9
rima;;substantiivi;9
rimpsa;;substantiivi;9
ripsiraja;;substantiivi;9
risa;2;substantiivi;9
riskiraja;;substantiivi;9
ritsa;;substantiivi;9
ritva;;substantiivi;9
riuna;;substantiivi;9
rondella;;substantiivi;9
routaraja;;substantiivi;9
rovastinna;;substantiivi;9
ruustinna;;substantiivi;9
räjähdysvaara;;substantiivi;9
saaga;;substantiivi;9
saarna;;substantiivi;9
saasta;;substantiivi;9
sabra;;substantiivi;9
safka;;substantiivi;9
saha;;substantiivi;9
sahra;;substantiivi;9
saksa;;substantiivi;9
sala;;substantiivi;9
saldoraja;;substantiivi;9
salmonella;;substantiivi;9
salsa;;substantiivi;9
salva;;substantiivi;9
samba;;substantiivi;9
sana;;substantiivi;9
sananraja;;substantiivi;9
sanaraja;;substantiivi;9
sapotilla;;substantiivi;9
sara;;substantiivi;9
sarja;;substantiivi;9
sauma;;substantiivi;9
sauna;;substantiivi;9
saunavasta;;substantiivi;9
sauva;;substantiivi;9
seepra;;substantiivi;9
seiska;;substantiivi;9
sekamelska;;substantiivi;9
sekoitevilla;;substantiivi;9
selja;;substantiivi;9
selluvilla;;substantiivi;9
sembra;;substantiivi;9
sentraalisantra;;substantiivi;9
šerpa;;substantiivi;9
seula;;substantiivi;9
seura;;substantiivi;9
sherpa;;substantiivi;9
shetlanninvilla;;substantiivi;9
shiia;;substantiivi;9
sialma;;substantiivi;9
siera;;substantiivi;9
siesta;;substantiivi;9
sietoraja;;substantiivi;9
sigma;;substantiivi;9
šiia;;substantiivi;9
siima;;substantiivi;9
siira;;substantiivi;9
sija;;substantiivi;9
silat;;substantiivi;9
silla;;substantiivi;9
silsa;;substantiivi;9
sima;;substantiivi;9
sisäraja;;substantiivi;9
sitra;;substantiivi;9
sitruunamelissa;;substantiivi;9
sivuraja;;substantiivi;9
skaala;;substantiivi;9
skaba;;substantiivi;9
skeema;;substantiivi;9
skeida;;substantiivi;9
skimba;;substantiivi;9
skisma;;substantiivi;9
skraba;;substantiivi;9
skrapa;;substantiivi;9
skripta;;substantiivi;9
sodanvaara;;substantiivi;9
sperma;;substantiivi;9
spirulina;;substantiivi;9
stara;1;substantiivi;9
stara;2;substantiivi;9
stemma;;substantiivi;9
stigma;;substantiivi;9
suola;;substantiivi;9
suovilla;;substantiivi;9
susiraja;;substantiivi;9
syöpävaara;;substantiivi;9
syöttöraja;;substantiivi;9
säteilyvaara;;substantiivi;9
säärihaava;;substantiivi;9
säätyraja;;substantiivi;9
taala;;substantiivi;9
taara;;substantiivi;9
taata;2;substantiivi;9
tahma;;substantiivi;9
tahna;;substantiivi;9
tahra;;substantiivi;9
taiga;;substantiivi;9
takaraja;;substantiivi;9
taksa;;substantiivi;9
talja;1;substantiivi;9
talja;2;substantiivi;9
talla;1;substantiivi;9
talla;2;substantiivi;9
talouslama;;substantiivi;9
talvipuuvilla;;substantiivi;9
talvivilla;;substantiivi;9
tamma;;substantiivi;9
tangat;;substantiivi;9
tanka;;substantiivi;9
tanska;;substantiivi;9
tantra;;substantiivi;9
tarantella;;substantiivi;9
tarha;;substantiivi;9
tarra;;substantiivi;9
tartuntavaara;;substantiivi;9
tatska;;substantiivi;9
tauhka;;substantiivi;9
taula;;substantiivi;9
tausta;;substantiivi;9
tavunraja;;substantiivi;9
tavuraja;;substantiivi;9
teema;;substantiivi;9
tela;;substantiivi;9
teoreema;;substantiivi;9
tequila;;substantiivi;9
terska;;substantiivi;9
terva;;substantiivi;9
terveysvaara;;substantiivi;9
teräsvilla;;substantiivi;9
tesla;;substantiivi;9
tesma;;substantiivi;9
tetra;;substantiivi;9
theeta;;substantiivi;9
tiaara;;substantiivi;9
tiara;;substantiivi;9
tiera;;substantiivi;9
tiima;;substantiivi;9
tiira;;substantiivi;9
tila;;substantiivi;9
tilsa;;substantiivi;9
tilusraja;;substantiivi;9
tina;;substantiivi;9
tirsat;;substantiivi;9
toccata;;substantiivi;9
toleranssiraja;;substantiivi;9
tonsilla;;substantiivi;9
trauma;;substantiivi;9
treema;;substantiivi;9
tripla;;substantiivi;9
tsintsilla;;substantiivi;9
tukanraja;;substantiivi;9
tulliraja;;substantiivi;9
tulvaraja;;substantiivi;9
tupasvilla;;substantiivi;9
tyyssija;;substantiivi;9
ulkoraja;;substantiivi;9
vaaksa;;substantiivi;9
vaara;1;substantiivi;9
vaara;2;substantiivi;9
vaarna;;substantiivi;9
vaha;;substantiivi;9
vaihteluraja;;substantiivi;9
vaiva;;substantiivi;9
vaja;;substantiivi;9
vakoaura;;substantiivi;9
vala;;substantiivi;9
valeriaana;;substantiivi;9
valtakunnanraja;;substantiivi;9
vamma;;substantiivi;9
vana;;substantiivi;9
vanja;;substantiivi;9
vanna;;substantiivi;9
vara;;substantiivi;9
varsa;;substantiivi;9
varsta;;substantiivi;9
vasa;1;substantiivi;9
vasa;2;substantiivi;9
vasta;1;substantiivi;9
vatja;;substantiivi;9
vatsa;;substantiivi;9
vatsahaava;;substantiivi;9
vauva;;substantiivi;9
vedenraja;;substantiivi;9
vehka;;substantiivi;9
venda;;substantiivi;9
verihaava;;substantiivi;9
vesa;;substantiivi;9
vesiraja;;substantiivi;9
veska;;substantiivi;9
vessa;;substantiivi;9
vetoaura;;substantiivi;9
vibra;;substantiivi;9
viha;;substantiivi;9
vihma;1;substantiivi;9
vihma;2;substantiivi;9
viila;;substantiivi;9
viiltohaava;;substantiivi;9
viima;;substantiivi;9
viina;;substantiivi;9
viira;;substantiivi;9
viiva;;substantiivi;9
vilja;;substantiivi;9
viljelyraja;;substantiivi;9
villa;1;substantiivi;9
villa;2;substantiivi;9
vimma;;substantiivi;9
virheraja;;substantiivi;9
virna;;substantiivi;9
virsta;;substantiivi;9
virtsa;;substantiivi;9
visa;;substantiivi;9
visva;;substantiivi;9
vitja;;substantiivi;9
vitka;;substantiivi;9
vitsa;;substantiivi;9
viuhka;;substantiivi;9
vuohenvilla;;substantiivi;9
vuorivilla;;substantiivi;9
vuvuzela;;substantiivi;9
vyöhykeraja;;substantiivi;9
vähimmäisraja;;substantiivi;9
yleisöraja;;substantiivi;9
yläfemma;;substantiivi;9
yläikäraja;;substantiivi;9
yläraja;;substantiivi;9
ympärystä;;substantiivi;9
äänioikeusikäraja;;substantiivi;9
ääriraja;;substantiivi;9
liila;;substantiivi, adjektiivi;9
lila;;substantiivi, adjektiivi;9
nasta;;substantiivi, adjektiivi;9
paska;;substantiivi, adjektiivi;9
risa;1;substantiivi, adjektiivi;9
ahkera;;adjektiivi;10
aikaansaava;;adjektiivi;10
aikaavievä;;adjektiivi;10
aikava;;adjektiivi;10
alaslaskettava;;adjektiivi;10
alava;;adjektiivi;10
aleneva;;adjektiivi;10
alentava;;adjektiivi;10
alentuva;;adjektiivi;10
aliohjautuva;;adjektiivi;10
alistuva;;adjektiivi;10
alustava;;adjektiivi;10
ankara;;adjektiivi;10
antava;;adjektiivi;10
anteeksiannettava;;adjektiivi;10
anteeksiantava;;adjektiivi;10
antoisa;;adjektiivi;10
armahtava;;adjektiivi;10
arveleva;;adjektiivi;10
arveluttava;;adjektiivi;10
arvoisa;;adjektiivi;10
arvosteleva;;adjektiivi;10
aseistariisuva;;adjektiivi;10
asiantunteva;;adjektiivi;10
auttava;;adjektiivi;10
auvoisa;;adjektiivi;10
avara;;adjektiivi;10
biohajoava;;adjektiivi;10
edustava;;adjektiivi;10
ehjä;;adjektiivi;10
ehtoisa;;adjektiivi;10
eloisa;;adjektiivi;10
enenevä;;adjektiivi;10
ennalta arvattava;;adjektiivi;10
epäilevä;;adjektiivi;10
epäiltävä;;adjektiivi;10
epäilyttävä;;adjektiivi;10
erityiskorvattava;;adjektiivi;10
eriävä;;adjektiivi;10
etevä;;adjektiivi;10
etova;;adjektiivi;10
haastava;;adjektiivi;10
haavoittuva;;adjektiivi;10
hallava;;adjektiivi;10
hallitseva;;adjektiivi;10
haluttava;;adjektiivi;10
halventava;;adjektiivi;10
hankala;;adjektiivi;10
harhaanvievä;;adjektiivi;10
harjava;;adjektiivi;10
harkitseva;;adjektiivi;10
harmahtava;;adjektiivi;10
harteva;;adjektiivi;10
hassahtava;;adjektiivi;10
hellyttävä;;adjektiivi;10
hellyyttävä;;adjektiivi;10
hellä;;adjektiivi;10
hemaiseva;;adjektiivi;10
henkevä;;adjektiivi;10
henkeäsalpaava;;adjektiivi;10
heppoisa;;adjektiivi;10
hiipivä;;adjektiivi;10
hikevä;;adjektiivi;10
hintava;;adjektiivi;10
hintelä;;adjektiivi;10
hirvittävä;;adjektiivi;10
hiuksianostattava;;adjektiivi;10
horjuva;;adjektiivi;10
huikenteleva;;adjektiivi;10
huima;;adjektiivi;10
huimaava;;adjektiivi;10
huomattava;;adjektiivi;10
huorahtava;;adjektiivi;10
hupaisa;;adjektiivi;10
hurja;;adjektiivi;10
hurmaava;;adjektiivi;10
huutava;;adjektiivi;10
huvittava;;adjektiivi;10
hyvinvoiva;;adjektiivi;10
hyväksyttävä;;adjektiivi;10
hyökkäävä;;adjektiivi;10
hyötyisä;;adjektiivi;10
häilyvä;;adjektiivi;10
hälyisä;;adjektiivi;10
hälyttävä;;adjektiivi;10
hämmentävä;;adjektiivi;10
hämmästyttävä;;adjektiivi;10
hämyisä;;adjektiivi;10
häälyvä;;adjektiivi;10
höllä;;adjektiivi;10
höpsähtävä;;adjektiivi;10
ihailtava;;adjektiivi;10
ihana;;adjektiivi;10
ihastuttava;;adjektiivi;10
ihmeteltävä;;adjektiivi;10
ikävystyttävä;;adjektiivi;10
iljettävä;;adjektiivi;10
ilmava;;adjektiivi;10
imelä;;adjektiivi;10
inhottava;;adjektiivi;10
intermittoiva;;adjektiivi;10
iskevä;;adjektiivi;10
itsejäljentävä;;adjektiivi;10
itsekannattava;;adjektiivi;10
itsekantava;;adjektiivi;10
itsekiillottuva;;adjektiivi;10
itsekiinnittyvä;;adjektiivi;10
itseliimautuva;;adjektiivi;10
itseneuvova;;adjektiivi;10
itseohjaava;;adjektiivi;10
itseohjautuva;;adjektiivi;10
itseruskettava;;adjektiivi;10
itsesiliävä;;adjektiivi;10
itsesäätyvä;;adjektiivi;10
itsevalaiseva;;adjektiivi;10
itsevoiteleva;;adjektiivi;10
jalkava;;adjektiivi;10
jatkuva;;adjektiivi;10
jatsahtava;;adjektiivi;10
jazzahtava;;adjektiivi;10
johtava;;adjektiivi;10
jouheva;;adjektiivi;10
joustava;;adjektiivi;10
joutava;;adjektiivi;10
joutuisa;;adjektiivi;10
juhlava;;adjektiivi;10
julma;;adjektiivi;10
jumalaapelkäävä;;adjektiivi;10
juoheva;;adjektiivi;10
juokseva;;adjektiivi;10
juureva;;adjektiivi;10
jykevä;;adjektiivi;10
jylhä;;adjektiivi;10
jämerä;;adjektiivi;10
jännittävä;;adjektiivi;10
jännä;;adjektiivi;10
jänskä;;adjektiivi;10
jäntevä;;adjektiivi;10
jäntterä;;adjektiivi;10
järkevä;;adjektiivi;10
järkyttävä;;adjektiivi;10
jäyhä;;adjektiivi;10
jäätävä;;adjektiivi;10
kaareva;;adjektiivi;10
kahdenistuttava;;adjektiivi;10
kahdenmaattava;;adjektiivi;10
kaihoisa;;adjektiivi;10
kaikkinielevä;;adjektiivi;10
kaikuisa;;adjektiivi;10
kaikuva;;adjektiivi;10
kalaisa;;adjektiivi;10
kalteva;;adjektiivi;10
kammottava;;adjektiivi;10
kannattava;;adjektiivi;10
kannettava;;adjektiivi;10
karmaiseva;;adjektiivi;10
karmiva;;adjektiivi;10
karttuisa;;adjektiivi;10
katala;;adjektiivi;10
katkera;;adjektiivi;10
katoava;;adjektiivi;10
kattava;;adjektiivi;10
kauaskantava;;adjektiivi;10
kavala;;adjektiivi;10
kehittävä;;adjektiivi;10
kehuttava;;adjektiivi;10
kellahtava;;adjektiivi;10
kellertävä;;adjektiivi;10
kellervä;;adjektiivi;10
kestävä;;adjektiivi;10
kesäasuttava;;adjektiivi;10
ketterä;;adjektiivi;10
kiehtova;;adjektiivi;10
kielevä;;adjektiivi;10
kieltävä;;adjektiivi;10
kiertelevä;;adjektiivi;10
kierä;;adjektiivi;10
kiihkoisa;;adjektiivi;10
kiikkerä;;adjektiivi;10
kiiltävä;;adjektiivi;10
kiinnostava;;adjektiivi;10
kiintoisa;;adjektiivi;10
kiitettävä;;adjektiivi;10
kiljuva;;adjektiivi;10
kimmoisa;;adjektiivi;10
kiperä;;adjektiivi;10
kirkuva;;adjektiivi;10
kitkerä;;adjektiivi;10
koinsyömä;;adjektiivi;10
kokoonpantava;;adjektiivi;10
kokoontaitettava;;adjektiivi;10
koppava;;adjektiivi;10
korviahuumaava;;adjektiivi;10
korviasärkevä;;adjektiivi;10
korviavihlova;;adjektiivi;10
korvinkuultava;;adjektiivi;10
koskettava;;adjektiivi;10
kotoisa;;adjektiivi;10
kovera;;adjektiivi;10
kukertava;;adjektiivi;10
kukkaisa;;adjektiivi;10
kumara;;adjektiivi;10
kunnioitettava;;adjektiivi;10
kunnioittava;;adjektiivi;10
kuolettava;;adjektiivi;10
kupera;;adjektiivi;10
kurja;;adjektiivi;10
kuultava;1;adjektiivi;10
kuultava;2;adjektiivi;10
kuuluisa;;adjektiivi;10
kuuluva;;adjektiivi;10
kuvaava;;adjektiivi;10
kykenevä;;adjektiivi;10
kypsä;;adjektiivi;10
kysyvä;;adjektiivi;10
kähärä;;adjektiivi;10
kärkevä;;adjektiivi;10
kärttyisä;;adjektiivi;10
kärtyisä;;adjektiivi;10
kätevä;;adjektiivi;10
kätsä;;adjektiivi;10
käyvä;;adjektiivi;10
laatuisa;;adjektiivi;10
lakiasäätävä;;adjektiivi;10
lamoava;;adjektiivi;10
laulava;;adjektiivi;10
lehtevä;;adjektiivi;10
leikkisä;;adjektiivi;10
leimaa-antava;;adjektiivi;10
leppoisa;;adjektiivi;10
leukava;;adjektiivi;10
lievä;;adjektiivi;10
lihaisa;;adjektiivi;10
lihava;;adjektiivi;10
liikkeellepaneva;;adjektiivi;10
liikkuva;;adjektiivi;10
liikuttava;;adjektiivi;10
likaahylkivä;;adjektiivi;10
lipevä;;adjektiivi;10
loistava;;adjektiivi;10
loiva;;adjektiivi;10
lokoisa;;adjektiivi;10
luiseva;;adjektiivi;10
luistava;;adjektiivi;10
luja;;adjektiivi;10
lukuisa;;adjektiivi;10
lumoava;;adjektiivi;10
luonteva;;adjektiivi;10
luotaantyöntävä;;adjektiivi;10
luotettava;;adjektiivi;10
luova;;adjektiivi;10
lupaava;;adjektiivi;10
luultava;;adjektiivi;10
läpikuultava;;adjektiivi;10
läpitunkema;;adjektiivi;10
läpitunkeva;;adjektiivi;10
löyhä;;adjektiivi;10
löylynlyömä;;adjektiivi;10
madonsyömä;;adjektiivi;10
mainittava;;adjektiivi;10
maistuva;;adjektiivi;10
maittava;;adjektiivi;10
makoisa;;adjektiivi;10
marjaisa;;adjektiivi;10
masentava;;adjektiivi;10
mateleva;;adjektiivi;10
mehevä;;adjektiivi;10
mehuisa;;adjektiivi;10
meluisa;;adjektiivi;10
menevä;;adjektiivi;10
merkitsevä;;adjektiivi;10
merkittävä;;adjektiivi;10
messevä;;adjektiivi;10
miehevä;;adjektiivi;10
mieleenpainuva;;adjektiivi;10
mielevä;;adjektiivi;10
mieliinpainuva;;adjektiivi;10
miellyttävä;;adjektiivi;10
mieluisa;;adjektiivi;10
mittava;;adjektiivi;10
moitittava;;adjektiivi;10
mojova;;adjektiivi;10
muheva;;adjektiivi;10
muistettava;;adjektiivi;10
muistoisa;;adjektiivi;10
mukaansatempaava;;adjektiivi;10
mukaantuva;;adjektiivi;10
mukautuva;;adjektiivi;10
mullistava;;adjektiivi;10
multava;;adjektiivi;10
muovautuva;;adjektiivi;10
murhaava;;adjektiivi;10
murskaava;;adjektiivi;10
musertava;;adjektiivi;10
myrskyisä;;adjektiivi;10
myöntyvä;;adjektiivi;10
myöntävä;;adjektiivi;10
mälsä;;adjektiivi;10
mäskä;;adjektiivi;10
mäsä;;adjektiivi;10
mätästävä;;adjektiivi;10
määräilevä;;adjektiivi;10
määräävä;;adjektiivi;10
naseva;;adjektiivi;10
naurettava;;adjektiivi;10
nautittava;;adjektiivi;10
noheva;;adjektiivi;10
nokkava;;adjektiivi;10
nokkela;;adjektiivi;10
nopsa;;adjektiivi;10
norja;1;adjektiivi;10
nuiva;;adjektiivi;10
nuuka;;adjektiivi;10
nähtävä;;adjektiivi;10
näkevä;;adjektiivi;10
näkyvä;;adjektiivi;10
näppärä;;adjektiivi;10
näpsä;;adjektiivi;10
näyttävä;;adjektiivi;10
nöyrä;;adjektiivi;10
ohikiitävä;;adjektiivi;10
ohjattava;;adjektiivi;10
oiva;;adjektiivi;10
oleva;;adjektiivi;10
opettava;;adjektiivi;10
osuva;;adjektiivi;10
ottava;;adjektiivi;10
ovela;;adjektiivi;10
pahoinvoiva;;adjektiivi;10
painava;;adjektiivi;10
pakottava;;adjektiivi;10
palava;;adjektiivi;10
pelottava;;adjektiivi;10
peräänantava;;adjektiivi;10
pidättyvä;;adjektiivi;10
piilevä;1;adjektiivi;10
pistävä;;adjektiivi;10
pitkästyttävä;;adjektiivi;10
pitävä;;adjektiivi;10
poikkeava;;adjektiivi;10
polttava;;adjektiivi;10
ponteva;;adjektiivi;10
pornahtava;;adjektiivi;10
potra;;adjektiivi;10
puhuva;;adjektiivi;10
puiseva;;adjektiivi;10
pulska;;adjektiivi;10
punertava;;adjektiivi;10
punerva;;adjektiivi;10
puoliläpäisevä;;adjektiivi;10
pureva;;adjektiivi;10
pystyvä;;adjektiivi;10
pysyvä;;adjektiivi;10
pyylevä;;adjektiivi;10
pätevä;;adjektiivi;10
päättävä;;adjektiivi;10
raflaava;;adjektiivi;10
raivoisa;;adjektiivi;10
rakastettava;;adjektiivi;10
rakentava;;adjektiivi;10
rangaistava;;adjektiivi;10
rasittava;;adjektiivi;10
raskauttava;;adjektiivi;10
ratkaiseva;;adjektiivi;10
rattoisa;;adjektiivi;10
rauhaisa;;adjektiivi;10
ravitseva;;adjektiivi;10
rehevä;;adjektiivi;10
remuisa;;adjektiivi;10
repäisevä;;adjektiivi;10
riemuisa;;adjektiivi;10
riipaiseva;;adjektiivi;10
riippuva;;adjektiivi;10
riitaisa;;adjektiivi;10
riittoisa;;adjektiivi;10
riittävä;;adjektiivi;10
rintava;;adjektiivi;10
roima;;adjektiivi;10
roosa;;adjektiivi;10
roteva;;adjektiivi;10
ruokaisa;;adjektiivi;10
rusehtava;;adjektiivi;10
ruskehtava;;adjektiivi;10
rutka;;adjektiivi;10
räiskyvä;;adjektiivi;10
saavutettava;;adjektiivi;10
salliva;;adjektiivi;10
samoinajatteleva;;adjektiivi;10
satoisa;;adjektiivi;10
sattuva;;adjektiivi;10
seisova;;adjektiivi;10
selvä;;adjektiivi;10
sepivä;;adjektiivi;10
siedettävä;;adjektiivi;10
sievä;;adjektiivi;10
silkinhohtava;;adjektiivi;10
silmälläpidettävä;;adjektiivi;10
sinertävä;;adjektiivi;10
sinervä;;adjektiivi;10
sisäänlämpiävä;;adjektiivi;10
sisäänpäinlämpiävä;;adjektiivi;10
sitova;;adjektiivi;10
sointuisa;;adjektiivi;10
soma;;adjektiivi;10
sopeutuva;;adjektiivi;10
sopiva;;adjektiivi;10
sopuisa;;adjektiivi;10
sorja;;adjektiivi;10
sotaisa;;adjektiivi;10
sovitteleva;;adjektiivi;10
sujuva;;adjektiivi;10
sukkela;;adjektiivi;10
sulava;;adjektiivi;10
suloisa;;adjektiivi;10
suojaisa;;adjektiivi;10
suotava;;adjektiivi;10
suotuisa;;adjektiivi;10
sureva;;adjektiivi;10
suustaladattava;;adjektiivi;10
suvaitseva;;adjektiivi;10
syväluotaava;;adjektiivi;10
säkenöivä;;adjektiivi;10
sävyisä;;adjektiivi;10
säälittävä;;adjektiivi;10
taipuisa;;adjektiivi;10
taipuva;;adjektiivi;10
taitava;;adjektiivi;10
takaaladattava;;adjektiivi;10
takeneva;;adjektiivi;10
talviasuttava;;adjektiivi;10
tarkkaava;;adjektiivi;10
tehoisa;;adjektiivi;10
tekevä;;adjektiivi;10
tiedostava;;adjektiivi;10
tietävä;;adjektiivi;10
tilava;;adjektiivi;10
toimiva;;adjektiivi;10
toisinajatteleva;;adjektiivi;10
toivottava;;adjektiivi;10
toraisa;;adjektiivi;10
torjuva;;adjektiivi;10
tuhoisa;;adjektiivi;10
tuima;;adjektiivi;10
tukala;;adjektiivi;10
tukeva;;adjektiivi;10
tungetteleva;;adjektiivi;10
tunkeileva;;adjektiivi;10
tuntuva;;adjektiivi;10
tuottava;;adjektiivi;10
tuottoisa;;adjektiivi;10
turvaisa;;adjektiivi;10
tuskaisa;;adjektiivi;10
tutkiva;;adjektiivi;10
tyhjentävä;;adjektiivi;10
tyköistuva;;adjektiivi;10
tylsä;;adjektiivi;10
tyydyttävä;;adjektiivi;10
täpärä;;adjektiivi;10
tärkeilevä;;adjektiivi;10
täytäntöönpaneva;;adjektiivi;10
uhkaava;;adjektiivi;10
uhmaisa;;adjektiivi;10
uhrautuva;;adjektiivi;10
uiva;;adjektiivi;10
ulkoneva;;adjektiivi;10
uloslämpiävä;;adjektiivi;10
uraauurtava;;adjektiivi;10
uskottava;;adjektiivi;10
uuttera;;adjektiivi;10
vaativa;;adjektiivi;10
vaihdettava;;adjektiivi;10
vaikuttava;;adjektiivi;10
vajava;;adjektiivi;10
vakava;;adjektiivi;10
vakuuttava;;adjektiivi;10
valitettava;;adjektiivi;10
vallitseva;;adjektiivi;10
valloittava;;adjektiivi;10
valmistava;;adjektiivi;10
valtaisa;;adjektiivi;10
valtava;;adjektiivi;10
vanhahtava;;adjektiivi;10
vanhastava;;adjektiivi;10
varjoisa;;adjektiivi;10
varottava;;adjektiivi;10
varova;;adjektiivi;10
varteenotettava;;adjektiivi;10
varteva;;adjektiivi;10
verevä;;adjektiivi;10
verkkaisa;;adjektiivi;10
vertahyytävä;;adjektiivi;10
vetoava;;adjektiivi;10
vetoisa;;adjektiivi;10
vettähylkivä;;adjektiivi;10
vettäläpäisevä;;adjektiivi;10
vetävä;;adjektiivi;10
viehättävä;;adjektiivi;10
viettelevä;;adjektiivi;10
vietävä;;adjektiivi;10
vihertävä;;adjektiivi;10
vihervä;;adjektiivi;10
viihtyisä;;adjektiivi;10
vikkelä;;adjektiivi;10
viljava;;adjektiivi;10
villava;;adjektiivi;10
vilpoisa;;adjektiivi;10
vimmaisa;;adjektiivi;10
virtaisa;;adjektiivi;10
voittoisa;;adjektiivi;10
väistyvä;;adjektiivi;10
väljä;;adjektiivi;10
välttävä;;adjektiivi;10
väriäpäästävä;;adjektiivi;10
väärä;;adjektiivi;10
yhtenevä;;adjektiivi;10
yleissitova;;adjektiivi;10
yleissivistävä;;adjektiivi;10
ylevä;;adjektiivi;10
yliampuva;;adjektiivi;10
ylihuolehtiva;;adjektiivi;10
yliohjautuva;;adjektiivi;10
ylipursuava;;adjektiivi;10
ylipursuva;;adjektiivi;10
ylitsevuotava;;adjektiivi;10
yllättävä;;adjektiivi;10
ylävä;;adjektiivi;10
ymmärrettävä;;adjektiivi;10
ymmärtävä;;adjektiivi;10
äitelä;;adjektiivi;10
ärsyttävä;;adjektiivi;10
ärtyisä;;adjektiivi;10
äärevä;;adjektiivi;10
dorka;;adjektiivi, substantiivi;10
elävä;;adjektiivi, substantiivi;10
hyvä;;adjektiivi, substantiivi;10
hämärä;;adjektiivi, substantiivi;10
höhlä;;adjektiivi, substantiivi;10
höynä;;adjektiivi, substantiivi;10
ikävä;;adjektiivi, substantiivi;10
juotava;;adjektiivi, substantiivi;10
kamala;;adjektiivi, substantiivi;10
kirjava;;adjektiivi, substantiivi;10
korska;;adjektiivi, substantiivi;10
kova;;adjektiivi, substantiivi;10
kuiva;;adjektiivi, substantiivi;10
kuudestilaukeava;;adjektiivi, substantiivi;10
kuuma;;adjektiivi, substantiivi;10
kylmä;;adjektiivi, substantiivi;10
käyrä;;adjektiivi, substantiivi;10
köyhä;;adjektiivi, substantiivi;10
luettava;;adjektiivi, substantiivi;10
löysä;;adjektiivi, substantiivi;10
mahtava;;adjektiivi, substantiivi;10
matala;;adjektiivi, substantiivi;10
mokoma;;adjektiivi, substantiivi;10
mukava;;adjektiivi, substantiivi;10
musta;;adjektiivi, substantiivi;10
myöhä;;adjektiivi, substantiivi;10
neuvoa-antava;;adjektiivi, substantiivi;10
nuoska;;adjektiivi, substantiivi;10
nurja;;adjektiivi, substantiivi;10
oma;;adjektiivi, substantiivi;10
pitkä;;adjektiivi, substantiivi;10
pyhä;;adjektiivi, substantiivi;10
pöljä;;adjektiivi, substantiivi;10
ruma;;adjektiivi, substantiivi;10
sekava;;adjektiivi, substantiivi;10
seuraava;;adjektiivi, substantiivi;10
sivustavedettävä;;adjektiivi, substantiivi;10
sula;;adjektiivi, substantiivi;10
suora;;adjektiivi, substantiivi;10
syvä;;adjektiivi, substantiivi;10
syötävä;;adjektiivi, substantiivi;10
terävä;;adjektiivi, substantiivi;10
tuhma;;adjektiivi, substantiivi;10
tuleva;;adjektiivi, substantiivi;10
tumma;;adjektiivi, substantiivi;10
tupla;;adjektiivi, substantiivi;10
turha;;adjektiivi, substantiivi;10
tyhjä;;adjektiivi, substantiivi;10
tyhmä;;adjektiivi, substantiivi;10
typerä;;adjektiivi, substantiivi;10
uskova;;adjektiivi, substantiivi;10
valoisa;;adjektiivi, substantiivi;10
vastaava;;adjektiivi, substantiivi;10
vetelä;;adjektiivi, substantiivi;10
vähä;;adjektiivi, substantiivi;10
väkevä;;adjektiivi, substantiivi;10
biljoona;;numeraali;10
kahdeksan;;numeraali;10
kiljoona;;numeraali;10
kvadriljoona;;numeraali;10
kvintiljoona;;numeraali;10
miljoona;;numeraali;10
neljä;;numeraali;10
seitsemän;;numeraali;10
toka;;numeraali;10
triljoona;;numeraali;10
tsiljoona;;numeraali;10
yhdeksän;;numeraali;10
nolla;;numeraali, substantiivi;10
muutama;;pronomini;10
aarpora;;substantiivi;10
adenooma;;substantiivi;10
aerobikkaaja;;substantiivi;10
ahdistaja;;substantiivi;10
ahertaja;;substantiivi;10
ahtaaja;;substantiivi;10
ahtauma;;substantiivi;10
ahtautuma;;substantiivi;10
aihelma;;substantiivi;10
aiheuttaja;;substantiivi;10
aineellistuma;;substantiivi;10
aineistuma;;substantiivi;10
ajaja;;substantiivi;10
ajatelma;;substantiivi;10
ajettuma;;substantiivi;10
aksiooma;;substantiivi;10
alasuoja;;substantiivi;10
alenema;;substantiivi;10
alisuoriutuja;;substantiivi;10
alkaja;;substantiivi;10
aloittaja;;substantiivi;10
alustaja;;substantiivi;10
amfora;;substantiivi;10
ammattisuoja;;substantiivi;10
ampuja;;substantiivi;10
ampulla;;substantiivi;10
anakonda;;substantiivi;10
anastaja;;substantiivi;10
angostuura;;substantiivi;10
annoona;;substantiivi;10
anoja;;substantiivi;10
antaja;;substantiivi;10
arava;;substantiivi;10
arpeuma;;substantiivi;10
arpeutuma;;substantiivi;10
arvioija;;substantiivi;10
arvostelma;;substantiivi;10
asema;;substantiivi;10
asentaja;;substantiivi;10
asetelma;;substantiivi;10
asettaja;;substantiivi;10
askelma;;substantiivi;10
astuja;;substantiivi;10
asuja;;substantiivi;10
asuma;;substantiivi;10
asuttaja;;substantiivi;10
atk-tallentaja;;substantiivi;10
auditoija;;substantiivi;10
aukeama;;substantiivi;10
aurinkosuoja;;substantiivi;10
aurora;;substantiivi;10
auttaja;;substantiivi;10
avaaja;;substantiivi;10
avauma;;substantiivi;10
avautuma;;substantiivi;10
avustaja;;substantiivi;10
baklava;;substantiivi;10
barrakuda;;substantiivi;10
basaliooma;;substantiivi;10
belladonna;;substantiivi;10
bloggaaja;;substantiivi;10
boa;;substantiivi;10
bodaaja;;substantiivi;10
bossa nova;;substantiivi;10
bryssä;;substantiivi;10
bulla;;substantiivi;10
burka;;substantiivi;10
busa;;substantiivi;10
bygga;;substantiivi;10
bänät;;substantiivi;10
carambola;;substantiivi;10
casanova;;substantiivi;10
cherimoya;;substantiivi;10
cola;;substantiivi;10
contra;;substantiivi;10
couperosa;;substantiivi;10
diaspora;;substantiivi;10
divisioona;;substantiivi;10
donna;;substantiivi;10
doula;;substantiivi;10
durra;;substantiivi;10
duuma;;substantiivi;10
dösä;;substantiivi;10
edeltäjä;;substantiivi;10
edistäjä;;substantiivi;10
editoija;;substantiivi;10
edustaja;;substantiivi;10
ehdotelma;;substantiivi;10
ehdottaja;;substantiivi;10
ekstraaja;;substantiivi;10
eksymä;;substantiivi;10
eksä;;substantiivi;10
eläinsuoja;;substantiivi;10
eläjä;;substantiivi;10
elämä;;substantiivi;10
elätettävä;;substantiivi;10
elättäjä;;substantiivi;10
emintimä;;substantiivi;10
emä;;substantiivi;10
ennustaja;;substantiivi;10
ensisuoja;;substantiivi;10
epäonnistuja;;substantiivi;10
eripura;;substantiivi;10
eristäjä;;substantiivi;10
eritelmä;;substantiivi;10
erkauma;;substantiivi;10
ersä;;substantiivi;10
erä;;substantiivi;10
esiintyjä;;substantiivi;10
esiintymä;;substantiivi;10
esitelmä;;substantiivi;10
esitelmöijä;;substantiivi;10
esittäjä;;substantiivi;10
eskadroona;;substantiivi;10
estymä;;substantiivi;10
estäjä;;substantiivi;10
etelä;;substantiivi;10
etenemä;;substantiivi;10
etsaaja;;substantiivi;10
etsivä;;substantiivi;10
evä;;substantiivi;10
exä;;substantiivi;10
fanittaja;;substantiivi;10
fasilitoija;;substantiivi;10
feijoa;;substantiivi;10
feissaaja;;substantiivi;10
filmaaja;;substantiivi;10
floora;;substantiivi;10
flunssa;;substantiivi;10
futaaja;;substantiivi;10
fuuga;;substantiivi;10
gallona;;substantiivi;10
glaukooma;;substantiivi;10
golfaaja;;substantiivi;10
gorgonzola;;substantiivi;10
gouda;;substantiivi;10
haarauma;;substantiivi;10
haarautuma;;substantiivi;10
haastaja;;substantiivi;10
haastateltava;;substantiivi;10
haavauma;;substantiivi;10
haavautuma;;substantiivi;10
hahmotelma;;substantiivi;10
hahtuva;;substantiivi;10
haituva;;substantiivi;10
hajauma;;substantiivi;10
hajauttaja;;substantiivi;10
hajautuma;;substantiivi;10
hajottaja;;substantiivi;10
hakkaaja;;substantiivi;10
halava;;substantiivi;10
halkeama;;substantiivi;10
hamesuoja;;substantiivi;10
hamstraaja;;substantiivi;10
hankauma;;substantiivi;10
hankautuma;;substantiivi;10
hapettuma;;substantiivi;10
harhama;;substantiivi;10
harhauma;;substantiivi;10
harhautuma;;substantiivi;10
harjoitelma;;substantiivi;10
harjoittaja;;substantiivi;10
harrastaja;;substantiivi;10
harventaja;;substantiivi;10
harventuma;;substantiivi;10
haukattava;;substantiivi;10
hautuma;;substantiivi;10
havainnoija;;substantiivi;10
hedelmä;;substantiivi;10
hehkuttaja;;substantiivi;10
heijastuma;;substantiivi;10
heikentymä;;substantiivi;10
heikkenemä;;substantiivi;10
heinä;;substantiivi;10
heittäjä;;substantiivi;10
henkilöitymä;;substantiivi;10
herjaaja;;substantiivi;10
herkistymä;;substantiivi;10
herttaässä;;substantiivi;10
herättäjä;;substantiivi;10
hieroja;;substantiivi;10
hieroutuma;;substantiivi;10
hiertymä;;substantiivi;10
hiihtäjä;;substantiivi;10
hinaaja;;substantiivi;10
hitsaaja;;substantiivi;10
hiustenhalkoja;;substantiivi;10
hiutuma;;substantiivi;10
hohka;;substantiivi;10
hoitaja;;substantiivi;10
hoiva;;substantiivi;10
hokema;;substantiivi;10
holhooja;;substantiivi;10
homma;;substantiivi;10
hongankolistaja;;substantiivi;10
horna;;substantiivi;10
horsma;;substantiivi;10
hosa;;substantiivi;10
huipentuma;;substantiivi;10
huiska;;substantiivi;10
hula;;substantiivi;10
humma;;substantiivi;10
hunaja;;substantiivi;10
huoltaja;;substantiivi;10
huomioija;;substantiivi;10
huora;;substantiivi;10
huotra;;substantiivi;10
hurma;;substantiivi;10
hurmaaja;;substantiivi;10
hutiloija;;substantiivi;10
huuhkaja;;substantiivi;10
huuhtoja;;substantiivi;10
huuhtouma;;substantiivi;10
huuhtoutuma;;substantiivi;10
huulenheittäjä;;substantiivi;10
huuma;;substantiivi;10
huutaja;;substantiivi;10
huuva;;substantiivi;10
hyhmä;;substantiivi;10
hynä;;substantiivi;10
hyperbola;;substantiivi;10
hypotenuusa;;substantiivi;10
hyppääjä;;substantiivi;10
hyrrä;;substantiivi;10
hyväksyjä;;substantiivi;10
hyyhmä;;substantiivi;10
hyytymä;;substantiivi;10
hyökkääjä;;substantiivi;10
häikäisysuoja;;substantiivi;10
häipymä;;substantiivi;10
häiskä;;substantiivi;10
häivä;;substantiivi;10
härmä;;substantiivi;10
hävittäjä;;substantiivi;10
häviäjä;;substantiivi;10
hölkkääjä;;substantiivi;10
höntsä;;substantiivi;10
höskä;;substantiivi;10
höylä;;substantiivi;10
höytyvä;;substantiivi;10
ihottuma;;substantiivi;10
ilmasuoja;;substantiivi;10
ilmenemä;;substantiivi;10
ilmentymä;;substantiivi;10
ilmoittaja;;substantiivi;10
iltama;;substantiivi;10
imettäjä;;substantiivi;10
imitoija;;substantiivi;10
inkontinenssisuoja;;substantiivi;10
innoittaja;;substantiivi;10
innostaja;;substantiivi;10
interrailaaja;;substantiivi;10
interreilaaja;;substantiivi;10
intimiteettisuoja;;substantiivi;10
investoija;;substantiivi;10
irtauma;;substantiivi;10
irtautuma;;substantiivi;10
irtisanomissuoja;;substantiivi;10
iskelmä;;substantiivi;10
iskemä;;substantiivi;10
istuma;;substantiivi;10
isä;;substantiivi;10
itsekriminointisuoja;;substantiivi;10
jaettava;;substantiivi;10
jakaja;;substantiivi;10
jakauma;;substantiivi;10
jakautuma;;substantiivi;10
jalava;;substantiivi;10
jalokivihioja;;substantiivi;10
jatkaja;;substantiivi;10
jauhokoisa;;substantiivi;10
jehova;;substantiivi;10
johtaja;;substantiivi;10
jolla;;substantiivi;10
jolma;;substantiivi;10
jooga;;substantiivi;10
jorma;;substantiivi;10
juhla;;substantiivi;10
julistaja;;substantiivi;10
jumala;;substantiivi;10
jumalanluoma;;substantiivi;10
juna;;substantiivi;10
juoma;;substantiivi;10
juontaja;;substantiivi;10
juova;;substantiivi;10
juurrettava;;substantiivi;10
juustouma;;substantiivi;10
juustoutuma;;substantiivi;10
jyrä;;substantiivi;10
jyvä;;substantiivi;10
jäbä;;substantiivi;10
jähmettymä;;substantiivi;10
jäkälä;1;substantiivi;10
jäkälä;2;substantiivi;10
jäljitelmä;;substantiivi;10
jämä;;substantiivi;10
jännittäjä;;substantiivi;10
järjestelmä;;substantiivi;10
järjestäjä;;substantiivi;10
jätkä;;substantiivi;10
jäykistymä;;substantiivi;10
jäynä;;substantiivi;10
jäähdyttäjä;;substantiivi;10
jäämä;;substantiivi;10
jäärä;;substantiivi;10
jäätymä;;substantiivi;10
kaahaaja;;substantiivi;10
kaappaaja;;substantiivi;10
kaartuma;;substantiivi;10
kaataja;;substantiivi;10
kaavaaja;;substantiivi;10
kaavoittuma;;substantiivi;10
kahdentuma;;substantiivi;10
kahlaaja;;substantiivi;10
kahvinjuoja;;substantiivi;10
kaivaja;;substantiivi;10
kaivertaja;;substantiivi;10
kajava;;substantiivi;10
kalastaja;;substantiivi;10
kaljama;;substantiivi;10
kalkkeuma;;substantiivi;10
kalkkeutuma;;substantiivi;10
kalkkiuma;;substantiivi;10
kalkkiutuma;;substantiivi;10
kalliosuoja;;substantiivi;10
kallistuma;;substantiivi;10
kallonkutistaja;;substantiivi;10
kampaaja;;substantiivi;10
kanava;;substantiivi;10
kanerva;;substantiivi;10
kannattaja;;substantiivi;10
kannustaja;;substantiivi;10
kantaja;;substantiivi;10
kantama;;substantiivi;10
kapinoija;;substantiivi;10
karambola;;substantiivi;10
kardemumma;;substantiivi;10
karhuaja;;substantiivi;10
karjasuoja;;substantiivi;10
karsinooma;;substantiivi;10
karstaaja;;substantiivi;10
kartoittaja;;substantiivi;10
karttuma;;substantiivi;10
kasaantuma;;substantiivi;10
kasauma;;substantiivi;10
kasautuma;;substantiivi;10
kassava;;substantiivi;10
kasvattaja;;substantiivi;10
kasvettuma;;substantiivi;10
kataja;;substantiivi;10
katkeama;;substantiivi;10
katkelma;;substantiivi;10
katkoja;;substantiivi;10
katsastaja;;substantiivi;10
katsoja;;substantiivi;10
katsoma;;substantiivi;10
kaulasuoja;;substantiivi;10
kaupittaja;;substantiivi;10
kauppaaja;;substantiivi;10
kavaltaja;;substantiivi;10
kaventuma;;substantiivi;10
kehitelmä;;substantiivi;10
kehittymä;;substantiivi;10
kehittäjä;;substantiivi;10
kehkeymä;;substantiivi;10
kehkeytymä;;substantiivi;10
kehnä;;substantiivi;10
kehrä;;substantiivi;10
kehrääjä;;substantiivi;10
kehuja;;substantiivi;10
kehä;;substantiivi;10
keikaroija;;substantiivi;10
keilaaja;;substantiivi;10
keittäjä;;substantiivi;10
kellonlyömä;;substantiivi;10
kengittäjä;;substantiivi;10
kengänkiillottaja;;substantiivi;10
kerrostuma;;substantiivi;10
kerrottava;;substantiivi;10
kerskuja;;substantiivi;10
kertauma;;substantiivi;10
kertoja;;substantiivi;10
kertoma;;substantiivi;10
kertymä;;substantiivi;10
kerä;;substantiivi;10
keräelmä;;substantiivi;10
keräymä;;substantiivi;10
keräytymä;;substantiivi;10
kerääjä;;substantiivi;10
keskittymä;;substantiivi;10
kesyttäjä;;substantiivi;10
kesä;;substantiivi;10
ketlaaja;;substantiivi;10
kidnappaaja;;substantiivi;10
kiduttaja;;substantiivi;10
kiekuja;;substantiivi;10
kieltäjä;;substantiivi;10
kieltäytyjä;;substantiivi;10
kieroutuma;;substantiivi;10
kiertymä;;substantiivi;10
kiertäjä;;substantiivi;10
kietouma;;substantiivi;10
kietoutuma;;substantiivi;10
kiihottaja;;substantiivi;10
kiinnikasvama;;substantiivi;10
kiittäjä;;substantiivi;10
kiitäjä;;substantiivi;10
kinoa;;substantiivi;10
kinostuma;;substantiivi;10
kipinäsuoja;;substantiivi;10
kirimoija;;substantiivi;10
kiristäjä;;substantiivi;10
kirittäjä;;substantiivi;10
kirjelmä;;substantiivi;10
kirjoitelma;;substantiivi;10
kirjoittaja;;substantiivi;10
kiskoja;;substantiivi;10
kiteymä;;substantiivi;10
kiteytymä;;substantiivi;10
kiusaaja;;substantiivi;10
kivenhioja;;substantiivi;10
kivettymä;;substantiivi;10
kobra;;substantiivi;10
kofta;;substantiivi;10
kohoama;;substantiivi;10
kohottaja;;substantiivi;10
kohouma;;substantiivi;10
kohoutuma;;substantiivi;10
kohva;;substantiivi;10
koira;;substantiivi;10
koisa;;substantiivi;10
kokkaaja;;substantiivi;10
kokoaja;;substantiivi;10
kokoelma;;substantiivi;10
kokooja;;substantiivi;10
kokoontuma;;substantiivi;10
kokouma;;substantiivi;10
kokoutuma;;substantiivi;10
kola;1;substantiivi;10
kola;2;substantiivi;10
kolhiintuma;;substantiivi;10
kolhiutuma;;substantiivi;10
kolja;;substantiivi;10
kolmiloikkaaja;;substantiivi;10
kolonna;;substantiivi;10
komatsuna;;substantiivi;10
komentaja;;substantiivi;10
kommentoija;;substantiivi;10
kondylooma;;substantiivi;10
koneistaja;;substantiivi;10
konna;;substantiivi;10
konservoija;;substantiivi;10
koodaaja;;substantiivi;10
koodittaja;;substantiivi;10
kooma;;substantiivi;10
koordinoija;;substantiivi;10
koostelma;;substantiivi;10
kopioija;;substantiivi;10
kopla;;substantiivi;10
kopra;;substantiivi;10
korjaaja;;substantiivi;10
korkosuoja;;substantiivi;10
korma;;substantiivi;10
koruna;;substantiivi;10
korva;;substantiivi;10
korvaaja;;substantiivi;10
kosla;;substantiivi;10
kostaja;;substantiivi;10
kotiminä;;substantiivi;10
kotiuttaja;;substantiivi;10
kotka;;substantiivi;10
kotoutuja;;substantiivi;10
kotsa;1;substantiivi;10
kotsa;2;substantiivi;10
kotva;;substantiivi;10
koukistaja;;substantiivi;10
koukistuma;;substantiivi;10
kouluttaja;;substantiivi;10
koura;;substantiivi;10
kovertuma;;substantiivi;10
kovettuma;;substantiivi;10
kruska;;substantiivi;10
kruuna;;substantiivi;10
kruunaaja;;substantiivi;10
kränä;;substantiivi;10
krääsä;;substantiivi;10
kudelma;;substantiivi;10
kuha;;substantiivi;10
kuiskaaja;;substantiivi;10
kuisma;;substantiivi;10
kuivaaja;;substantiivi;10
kuja;;substantiivi;10
kuksa;;substantiivi;10
kuljettaja;;substantiivi;10
kulkeuma;;substantiivi;10
kulkeutuma;;substantiivi;10
kulma;;substantiivi;10
kulttuurinkarttaja;;substantiivi;10
kuluma;;substantiivi;10
kuluttaja;;substantiivi;10
kuluttajansuoja;;substantiivi;10
kuna;;substantiivi;10
kuntoutuja;;substantiivi;10
kuoha;;substantiivi;10
kuohuva;;substantiivi;10
kuola;;substantiivi;10
kuolema;;substantiivi;10
kuoma;;substantiivi;10
kuona;;substantiivi;10
kuorettuma;;substantiivi;10
kuoreutuma;;substantiivi;10
kuorma;;substantiivi;10
kuormaaja;;substantiivi;10
kuortuma;;substantiivi;10
kupla;;substantiivi;10
kupliva;;substantiivi;10
kuppaaja;;substantiivi;10
kura;;substantiivi;10
kuristaja;;substantiivi;10
kurittaja;;substantiivi;10
kurkuma;;substantiivi;10
kurouma;;substantiivi;10
kuroutuma;;substantiivi;10
kurra;;substantiivi;10
kurva;;substantiivi;10
kusettaja;;substantiivi;10
kustantaja;;substantiivi;10
kutikula;;substantiivi;10
kutistuma;;substantiivi;10
kutka;;substantiivi;10
kutoja;;substantiivi;10
kutsuja;;substantiivi;10
kuukautissuoja;;substantiivi;10
kuula;;substantiivi;10
kuulonheikkenemä;;substantiivi;10
kuulusteltava;;substantiivi;10
kuuluttaja;;substantiivi;10
kuunnelma;;substantiivi;10
kuura;;substantiivi;10
kuurna;;substantiivi;10
kuusama;;substantiivi;10
kuutiotuuma;;substantiivi;10
kuva;;substantiivi;10
kuvaaja;;substantiivi;10
kuvaelma;;substantiivi;10
kuvainraastaja;;substantiivi;10
kuvanveistäjä;;substantiivi;10
kuvastaja;;substantiivi;10
kuvitelma;;substantiivi;10
kuvittaja;;substantiivi;10
kvinoa;;substantiivi;10
kyhäelmä;;substantiivi;10
kylvettäjä;;substantiivi;10
kylväjä;;substantiivi;10
kylä;;substantiivi;10
kyntäjä;;substantiivi;10
kynä;;substantiivi;10
kypärä;;substantiivi;10
kyrsä;;substantiivi;10
kyssä;;substantiivi;10
kysyjä;;substantiivi;10
kytkeymä;;substantiivi;10
kyttääjä;;substantiivi;10
kyylä;;substantiivi;10
kyynärä;;substantiivi;10
känsä;;substantiivi;10
känä;;substantiivi;10
kärjistymä;;substantiivi;10
kärkkyjä;;substantiivi;10
kärrääjä;;substantiivi;10
kärsä;;substantiivi;10
käräjät;;substantiivi;10
käsikähmä;;substantiivi;10
käsnä;;substantiivi;10
kässä;;substantiivi;10
käynnistäjä;;substantiivi;10
käyristymä;;substantiivi;10
käyttäjä;;substantiivi;10
käyttäytymä;;substantiivi;10
käytävä;;substantiivi;10
kääntäjä;;substantiivi;10
köhä;;substantiivi;10
köksä;;substantiivi;10
köntsä;;substantiivi;10
laajenema;;substantiivi;10
laajennelma;;substantiivi;10
laajentuma;;substantiivi;10
ladelma;;substantiivi;10
lahdelma;;substantiivi;10
lahjoittaja;;substantiivi;10
lahjoma;;substantiivi;10
lahosuoja;;substantiivi;10
lahottaja;;substantiivi;10
lahouma;;substantiivi;10
laihduttaja;;substantiivi;10
lainaaja;;substantiivi;10
lainsuoja;;substantiivi;10
laitama;;substantiivi;10
laivaaja;;substantiivi;10
laivamuonittaja;;substantiivi;10
lajitelma;;substantiivi;10
lammassuoja;;substantiivi;10
larppaaja;;substantiivi;10
lasinhioja;;substantiivi;10
lasintyöstäjä;;substantiivi;10
lasittaja;;substantiivi;10
laskelma;;substantiivi;10
laskeuma;;substantiivi;10
laskeutuma;;substantiivi;10
lastaaja;;substantiivi;10
latauma;;substantiivi;10
latautuma;;substantiivi;10
latoja;;substantiivi;10
laudoittaja;;substantiivi;10
laulaja;;substantiivi;10
laulelma;;substantiivi;10
laumasuoja;;substantiivi;10
lauselma;;substantiivi;10
lausuja;;substantiivi;10
lausuma;;substantiivi;10
lautuma;;substantiivi;10
lavastaja;;substantiivi;10
laventaja;;substantiivi;10
legioona;;substantiivi;10
lehmä;;substantiivi;10
lehvä;;substantiivi;10
leijona;;substantiivi;10
leijuma;;substantiivi;10
leikkaaja;;substantiivi;10
leimaaja;;substantiivi;10
leipoja;;substantiivi;10
lentäjä;;substantiivi;10
lentävä;;substantiivi;10
lepuuttaja;;substantiivi;10
levä;;substantiivi;10
leyhkä;;substantiivi;10
liehakoija;;substantiivi;10
lietsoja;;substantiivi;10
liettymä;;substantiivi;10
liftaaja;;substantiivi;10
lihasvenähtymä;;substantiivi;10
liikennöijä;;substantiivi;10
liikkuja;;substantiivi;10
liittouma;;substantiivi;10
liittoutuma;;substantiivi;10
liittymä;;substantiivi;10
‑liitäjä;;substantiivi;10
likaaja;;substantiivi;10
limakalvosirottuma;;substantiivi;10
linnustaja;;substantiivi;10
lintsaaja;;substantiivi;10
lisä;;substantiivi;10
litistymä;;substantiivi;10
liukuma;;substantiivi;10
lobbaaja;;substantiivi;10
lohkeama;;substantiivi;10
loitontaja;;substantiivi;10
lokasuoja;;substantiivi;10
loma;;substantiivi;10
lomittaja;;substantiivi;10
lompsa;;substantiivi;10
loska;;substantiivi;10
lotja;;substantiivi;10
lottoaja;;substantiivi;10
luennoija;;substantiivi;10
luetelma;;substantiivi;10
luha;1;substantiivi;10
luha;2;substantiivi;10
luhistuma;;substantiivi;10
lukema;;substantiivi;10
lukkiutuma;;substantiivi;10
lulla;;substantiivi;10
lumenpysymä;;substantiivi;10
lumikola;;substantiivi;10
lumooja;;substantiivi;10
lunastaja;;substantiivi;10
luoja;;substantiivi;10
luola;;substantiivi;10
luoma;;substantiivi;10
luopuja;;substantiivi;10
luotottaja;;substantiivi;10
luovuttaja;;substantiivi;10
lutka;;substantiivi;10
luuska;;substantiivi;10
luutuma;;substantiivi;10
lyhenemä;;substantiivi;10
lyhennelmä;;substantiivi;10
lyhentymä;;substantiivi;10
lymfooma;;substantiivi;10
lypsäjä;;substantiivi;10
lyöjä;;substantiivi;10
lyöttymä;;substantiivi;10
lähdesuoja;;substantiivi;10
lähentäjä;;substantiivi;10
lähettäjä;;substantiivi;10
läiskä;;substantiivi;10
läjä;;substantiivi;10
lämmittäjä;;substantiivi;10
lässyttäjä;;substantiivi;10
lätkä;;substantiivi;10
lätsä;;substantiivi;10
lävistäjä;;substantiivi;10
läävä;;substantiivi;10
löyhkä;;substantiivi;10
löytäjä;;substantiivi;10
maalaaja;;substantiivi;10
maannousema;;substantiivi;10
maatuma;;substantiivi;10
madonna;;substantiivi;10
mahtaja;;substantiivi;10
mainostaja;;substantiivi;10
maisema;;substantiivi;10
maistaja;;substantiivi;10
majava;;substantiivi;10
majoittaja;;substantiivi;10
makeuttaja;;substantiivi;10
maksaja;;substantiivi;10
maksoittuma;;substantiivi;10
mallisuoja;;substantiivi;10
manaaja;;substantiivi;10
manipuloija;;substantiivi;10
mankuja;;substantiivi;10
maracuja;;substantiivi;10
marjastaja;;substantiivi;10
markkinoija;;substantiivi;10
maskeeraaja;;substantiivi;10
matkaaja;;substantiivi;10
matkustaja;;substantiivi;10
matroona;;substantiivi;10
meikkaaja;;substantiivi;10
meikä;;substantiivi;10
melanooma;;substantiivi;10
mellakoija;;substantiivi;10
meloja;;substantiivi;10
meluaja;;substantiivi;10
melusuoja;;substantiivi;10
menestyjä;;substantiivi;10
menetelmä;;substantiivi;10
mestaaja;;substantiivi;10
mestaroija;;substantiivi;10
metafora;;substantiivi;10
metelöijä;;substantiivi;10
metsä;;substantiivi;10
metsästäjä;;substantiivi;10
miehittäjä;;substantiivi;10
mieleenjohtuma;;substantiivi;10
mietelmä;;substantiivi;10
miinaaja;;substantiivi;10
miksaaja;;substantiivi;10
mittaaja;;substantiivi;10
moderoija;;substantiivi;10
moka;;substantiivi;10
mokša;1;substantiivi;10
mokša;2;substantiivi;10
molva;;substantiivi;10
mordva;;substantiivi;10
morkkaaja;;substantiivi;10
moska;1;substantiivi;10
moska;2;substantiivi;10
muija;;substantiivi;10
muiluttaja;;substantiivi;10
muistama;;substantiivi;10
muistelma;;substantiivi;10
muistuma;;substantiivi;10
mukaelma;;substantiivi;10
mukauma;;substantiivi;10
mukautuma;;substantiivi;10
muna;;substantiivi;10
muodostaja;;substantiivi;10
muodostelma;;substantiivi;10
muodostuma;;substantiivi;10
muokkaaja;;substantiivi;10
muona;;substantiivi;10
muotoutuma;;substantiivi;10
muovauma;;substantiivi;10
muovautuma;;substantiivi;10
mura;;substantiivi;10
murha;;substantiivi;10
murhaaja;;substantiivi;10
murjottaja;;substantiivi;10
murska;;substantiivi;10
murskaaja;;substantiivi;10
murtaja;;substantiivi;10
murtautuja;;substantiivi;10
murtuma;;substantiivi;10
musa;;substantiivi;10
mustelma;;substantiivi;10
mustuma;;substantiivi;10
mutka;;substantiivi;10
muunnelma;;substantiivi;10
muuntaja;;substantiivi;10
muusa;;substantiivi;10
muuttaja;;substantiivi;10
muuttuja;;substantiivi;10
muuttuma;;substantiivi;10
myelooma;;substantiivi;10
myooma;;substantiivi;10
myyjä;;substantiivi;10
myyrä;;substantiivi;10
myöntäjä;;substantiivi;10
mähkä;;substantiivi;10
mäihä;;substantiivi;10
mäyrä;;substantiivi;10
määritelmä;;substantiivi;10
määrä;;substantiivi;10
määrääjä;;substantiivi;10
mököttäjä;;substantiivi;10
mönjä;;substantiivi;10
mörskä;;substantiivi;10
naamioija;;substantiivi;10
naistennaurattaja;;substantiivi;10
naittaja;;substantiivi;10
nauraja;;substantiivi;10
naurattaja;;substantiivi;10
navigoija;;substantiivi;10
nenä;;substantiivi;10
neuloja;;substantiivi;10
neuvoja;;substantiivi;10
nikama;;substantiivi;10
nikkaroija;;substantiivi;10
niksauttaja;;substantiivi;10
nillittäjä;;substantiivi;10
nimittäjä;;substantiivi;10
nipottaja;;substantiivi;10
nirhama;;substantiivi;10
nirhauma;;substantiivi;10
nisä;;substantiivi;10
nitoja;;substantiivi;10
niuhottaja;;substantiivi;10
noja;;substantiivi;10
norja;2;substantiivi;10
nostaja;;substantiivi;10
notkelma;;substantiivi;10
noutaja;;substantiivi;10
nova;;substantiivi;10
nuha;;substantiivi;10
nukettaja;;substantiivi;10
nukkuja;;substantiivi;10
nunna;;substantiivi;10
nuohooja;;substantiivi;10
nuohouskola;;substantiivi;10
nuora;;substantiivi;10
nurkkaaja;;substantiivi;10
nuuska;;substantiivi;10
nyksä;;substantiivi;10
nystermä;;substantiivi;10
nysä;;substantiivi;10
näkemä;;substantiivi;10
näkymä;;substantiivi;10
näkösuoja;;substantiivi;10
närä;;substantiivi;10
nätkelmä;;substantiivi;10
näytelmä;;substantiivi;10
näytteilleasettaja;;substantiivi;10
näyttämä;;substantiivi;10
näyttösuoja;;substantiivi;10
observoija;;substantiivi;10
odelma;;substantiivi;10
odottaja;;substantiivi;10
ohentuma;;substantiivi;10
ohja;;substantiivi;10
ohjaaja;;substantiivi;10
ohjastaja;;substantiivi;10
ohjelma;;substantiivi;10
ohjelmoija;;substantiivi;10
ohra;;substantiivi;10
oikeussuoja;;substantiivi;10
oja;;substantiivi;10
ojentaja;;substantiivi;10
okra;1;substantiivi;10
okra;2;substantiivi;10
oksa;;substantiivi;10
olettama;;substantiivi;10
oltavat;;substantiivi;10
omaisuudensuoja;;substantiivi;10
omistaja;;substantiivi;10
ongelma;;substantiivi;10
onnentoivottaja;;substantiivi;10
opastaja;;substantiivi;10
operoija;;substantiivi;10
opettaja;;substantiivi;10
ora;;substantiivi;10
orava;;substantiivi;10
organisoija;;substantiivi;10
orja;;substantiivi;10
osa;;substantiivi;10
osaaja;;substantiivi;10
osallistuja;;substantiivi;10
ositettava;;substantiivi;10
osoittaja;;substantiivi;10
ostaja;;substantiivi;10
osuma;;substantiivi;10
otaksuma;;substantiivi;10
otsa;;substantiivi;10
ottaja;;substantiivi;10
paikannäyttäjä;;substantiivi;10
painaja;;substantiivi;10
painama;;substantiivi;10
painauma;;substantiivi;10
painautuma;;substantiivi;10
painuma;;substantiivi;10
paisuma;;substantiivi;10
pakertaja;;substantiivi;10
paketoija;;substantiivi;10
pakinoija;;substantiivi;10
pakkaaja;;substantiivi;10
paksunema;;substantiivi;10
paksuntuma;;substantiivi;10
paksuuntuma;;substantiivi;10
palauma;;substantiivi;10
palautuma;;substantiivi;10
paleltuma;;substantiivi;10
paljastaja;;substantiivi;10
paljastuma;;substantiivi;10
palvoja;;substantiivi;10
panama;;substantiivi;10
panostaja;;substantiivi;10
papillooma;;substantiivi;10
paranoia;;substantiivi;10
parantaja;;substantiivi;10
parittaja;;substantiivi;10
parjaaja;;substantiivi;10
passaaja;;substantiivi;10
pataljoona;;substantiivi;10
pataässä;;substantiivi;10
patenttisuoja;;substantiivi;10
patouma;;substantiivi;10
patoutuma;;substantiivi;10
paukama;;substantiivi;10
pavlova;;substantiivi;10
peeärrä;;substantiivi;10
pelaaja;;substantiivi;10
pelastaja;;substantiivi;10
pelkääjä;;substantiivi;10
pellava;;substantiivi;10
pengermä;;substantiivi;10
perehdyttäjä;;substantiivi;10
perestroika;;substantiivi;10
perimä;;substantiivi;10
perinnönjättäjä;;substantiivi;10
perkaaja;;substantiivi;10
personoituma;;substantiivi;10
persoona;;substantiivi;10
perustaja;;substantiivi;10
perä;;substantiivi;10
peräpukama;;substantiivi;10
pesä;;substantiivi;10
petkuttaja;;substantiivi;10
pettäjä;;substantiivi;10
petäjä;;substantiivi;10
peukuttaja;;substantiivi;10
pidentymä;;substantiivi;10
pihlaja;;substantiivi;10
pihtaaja;;substantiivi;10
piimä;;substantiivi;10
piintymä;;substantiivi;10
piirittäjä;;substantiivi;10
piirtäjä;;substantiivi;10
pikkuhousunsuoja;;substantiivi;10
pikkunaposteltava;;substantiivi;10
pikkupurtava;;substantiivi;10
pilaaja;;substantiivi;10
pilkkaaja;;substantiivi;10
pilkkoja;;substantiivi;10
pillerinpyörittäjä;;substantiivi;10
pillittäjä;;substantiivi;10
pingottaja;;substantiivi;10
pinnaaja;;substantiivi;10
pinttymä;;substantiivi;10
pisama;;substantiivi;10
pitentymä;;substantiivi;10
pitäjä;;substantiivi;10
pitämä;;substantiivi;10
plagioija;;substantiivi;10
plussa;;substantiivi;10
plutoona;;substantiivi;10
PMS;;substantiivi;10
pohja;;substantiivi;10
poikkeama;;substantiivi;10
poikkeuma;;substantiivi;10
poikkipuola;;substantiivi;10
poimielma;;substantiivi;10
poistuma;;substantiivi;10
poka;1;substantiivi;10
poka;2;substantiivi;10
pola;;substantiivi;10
polla;;substantiivi;10
polska;;substantiivi;10
polttaja;;substantiivi;10
polttama;;substantiivi;10
pomada;;substantiivi;10
pommisuoja;;substantiivi;10
pommittaja;;substantiivi;10
pora;;substantiivi;10
poraaja;;substantiivi;10
poronkusema;;substantiivi;10
potka;;substantiivi;10
poukama;;substantiivi;10
povaaja;;substantiivi;10
PR;;substantiivi;10
primadonna;;substantiivi;10
proffa;;substantiivi;10
proosa;;substantiivi;10
propagoija;;substantiivi;10
prossa;;substantiivi;10
protokolla;;substantiivi;10
prätkä;;substantiivi;10
puhaltaja;;substantiivi;10
puhdistaja;;substantiivi;10
puhdistuma;;substantiivi;10
puhelinsuoja;;substantiivi;10
puhkeama;;substantiivi;10
puhuja;;substantiivi;10
puija;;substantiivi;10
pukusuoja;;substantiivi;10
pula;;substantiivi;10
pulja;;substantiivi;10
pulla;;substantiivi;10
pullistuma;;substantiivi;10
pulma;;substantiivi;10
puna;;substantiivi;10
punehtuma;;substantiivi;10
punoja;;substantiivi;10
puola;1;substantiivi;10
puola;2;substantiivi;10
puoltaja;;substantiivi;10
puolustaja;;substantiivi;10
puoskaroija;;substantiivi;10
purema;;substantiivi;10
puristuma;;substantiivi;10
purkaja;;substantiivi;10
purkauma;;substantiivi;10
purkautuma;;substantiivi;10
purnaaja;;substantiivi;10
puska;;substantiivi;10
pussiutuma;;substantiivi;10
pusta;;substantiivi;10
putka;;substantiivi;10
putoaja;;substantiivi;10
putoama;;substantiivi;10
puuha;;substantiivi;10
puuhaaja;;substantiivi;10
puuhka;;substantiivi;10
puukottaja;;substantiivi;10
puuma;;substantiivi;10
puupuola;;substantiivi;10
puuska;;substantiivi;10
puvustaja;;substantiivi;10
pyjama;;substantiivi;10
pykimä;;substantiivi;10
pykälä;;substantiivi;10
pyydystäjä;;substantiivi;10
pyytäjä;;substantiivi;10
pyörä;;substantiivi;10
pyöränpuola;;substantiivi;10
päivystäjä;;substantiivi;10
päivä;;substantiivi;10
pännä;;substantiivi;10
pärstä;;substantiivi;10
pässinpökkimät;;substantiivi;10
pätkä;;substantiivi;10
päällepantava;;substantiivi;10
päätelmä;;substantiivi;10
päättäjä;;substantiivi;10
pöhnä;;substantiivi;10
pöhöttymä;;substantiivi;10
pökät;;substantiivi;10
pölyttäjä;;substantiivi;10
quinoa;;substantiivi;10
raataja;;substantiivi;10
rahastaja;;substantiivi;10
rahoittaja;;substantiivi;10
rahtaaja;;substantiivi;10
raiskaaja;;substantiivi;10
raivaaja;;substantiivi;10
rajasuoja;;substantiivi;10
rakastaja;;substantiivi;10
rakennelma;;substantiivi;10
rakennuttaja;;substantiivi;10
rakentaja;;substantiivi;10
rantama;;substantiivi;10
rappaaja;;substantiivi;10
rappeuma;;substantiivi;10
rappeutuma;;substantiivi;10
ratakelaaja;;substantiivi;10
ratkeama;;substantiivi;10
ratkoja;;substantiivi;10
ratsastaja;;substantiivi;10
raudoittaja;;substantiivi;10
ravustaja;;substantiivi;10
referoija;;substantiivi;10
reilaaja;;substantiivi;10
reivaaja;;substantiivi;10
rengastaja;;substantiivi;10
repeytymä;;substantiivi;10
repeämä;;substantiivi;10
reskontra;;substantiivi;10
rettelöijä;;substantiivi;10
reunama;;substantiivi;10
revähtymä;;substantiivi;10
rienaaja;;substantiivi;10
rievä;;substantiivi;10
rihkama;;substantiivi;10
rihmankiertämä;;substantiivi;10
riimitelmä;;substantiivi;10
riippuma;;substantiivi;10
riistäjä;;substantiivi;10
riivaaja;;substantiivi;10
rikastuttaja;;substantiivi;10
rikkoja;;substantiivi;10
rikkouma;;substantiivi;10
rikkoutuma;;substantiivi;10
rintama;;substantiivi;10
ripittäytyjä;;substantiivi;10
risteymä;;substantiivi;10
risteytymä;;substantiivi;10
ristiässä;;substantiivi;10
rohmuaja;;substantiivi;10
rohtuma;;substantiivi;10
roina;;substantiivi;10
rokahtuma;;substantiivi;10
rokotesuoja;;substantiivi;10
rokotussuoja;;substantiivi;10
roolittaja;;substantiivi;10
roska;;substantiivi;10
roskaaja;;substantiivi;10
rouva;;substantiivi;10
ruhjouma;;substantiivi;10
ruhjoutuma;;substantiivi;10
ruikuttaja;;substantiivi;10
rulla;;substantiivi;10
rumba;;substantiivi;10
runoelma;;substantiivi;10
ruoanlaittaja;;substantiivi;10
ruoja;;substantiivi;10
ruoppaaja;;substantiivi;10
ruoska;;substantiivi;10
ruotsintaja;;substantiivi;10
rupeama;;substantiivi;10
rupeutuma;;substantiivi;10
rupla;;substantiivi;10
ruska;;substantiivi;10
rustottuma;;substantiivi;10
ruuanlaittaja;;substantiivi;10
ruuhka;;substantiivi;10
ruuhkauma;;substantiivi;10
ruuhkautuma;;substantiivi;10
ruuma;;substantiivi;10
ruumiillistuma;;substantiivi;10
ruumistuma;;substantiivi;10
ruuna;;substantiivi;10
ruutuässä;;substantiivi;10
ruvettuma;;substantiivi;10
ryhelmä;;substantiivi;10
ryhmitelmä;;substantiivi;10
ryhmittymä;;substantiivi;10
ryhmä;;substantiivi;10
rykelmä;;substantiivi;10
ryssä;;substantiivi;10
rysä;;substantiivi;10
ryvästymä;;substantiivi;10
ryönä;;substantiivi;10
ryöstäjä;;substantiivi;10
rähjä;;substantiivi;10
rähmä;;substantiivi;10
räksä;;substantiivi;10
räpättäjä;;substantiivi;10
räyhääjä;;substantiivi;10
räyskä;1;substantiivi;10
räyskä;2;substantiivi;10
rääkkääjä;;substantiivi;10
röhnä;;substantiivi;10
saaja;;substantiivi;10
saalistaja;;substantiivi;10
saarelma;;substantiivi;10
saarnaaja;;substantiivi;10
saastuma;;substantiivi;10
saastuttaja;;substantiivi;10
saatava;;substantiivi;10
saattaja;;substantiivi;10
sabotoija;;substantiivi;10
sadettaja;;substantiivi;10
sahaaja;;substantiivi;10
saivartaja;;substantiivi;10
sakkauma;;substantiivi;10
sakkautuma;;substantiivi;10
salava;;substantiivi;10
salpaaja;;substantiivi;10
salpauma;;substantiivi;10
salpautuma;;substantiivi;10
samentuma;;substantiivi;10
sammuttaja;;substantiivi;10
samooja;;substantiivi;10
sanoittaja;;substantiivi;10
sanoja;;substantiivi;10
sanoma;;substantiivi;10
saostuma;;substantiivi;10
sapelinkalistaja;;substantiivi;10
sarkooma;;substantiivi;10
sarveistuma;;substantiivi;10
satama;;substantiivi;10
sateensuoja;;substantiivi;10
satsuma;;substantiivi;10
sattuma;;substantiivi;10
saumaaja;;substantiivi;10
saunoja;;substantiivi;10
saunottaja;;substantiivi;10
seinä;;substantiivi;10
seinämä;;substantiivi;10
seisauttaja;;substantiivi;10
seisoja;;substantiivi;10
seisoma;;substantiivi;10
sekaantuma;;substantiivi;10
sekauma;;substantiivi;10
sekautuma;;substantiivi;10
sekoitelma;;substantiivi;10
sekoittaja;;substantiivi;10
sekoittuma;;substantiivi;10
selitelmä;;substantiivi;10
selittäjä;;substantiivi;10
selluloosa;;substantiivi;10
selostaja;;substantiivi;10
selvittäjä;;substantiivi;10
selviytyjä;;substantiivi;10
sepitelmä;;substantiivi;10
sepittäjä;;substantiivi;10
seuraaja;;substantiivi;10
siementäjä;;substantiivi;10
sienestäjä;;substantiivi;10
sieppaaja;;substantiivi;10
sierettymä;;substantiivi;10
sierottuma;;substantiivi;10
siirtymä;;substantiivi;10
siirtäjä;;substantiivi;10
siittäjä;;substantiivi;10
siivittäjä;;substantiivi;10
siivooja;;substantiivi;10
sijoittaja;;substantiivi;10
sikermä;;substantiivi;10
silava;;substantiivi;10
silmä;;substantiivi;10
simputtaja;;substantiivi;10
sinelmä;;substantiivi;10
sinistymä;;substantiivi;10
sirittäjä;;substantiivi;10
sirpalesuoja;;substantiivi;10
sisustaja;;substantiivi;10
sisälokasuoja;;substantiivi;10
sitoja;;substantiivi;10
siunaama;;substantiivi;10
sivuaja;;substantiivi;10
sivustasuoja;;substantiivi;10
skeittaaja;;substantiivi;10
skotooma;;substantiivi;10
softa;;substantiivi;10
sohva;;substantiivi;10
soija;;substantiivi;10
soistuma;;substantiivi;10
soittaja;;substantiivi;10
sola;;substantiivi;10
somistaja;;substantiivi;10
sommitelma;;substantiivi;10
sontsa;;substantiivi;10
sooda;;substantiivi;10
sooma;;substantiivi;10
sopeuma;;substantiivi;10
sopeutuja;;substantiivi;10
sopeutuma;;substantiivi;10
sora;;substantiivi;10
sora-r;;substantiivi;10
sorsa;;substantiivi;10
sorsastaja;;substantiivi;10
sortaja;;substantiivi;10
sortuma;;substantiivi;10
sorva;;substantiivi;10
sorvaaja;;substantiivi;10
sotka;;substantiivi;10
sotkeuma;;substantiivi;10
sotkeutuma;;substantiivi;10
soutaja;;substantiivi;10
sovelma;;substantiivi;10
sovittaja;;substantiivi;10
sparraaja;;substantiivi;10
spora;;substantiivi;10
steppaaja;;substantiivi;10
stola;;substantiivi;10
stoola;;substantiivi;10
struuma;;substantiivi;10
suhu-s;;substantiivi;10
sukeltaja;;substantiivi;10
sukurutsa;;substantiivi;10
sulauma;;substantiivi;10
sulautuma;;substantiivi;10
sulfa;;substantiivi;10
sulkava;;substantiivi;10
sulkeuma;;substantiivi;10
sulkeutuma;;substantiivi;10
suma;;substantiivi;10
summa;;substantiivi;10
sunna;;substantiivi;10
suoja;1;substantiivi;10
suoja;3;substantiivi;10
suomentaja;;substantiivi;10
suorittaja;;substantiivi;10
suortuva;;substantiivi;10
suosittaja;;substantiivi;10
suova;;substantiivi;10
supistaja;;substantiivi;10
supistelma;;substantiivi;10
supistuma;;substantiivi;10
suppeuma;;substantiivi;10
suppeutuma;;substantiivi;10
surfaaja;;substantiivi;10
surffaaja;;substantiivi;10
surkastuma;;substantiivi;10
surma;;substantiivi;10
surmaaja;;substantiivi;10
suudelma;;substantiivi;10
suuhunpantava;;substantiivi;10
suula;;substantiivi;10
suunnannäyttäjä;;substantiivi;10
suunnistaja;;substantiivi;10
suunnitelma;;substantiivi;10
suunpieksäjä;;substantiivi;10
suuntima;;substantiivi;10
suura;;substantiivi;10
suurentuma;;substantiivi;10
synagoga;;substantiivi;10
syndrooma;;substantiivi;10
synnyttäjä;;substantiivi;10
syntymä;;substantiivi;10
syrjä;;substantiivi;10
sytyttäjä;;substantiivi;10
sytytyspuola;;substantiivi;10
syyhelmä;;substantiivi;10
syylä;;substantiivi;10
syytesuoja;;substantiivi;10
syyttäjä;;substantiivi;10
syyttömyysolettama;;substantiivi;10
syöjä;;substantiivi;10
syöpymä;;substantiivi;10
syöstävä;;substantiivi;10
syöttäjä;;substantiivi;10
säbä;;substantiivi;10
säestäjä;;substantiivi;10
säheltäjä;;substantiivi;10
sähköttäjä;;substantiivi;10
sählä;;substantiivi;10
sählääjä;;substantiivi;10
säilymä;;substantiivi;10
säilyttäjä;;substantiivi;10
säilä;;substantiivi;10
säkä;2;substantiivi;10
sälä;;substantiivi;10
särä;;substantiivi;10
säteilysuoja;;substantiivi;10
sätkä;;substantiivi;10
sävelmä;;substantiivi;10
säveltäjä;;substantiivi;10
säynävä;;substantiivi;10
säästymä;;substantiivi;10
säästäjä;;substantiivi;10
säätäjä;;substantiivi;10
sönköttäjä;;substantiivi;10
sössöttäjä;;substantiivi;10
taajama;;substantiivi;10
taantuma;;substantiivi;10
tahdistaja;;substantiivi;10
taipuma;;substantiivi;10
taitaja;;substantiivi;10
taittaja;;substantiivi;10
taittuma;;substantiivi;10
taivaltaja;;substantiivi;10
takaaja;;substantiivi;10
takauma;;substantiivi;10
takautuma;;substantiivi;10
takertuma;;substantiivi;10
taklaaja;;substantiivi;10
takoja;;substantiivi;10
taktikoija;;substantiivi;10
tallaaja;;substantiivi;10
tallentaja;;substantiivi;10
tallettaja;;substantiivi;10
taluttaja;;substantiivi;10
talventörröttäjä;;substantiivi;10
tanhuaja;;substantiivi;10
tanssittaja;;substantiivi;10
tapahtuma;;substantiivi;10
tapioka;;substantiivi;10
tappaja;;substantiivi;10
tarhaaja;;substantiivi;10
tarinoija;;substantiivi;10
tarjoaja;;substantiivi;10
tarjoama;;substantiivi;10
tarjooja;;substantiivi;10
tarjooma;;substantiivi;10
tarkastaja;;substantiivi;10
tarkistaja;;substantiivi;10
tarkkaaja;;substantiivi;10
tarttuja;;substantiivi;10
tarttuma;;substantiivi;10
tartunnanlevittäjä;;substantiivi;10
tasaaja;;substantiivi;10
tasasuuntaaja;;substantiivi;10
taudinlevittäjä;;substantiivi;10
taviokuurna;;substantiivi;10
teelmä;;substantiivi;10
teenjuoja;;substantiivi;10
teettäjä;;substantiivi;10
tehostaja;;substantiivi;10
tehtävä;;substantiivi;10
tekstaaja;;substantiivi;10
tekstiilisuoja;;substantiivi;10
tekstittäjä;;substantiivi;10
teloittaja;;substantiivi;10
tenava;;substantiivi;10
tenttaaja;;substantiivi;10
teroittaja;;substantiivi;10
terä;;substantiivi;10
testaaja;;substantiivi;10
testamenttaaja;;substantiivi;10
teurastaja;;substantiivi;10
tiedottaja;;substantiivi;10
tienaaja;;substantiivi;10
tiennäyttäjä;;substantiivi;10
tietosuoja;;substantiivi;10
tietäjä;;substantiivi;10
tihentymä;;substantiivi;10
tiivistelmä;;substantiivi;10
tiivistymä;;substantiivi;10
tilaaja;;substantiivi;10
tilapäissuoja;;substantiivi;10
tilastoija;;substantiivi;10
tilittäjä;;substantiivi;10
tinkaaja;;substantiivi;10
tiskaaja;;substantiivi;10
todistaja;;substantiivi;10
toga;;substantiivi;10
tohtorikoulutettava;;substantiivi;10
toimittaja;;substantiivi;10
toitottaja;;substantiivi;10
tola;;substantiivi;10
tooga;;substantiivi;10
toora;;substantiivi;10
toosa;;substantiivi;10
tora;;substantiivi;10
toteama;;substantiivi;10
toteuma;;substantiivi;10
toteuttaja;;substantiivi;10
toteutuma;;substantiivi;10
totoaja;;substantiivi;10
tsasouna;;substantiivi;10
tsuhna;;substantiivi;10
tuberoosa;;substantiivi;10
tubettaja;;substantiivi;10
tuhlaaja;;substantiivi;10
tuhoaja;;substantiivi;10
tuhooja;;substantiivi;10
tuija;;substantiivi;10
tukkeuma;;substantiivi;10
tukkeutuma;;substantiivi;10
tulema;;substantiivi;10
tullisuoja;;substantiivi;10
tulva;;substantiivi;10
tuma;;substantiivi;10
tundra;;substantiivi;10
tunkeutuja;;substantiivi;10
tunnelma;;substantiivi;10
tunnustaja;;substantiivi;10
tuntuma;;substantiivi;10
tuoja;;substantiivi;10
tuotesuoja;;substantiivi;10
tuottaja;;substantiivi;10
tupakoija;;substantiivi;10
tuppeuma;;substantiivi;10
turhauma;;substantiivi;10
turhautuma;;substantiivi;10
turma;;substantiivi;10
turpoama;;substantiivi;10
turska;;substantiivi;10
turva;;substantiivi;10
turvaaja;;substantiivi;10
tuska;;substantiivi;10
tutka;;substantiivi;10
tutkielma;;substantiivi;10
tuuba;;substantiivi;10
tuulenhalkoja;;substantiivi;10
tuulennaukuja;;substantiivi;10
tuulensuoja;;substantiivi;10
tuulettaja;;substantiivi;10
tuuma;1;substantiivi;10
tuuma;2;substantiivi;10
tuura;;substantiivi;10
tuuraaja;;substantiivi;10
tuurna;;substantiivi;10
tykittäjä;;substantiivi;10
tykkääjä;;substantiivi;10
tyrmä;;substantiivi;10
tyrmääjä;;substantiivi;10
tyrä;;substantiivi;10
tyydyttäjä;;substantiivi;10
tyylitelmä;;substantiivi;10
työminä;;substantiivi;10
työntäjä;;substantiivi;10
tähkä;;substantiivi;10
tähystäjä;;substantiivi;10
täplä;;substantiivi;10
täydellistymä;;substantiivi;10
täydentäjä;;substantiivi;10
täyttäjä;;substantiivi;10
töhkä;;substantiivi;10
töhnä;;substantiivi;10
törmä;;substantiivi;10
tötsä;;substantiivi;10
uhkaaja;;substantiivi;10
uhma;;substantiivi;10
uija;;substantiivi;10
ula;;substantiivi;10
ulkoiluttaja;;substantiivi;10
ulkonema;;substantiivi;10
ulottuma;;substantiivi;10
ultra;;substantiivi;10
umbra;;substantiivi;10
unelma;;substantiivi;10
untuva;;substantiivi;10
uoma;;substantiivi;10
uppoama;;substantiivi;10
uppouma;;substantiivi;10
ura;;substantiivi;10
urakoija;;substantiivi;10
uranuurtaja;;substantiivi;10
ussa;;substantiivi;10
usva;;substantiivi;10
uudistaja;;substantiivi;10
uuma;;substantiivi;10
uurastaja;;substantiivi;10
uurna;;substantiivi;10
vadelma;;substantiivi;10
vaeltaja;;substantiivi;10
vahingoittuma;;substantiivi;10
vahventuma;;substantiivi;10
vahvistaja;;substantiivi;10
vaihtaja;;substantiivi;10
vaihtosuuntaaja;;substantiivi;10
vaikutelma;;substantiivi;10
vaikuttaja;;substantiivi;10
vainaja;;substantiivi;10
vainoaja;;substantiivi;10
vainooja;;substantiivi;10
vaivaaja;;substantiivi;10
vajoama;;substantiivi;10
vakaaja;;substantiivi;10
vakooja;;substantiivi;10
valaja;;substantiivi;10
valanvannoja;;substantiivi;10
valelma;;substantiivi;10
valikoima;;substantiivi;10
valistaja;;substantiivi;10
valittaja;;substantiivi;10
valkama;;substantiivi;10
valloittaja;;substantiivi;10
valmentaja;;substantiivi;10
valmistaja;;substantiivi;10
valssaaja;;substantiivi;10
valtaaja;;substantiivi;10
valttiässä;;substantiivi;10
valtuuttaja;;substantiivi;10
valuma;;substantiivi;10
valvoja;;substantiivi;10
vapahtaja;;substantiivi;10
vapauttaja;;substantiivi;10
varaaja;;substantiivi;10
varauma;;substantiivi;10
varjoliitäjä;;substantiivi;10
varjostaja;;substantiivi;10
varjostuma;;substantiivi;10
varmentaja;;substantiivi;10
varustaja;;substantiivi;10
vasama;;substantiivi;10
vastaaja;;substantiivi;10
vastattava;;substantiivi;10
vastavalosuoja;;substantiivi;10
vastaväittäjä;;substantiivi;10
vastustaja;;substantiivi;10
vehnä;;substantiivi;10
veikkaaja;;substantiivi;10
velkoja;;substantiivi;10
velvoitetyöllistettävä;;substantiivi;10
veneenveistäjä;;substantiivi;10
venesuoja;;substantiivi;10
venymä;;substantiivi;10
venäjä;;substantiivi;10
vepsä;;substantiivi;10
verottaja;;substantiivi;10
veräjä;;substantiivi;10
vetoaja;;substantiivi;10
vetooja;;substantiivi;10
vetäjä;;substantiivi;10
viejä;;substantiivi;10
vieremä;;substantiivi;10
viestittäjä;;substantiivi;10
viettäjä;;substantiivi;10
vihaaja;;substantiivi;10
viheltäjä;;substantiivi;10
viherpiipertäjä;;substantiivi;10
viherpipertäjä;;substantiivi;10
viihdyttäjä;;substantiivi;10
viilaaja;;substantiivi;10
viipymä;;substantiivi;10
viittoja;;substantiivi;10
viittoma;;substantiivi;10
viivästymä;;substantiivi;10
viljelmä;;substantiivi;10
vinguttaja;;substantiivi;10
vinouma;;substantiivi;10
vinoutuma;;substantiivi;10
vioittuma;;substantiivi;10
viritelmä;;substantiivi;10
virittäjä;;substantiivi;10
virpoja;;substantiivi;10
virtaama;;substantiivi;10
visertäjä;;substantiivi;10
visualisoija;;substantiivi;10
vloggaaja;;substantiivi;10
voda;;substantiivi;10
vodka;;substantiivi;10
vohla;;substantiivi;10
voima;;substantiivi;10
voitava;;substantiivi;10
voittaja;;substantiivi;10
votka;;substantiivi;10
vouhottaja;;substantiivi;10
vulva;;substantiivi;10
vuokra;;substantiivi;10
vuokraaja;;substantiivi;10
vuona;;substantiivi;10
vuorottaja;;substantiivi;10
vyörymä;;substantiivi;10
väestönsuoja;;substantiivi;10
väestösuoja;;substantiivi;10
vähenemä;;substantiivi;10
vähennettävä;;substantiivi;10
vähentymä;;substantiivi;10
vähentäjä;;substantiivi;10
vähätelmä;;substantiivi;10
väittämä;;substantiivi;10
välittäjä;;substantiivi;10
värjäymä;;substantiivi;10
värjäytymä;;substantiivi;10
värjääjä;;substantiivi;10
värvääjä;;substantiivi;10
väylä;;substantiivi;10
vääntymä;;substantiivi;10
vääntäjä;;substantiivi;10
väärentäjä;;substantiivi;10
vääristymä;;substantiivi;10
yhdelmä;;substantiivi;10
yhdistelmä;;substantiivi;10
yhdistymä;;substantiivi;10
yhdistäjä;;substantiivi;10
yhteyttäjä;;substantiivi;10
yhtymä;;substantiivi;10
ylijännitesuoja;;substantiivi;10
ylikuormitussuoja;;substantiivi;10
yliminä;;substantiivi;10
ylittäjä;;substantiivi;10
ylitulvimissuoja;;substantiivi;10
yllyttäjä;;substantiivi;10
yllättäjä;;substantiivi;10
yritelmä;;substantiivi;10
yrittäjä;;substantiivi;10
yrittämä;;substantiivi;10
yskä;;substantiivi;10
ystävä;;substantiivi;10
ytimennävertäjä;;substantiivi;10
yökukkuja;;substantiivi;10
yöpyjä;;substantiivi;10
äijä;;substantiivi;10
äimä;1;substantiivi;10
äiskä;;substantiivi;10
äkämä;;substantiivi;10
ällä;;substantiivi;10
ämmä;;substantiivi;10
ängelmä;;substantiivi;10
änkyttäjä;;substantiivi;10
ärtymä;;substantiivi;10
ässä;1;substantiivi;10
ässä;2;substantiivi;10
äänestäjä;;substantiivi;10
äänittäjä;;substantiivi;10
junantuoma;;substantiivi, adjektiivi;10
kumma;;substantiivi, adjektiivi;10
luiska;;substantiivi, adjektiivi;10
nuija;;substantiivi, adjektiivi;10
rämä;;substantiivi, adjektiivi;10
sanottava;;substantiivi, adjektiivi;10
suoja;2;substantiivi, adjektiivi;10
särmä;;substantiivi, adjektiivi;10
tuttava;;substantiivi, adjektiivi;10
hapera;;adjektiivi;11
hatara;;adjektiivi;11
hutera;;adjektiivi;11
itara;;adjektiivi;11
kittana;;adjektiivi;11
kiverä;;adjektiivi;11
lattana;;adjektiivi;11
littana;;adjektiivi;11
lättänä;;adjektiivi;11
tomera;;adjektiivi;11
vanttera;;adjektiivi;11
sikkara;;adjektiivi, substantiivi;11
ahava;;substantiivi;11
algebra;;substantiivi;11
apaja;;substantiivi;11
curuba;;substantiivi;11
garam masala;;substantiivi;11
harava;;substantiivi;11
hattara;;substantiivi;11
hekuma;;substantiivi;11
jellona;;substantiivi;11
judoka;;substantiivi;11
korona;;substantiivi;11
kumura;;substantiivi;11
käkkärä;;substantiivi;11
käpälä;;substantiivi;11
kärhämä;;substantiivi;11
leukoija;;substantiivi;11
mahatma;;substantiivi;11
mammona;;substantiivi;11
mandala;;substantiivi;11
marihuana;;substantiivi;11
maruna;;substantiivi;11
mimoosa;;substantiivi;11
mitsuba;;substantiivi;11
murena;;substantiivi;11
mäkärä;;substantiivi;11
ohrana;;substantiivi;11
omena;;substantiivi;11
orpana;;substantiivi;11
paatsama;;substantiivi;11
pakoora;;substantiivi;11
pakora;;substantiivi;11
papana;;substantiivi;11
pipana;;substantiivi;11
poppana;;substantiivi;11
probleema;;substantiivi;11
rucola;;substantiivi;11
rukola;;substantiivi;11
samoosa;;substantiivi;11
samosa;;substantiivi;11
sikuna;;substantiivi;11
säkkärä;;substantiivi;11
täkänä;;substantiivi;11
veiterä;;substantiivi;11
äpärä;;substantiivi;11
ödeema;;substantiivi;11
kihara;;substantiivi, adjektiivi;11
höppänä;;adjektiivi, substantiivi;12
aaria;;substantiivi;12
aerobiologia;;substantiivi;12
afasia;;substantiivi;12
agronomia;;substantiivi;12
ahdistelija;;substantiivi;12
ahnehtija;;substantiivi;12
ajattelija;;substantiivi;12
akana;;substantiivi;12
akasia;;substantiivi;12
akatemia;;substantiivi;12
akkuna;;substantiivi;12
akrobatia;;substantiivi;12
albania;;substantiivi;12
aleksitymia;;substantiivi;12
alkemia;;substantiivi;12
allegoria;;substantiivi;12
allergia;;substantiivi;12
aloittelija;;substantiivi;12
ambiofonia;;substantiivi;12
ambrosia;;substantiivi;12
amenorrea;;substantiivi;12
ammuskelija;;substantiivi;12
amnesia;;substantiivi;12
amnestia;;substantiivi;12
anafylaksia;;substantiivi;12
analgesia;;substantiivi;12
analogia;;substantiivi;12
anarkia;;substantiivi;12
anatomia;;substantiivi;12
androgynia;;substantiivi;12
andrologia;;substantiivi;12
anemia;;substantiivi;12
anenkefalia;;substantiivi;12
anestesia;;substantiivi;12
anestesiologia;;substantiivi;12
angiografia;;substantiivi;12
angora;;substantiivi;12
anhedonia;;substantiivi;12
annostelija;;substantiivi;12
anomalia;;substantiivi;12
anoppila;;substantiivi;12
anoreksia;;substantiivi;12
antipatia;;substantiivi;12
antologia;;substantiivi;12
antropologia;;substantiivi;12
antroposofia;;substantiivi;12
antura;;substantiivi;12
apatia;;substantiivi;12
apina;;substantiivi;12
apnea;;substantiivi;12
apologia;;substantiivi;12
appela;;substantiivi;12
arabia;;substantiivi;12
aralia;;substantiivi;12
aramea;;substantiivi;12
araukaria;;substantiivi;12
aristokratia;;substantiivi;12
arkala;;substantiivi;12
arkeologia;;substantiivi;12
armeija;;substantiivi;12
aronia;;substantiivi;12
arteria;;substantiivi;12
arvioitsija;;substantiivi;12
arvostelija;;substantiivi;12
asia;;substantiivi;12
askartelija;;substantiivi;12
assyriologia;;substantiivi;12
astenia;;substantiivi;12
astia;;substantiivi;12
astianpesijä;;substantiivi;12
astrologia;;substantiivi;12
astronomia;;substantiivi;12
asuntola;;substantiivi;12
asymmetria;;substantiivi;12
ateria;;substantiivi;12
atopia;;substantiivi;12
atrofia;;substantiivi;12
atropia;;substantiivi;12
atulat;;substantiivi;12
aukaisija;;substantiivi;12
autoilija;;substantiivi;12
autokefalia;;substantiivi;12
autonomia;;substantiivi;12
autotypia;;substantiivi;12
bakteremia;;substantiivi;12
bakteriologia;;substantiivi;12
barbaria;;substantiivi;12
begonia;;substantiivi;12
biblia;;substantiivi;12
bibliofilia;;substantiivi;12
bibliografia;;substantiivi;12
bigamia;;substantiivi;12
biografia;;substantiivi;12
biologia;;substantiivi;12
biometria;;substantiivi;12
biopsia;;substantiivi;12
blastula;;substantiivi;12
boccia;;substantiivi;12
bosnia;;substantiivi;12
bougainvillea;;substantiivi;12
bulgaria;;substantiivi;12
bulimia;;substantiivi;12
byrokratia;;substantiivi;12
cafeteria;;substantiivi;12
chihuahua;;substantiivi;12
daalia;;substantiivi;12
demagogia;;substantiivi;12
dementia;;substantiivi;12
demografia;;substantiivi;12
demokratia;;substantiivi;12
dendrologia;;substantiivi;12
dermatologia;;substantiivi;12
despotia;;substantiivi;12
diakonia;;substantiivi;12
diatermia;;substantiivi;12
dikotomia;;substantiivi;12
dioptria;;substantiivi;12
diplomatia;;substantiivi;12
diskografia;;substantiivi;12
dramaturgia;;substantiivi;12
dynastia;;substantiivi;12
dysfasia;;substantiivi;12
dysforia;;substantiivi;12
dysleksia;;substantiivi;12
dystonia;;substantiivi;12
dystopia;;substantiivi;12
ebola;;substantiivi;12
egyptologia;;substantiivi;12
ehkäisijä;;substantiivi;12
ekliptika;;substantiivi;12
ekologia;;substantiivi;12
ekonometria;;substantiivi;12
ekonomia;;substantiivi;12
eksogamia;;substantiivi;12
ekumenia;;substantiivi;12
elegia;;substantiivi;12
elostelija;;substantiivi;12
embryologia;;substantiivi;12
empatia;;substantiivi;12
empiria;;substantiivi;12
emännöitsijä;;substantiivi;12
endogamia;;substantiivi;12
endokrinologia;;substantiivi;12
endoskopia;;substantiivi;12
energia;;substantiivi;12
enologia;;substantiivi;12
ensyklopedia;;substantiivi;12
entropia;;substantiivi;12
epidemia;;substantiivi;12
epidemiologia;;substantiivi;12
epilepsia;;substantiivi;12
episiotomia;;substantiivi;12
epistola;;substantiivi;12
epäilijä;;substantiivi;12
ergonomia;;substantiivi;12
erittelijä;;substantiivi;12
erotomania;;substantiivi;12
esitelmöitsijä;;substantiivi;12
esittelijä;;substantiivi;12
eskatologia;;substantiivi;12
espanja;;substantiivi;12
etana;;substantiivi;12
etenijä;;substantiivi;12
etiologia;;substantiivi;12
etnografia;;substantiivi;12
etnologia;;substantiivi;12
etsijä;;substantiivi;12
etuilija;;substantiivi;12
etymologia;;substantiivi;12
euforia;;substantiivi;12
eurytmia;;substantiivi;12
eutanasia;;substantiivi;12
fantasia;;substantiivi;12
farmakognosia;;substantiivi;12
farmakologia;;substantiivi;12
farmakopea;;substantiivi;12
farmasia;;substantiivi;12
fennomania;;substantiivi;12
fenologia;;substantiivi;12
fenomenologia;;substantiivi;12
filantropia;;substantiivi;12
filatelia;;substantiivi;12
filmografia;;substantiivi;12
filologia;;substantiivi;12
filosofia;;substantiivi;12
fobia;;substantiivi;12
focaccia;;substantiivi;12
foniatria;;substantiivi;12
fonologia;;substantiivi;12
formula;;substantiivi;12
fortuna;;substantiivi;12
fototypia;;substantiivi;12
fraseologia;;substantiivi;12
freesia;;substantiivi;12
frenologia;;substantiivi;12
futurologia;;substantiivi;12
fysiatria;;substantiivi;12
fysiologia;;substantiivi;12
galleria;;substantiivi;12
gardenia;;substantiivi;12
gastroenterologia;;substantiivi;12
gastronomia;;substantiivi;12
gastroskopia;;substantiivi;12
gastrula;;substantiivi;12
gemena;;substantiivi;12
gemmologia;;substantiivi;12
genealogia;;substantiivi;12
geodesia;;substantiivi;12
geografia;;substantiivi;12
geologia;;substantiivi;12
geometria;;substantiivi;12
geriatria;;substantiivi;12
gerontologia;;substantiivi;12
gloksinia;;substantiivi;12
glooria;;substantiivi;12
gloria;;substantiivi;12
gonorrea;;substantiivi;12
grafologia;;substantiivi;12
granola;;substantiivi;12
gynekologia;;substantiivi;12
haapana;;substantiivi;12
haasia;;substantiivi;12
haastattelija;;substantiivi;12
haaveilija;;substantiivi;12
haaveksija;;substantiivi;12
haihattelija;;substantiivi;12
haikara;;substantiivi;12
hakija;;substantiivi;12
halkaisija;;substantiivi;12
hallitsija;;substantiivi;12
haltia;;substantiivi;12
haltija;;substantiivi;12
hamara;;substantiivi;12
hankkija;;substantiivi;12
harjoittelija;;substantiivi;12
harmonia;;substantiivi;12
harppuuna;;substantiivi;12
harrastelija;;substantiivi;12
hartia;;substantiivi;12
havainnoitsija;;substantiivi;12
havina;;substantiivi;12
havittelija;;substantiivi;12
hebrea;;substantiivi;12
hegemonia;;substantiivi;12
helinä;;substantiivi;12
hematologia;;substantiivi;12
hemofilia;;substantiivi;12
heprea;;substantiivi;12
herkuttelija;;substantiivi;12
herttua;;substantiivi;12
heterogamia;;substantiivi;12
hetula;;substantiivi;12
hienostelija;;substantiivi;12
hierarkia;;substantiivi;12
hifistelijä;;substantiivi;12
hiippailija;;substantiivi;12
hipiä;;substantiivi;12
hippulat;;substantiivi;12
histologia;;substantiivi;12
historia;;substantiivi;12
historioitsija;;substantiivi;12
hoitola;;substantiivi;12
holografia;;substantiivi;12
homeopatia;;substantiivi;12
horina;;substantiivi;12
hortensia;;substantiivi;12
hourula;;substantiivi;12
huiskina;;substantiivi;12
hulina;;substantiivi;12
hulinoitsija;;substantiivi;12
humina;;substantiivi;12
huolitsija;;substantiivi;12
huoltola;;substantiivi;12
huomioitsija;;substantiivi;12
hurina;;substantiivi;12
hurjastelija;;substantiivi;12
hurskastelija;;substantiivi;12
huvila;;substantiivi;12
hydrologia;;substantiivi;12
hygienia;;substantiivi;12
hyminä;;substantiivi;12
hyperglykemia;;substantiivi;12
hypertonia;;substantiivi;12
hypoglykemia;;substantiivi;12
hypokondria;;substantiivi;12
hypotermia;;substantiivi;12
hyrinä;;substantiivi;12
hysteria;;substantiivi;12
hytinä;;substantiivi;12
hyörinä;;substantiivi;12
häiritsijä;;substantiivi;12
häkkyrä;;substantiivi;12
hälinä;;substantiivi;12
hännystelijä;;substantiivi;12
härkylä;;substantiivi;12
häärinä;;substantiivi;12
hölinä;;substantiivi;12
höpinä;;substantiivi;12
idea;;substantiivi;12
ideologia;;substantiivi;12
idiopatia;;substantiivi;12
igumenia;;substantiivi;12
ihailija;;substantiivi;12
iivana;;substantiivi;12
ikkuna;;substantiivi;12
ikkunanpesijä;;substantiivi;12
iktyologia;;substantiivi;12
ilmaisija;;substantiivi;12
ilveilijä;;substantiivi;12
immunologia;;substantiivi;12
inertia;;substantiivi;12
infokratia;;substantiivi;12
ininä;;substantiivi;12
intarsia;;substantiivi;12
intelligentsija;;substantiivi;12
intoilija;;substantiivi;12
iridologia;;substantiivi;12
ironia;;substantiivi;12
irstailija;;substantiivi;12
irvistelijä;;substantiivi;12
iskijä;;substantiivi;12
isomeria;;substantiivi;12
isomorfia;;substantiivi;12
isännöitsijä;;substantiivi;12
italia;;substantiivi;12
italiankumina;;substantiivi;12
itkijä;;substantiivi;12
jakelija;;substantiivi;12
jakkara;;substantiivi;12
jeesustelija;;substantiivi;12
jojoilija;;substantiivi;12
jorina;;substantiivi;12
juhlija;;substantiivi;12
julkaisija;;substantiivi;12
junailija;;substantiivi;12
junttura;;substantiivi;12
juoksija;;substantiivi;12
juolua;;substantiivi;12
juonittelija;;substantiivi;12
juottola;;substantiivi;12
jupina;;substantiivi;12
juristeria;;substantiivi;12
juustokumina;;substantiivi;12
juustola;;substantiivi;12
jylinä;;substantiivi;12
jyminä;;substantiivi;12
jyrinä;;substantiivi;12
jyrsijä;;substantiivi;12
jyskinä;;substantiivi;12
jytinä;;substantiivi;12
jäkkärä;;substantiivi;12
järinä;;substantiivi;12
kaahailija;;substantiivi;12
kabbala;;substantiivi;12
kadehtija;;substantiivi;12
kafeteria;;substantiivi;12
kahvila;;substantiivi;12
kaitsija;;substantiivi;12
kakara;;substantiivi;12
kakkara;;substantiivi;12
kakkulat;;substantiivi;12
kakofonia;;substantiivi;12
kalina;;substantiivi;12
kalkkuna;;substantiivi;12
kalligrafia;;substantiivi;12
kamana;;substantiivi;12
kamara;;substantiivi;12
kamelia;;substantiivi;12
kamera;;substantiivi;12
kampanja;;substantiivi;12
kampura;;substantiivi;12
kanala;;substantiivi;12
kanalja;;substantiivi;12
kandela;;substantiivi;12
kanslia;;substantiivi;12
kantelija;;substantiivi;12
kanttura;;substantiivi;12
kapakoitsija;;substantiivi;12
kapina;;substantiivi;12
kapinoitsija;;substantiivi;12
kapula;;substantiivi;12
kardiologia;;substantiivi;12
karjala;;substantiivi;12
karkaisija;;substantiivi;12
karsija;;substantiivi;12
karsina;;substantiivi;12
kartografia;;substantiivi;12
kassara;;substantiivi;12
kastanja;;substantiivi;12
katalonia;;substantiivi;12
katatonia;;substantiivi;12
kategoria;;substantiivi;12
katkaisija;;substantiivi;12
katkola;;substantiivi;12
katselija;;substantiivi;12
kattara;;substantiivi;12
kattila;;substantiivi;12
kauhtana;;substantiivi;12
kaupitsija;;substantiivi;12
kaupittelija;;substantiivi;12
kauppala;;substantiivi;12
kaupustelija;;substantiivi;12
kehittelijä;;substantiivi;12
keikailija;;substantiivi;12
keimailija;;substantiivi;12
keinottelija;;substantiivi;12
keittola;;substantiivi;12
keksijä;;substantiivi;12
keliakia;;substantiivi;12
keljuilija;;substantiivi;12
kelkkailija;;substantiivi;12
kemia;;substantiivi;12
kemigrafia;;substantiivi;12
keppana;;substantiivi;12
kerskailija;;substantiivi;12
keräilijä;;substantiivi;12
keskustelija;;substantiivi;12
kesäkukkija;;substantiivi;12
kevätkukkija;;substantiivi;12
kiehkura;;substantiivi;12
kiekkoilija;;substantiivi;12
kiekuna;;substantiivi;12
kiekura;;substantiivi;12
kielijä;;substantiivi;12
kiemura;;substantiivi;12
kieroilija;;substantiivi;12
kiertelijä;;substantiivi;12
kihinä;;substantiivi;12
kiihkoilija;;substantiivi;12
kiipeilijä;;substantiivi;12
kiipijä;;substantiivi;12
kiiruna;;substantiivi;12
kiivailija;;substantiivi;12
kiivastelija;;substantiivi;12
kikkara;;substantiivi;12
kilinä;;substantiivi;12
kilometrinnielijä;;substantiivi;12
kilpailija;;substantiivi;12
kilvoittelija;;substantiivi;12
kimara;;substantiivi;12
kipinä;;substantiivi;12
kipuna;;substantiivi;12
kirjailija;;substantiivi;12
kirkuna;;substantiivi;12
kiroilija;;substantiivi;12
kirskuna;;substantiivi;12
kirurgia;;substantiivi;12
kisailija;;substantiivi;12
kitinä;;substantiivi;12
kiukuttelija;;substantiivi;12
klamydia;;substantiivi;12
klarkia;;substantiivi;12
kleptokratia;;substantiivi;12
kleptomania;;substantiivi;12
kliivia;;substantiivi;12
klimatologia;;substantiivi;12
klovneria;;substantiivi;12
knoppologia;;substantiivi;12
koketteria;;substantiivi;12
kolera;;substantiivi;12
kolina;1;substantiivi;12
kolina;2;substantiivi;12
kolonia;;substantiivi;12
kolopesijä;;substantiivi;12
komedia;;substantiivi;12
komitea;;substantiivi;12
kommunikea;;substantiivi;12
komppania;;substantiivi;12
kompura;1;substantiivi;12
kompura;2;substantiivi;12
konditoria;;substantiivi;12
konkretia;;substantiivi;12
konstailija;;substantiivi;12
koppura;;substantiivi;12
kopula;;substantiivi;12
korea;2;substantiivi;12
koreografia;;substantiivi;12
korina;;substantiivi;12
korskuna;;substantiivi;12
kosija;;substantiivi;12
kosiskelija;;substantiivi;12
kosmetologia;;substantiivi;12
kosmogonia;;substantiivi;12
kosmologia;;substantiivi;12
krapula;;substantiivi;12
kremlologia;;substantiivi;12
kriikuna;;substantiivi;12
kriminologia;;substantiivi;12
kristologia;;substantiivi;12
kroatia;;substantiivi;12
kronikoitsija;;substantiivi;12
kronologia;;substantiivi;12
kryptografia;;substantiivi;12
kryptologia;;substantiivi;12
kserografia;;substantiivi;12
kuhmura;;substantiivi;12
kuhnailija;;substantiivi;12
kuiskina;;substantiivi;12
kujeilija;;substantiivi;12
kukkula;;substantiivi;12
kuljeksija;;substantiivi;12
kuljeskelija;;substantiivi;12
kulkija;;substantiivi;12
kultala;;substantiivi;12
kumina;1;substantiivi;12
kumina;2;substantiivi;12
kunnia;;substantiivi;12
kuntoilija;;substantiivi;12
kuohitsija;;substantiivi;12
kuokkija;;substantiivi;12
kuppila;;substantiivi;12
kupula;;substantiivi;12
kupura;;substantiivi;12
kurina;;substantiivi;12
kurkistelija;;substantiivi;12
kutina;;substantiivi;12
kuttula;;substantiivi;12
kuulija;;substantiivi;12
kuulustelija;;substantiivi;12
kuuntelija;;substantiivi;12
kuuria;;substantiivi;12
kvadrofonia;;substantiivi;12
kylpijä;;substantiivi;12
kylpylä;;substantiivi;12
kynttilä;;substantiivi;12
kynäilijä;;substantiivi;12
kyselijä;;substantiivi;12
kystoskopia;;substantiivi;12
kyttyrä;;substantiivi;12
kyyditsijä;;substantiivi;12
kähinä;;substantiivi;12
käkkyrä;;substantiivi;12
käninä;;substantiivi;12
käppyrä;;substantiivi;12
käppänä;;substantiivi;12
kärsijä;;substantiivi;12
käsittelijä;;substantiivi;12
käskijä;;substantiivi;12
kätkijä;;substantiivi;12
kävelijä;;substantiivi;12
kävijä;;substantiivi;12
käymälä;;substantiivi;12
köhinä;;substantiivi;12
laatija;;substantiivi;12
lajittelija;;substantiivi;12
lakaisija;;substantiivi;12
lakana;;substantiivi;12
lakeija;;substantiivi;12
lampola;;substantiivi;12
lantala;;substantiivi;12
laparoskopia;;substantiivi;12
lappologia;;substantiivi;12
laskettelija;;substantiivi;12
laskija;;substantiivi;12
latina;;substantiivi;12
lattia;;substantiivi;12
latvia;;substantiivi;12
laukaisija;;substantiivi;12
lautailija;;substantiivi;12
leikkijä;;substantiivi;12
leksikografia;;substantiivi;12
leksikologia;;substantiivi;12
lenkkeilijä;;substantiivi;12
leukemia;;substantiivi;12
liehittelijä;;substantiivi;12
liettua;;substantiivi;12
liikennöitsijä;;substantiivi;12
limnologia;;substantiivi;12
lirinä;;substantiivi;12
listeria;;substantiivi;12
litania;;substantiivi;12
litinä;;substantiivi;12
litografia;;substantiivi;12
littera;;substantiivi;12
liturgia;;substantiivi;12
lobelia;;substantiivi;12
lobotomia;;substantiivi;12
logopedia;;substantiivi;12
loiskina;;substantiivi;12
loiskuna;;substantiivi;12
lomailija;;substantiivi;12
lorina;;substantiivi;12
lotina;;substantiivi;12
luennoitsija;;substantiivi;12
luistelija;;substantiivi;12
lukija;;substantiivi;12
lumikenkäilijä;;substantiivi;12
lusmuilija;;substantiivi;12
luusua;;substantiivi;12
lylynlykkijä;;substantiivi;12
lähtijä;;substantiivi;12
läiskinä;;substantiivi;12
lätinä;;substantiivi;12
löpinä;;substantiivi;12
mafia;;substantiivi;12
magia;;substantiivi;12
magnolia;;substantiivi;12
mahonia;;substantiivi;12
mahtailija;;substantiivi;12
makedonia;;substantiivi;12
makkara;;substantiivi;12
malaria;;substantiivi;12
maleksija;;substantiivi;12
mammografia;;substantiivi;12
manala;;substantiivi;12
mania;;substantiivi;12
marisija;;substantiivi;12
markkina;;substantiivi;12
markkinat;;substantiivi;12
marsala;;substantiivi;12
marssija;;substantiivi;12
maskara;;substantiivi;12
matelija;;substantiivi;12
materia;;substantiivi;12
matinea;;substantiivi;12
matkailija;;substantiivi;12
matkija;;substantiivi;12
megalomania;;substantiivi;12
mekkala;;substantiivi;12
melankolia;;substantiivi;12
mellakoitsija;;substantiivi;12
melodia;;substantiivi;12
menijä;;substantiivi;12
meritokratia;;substantiivi;12
merkitsijä;;substantiivi;12
metabolia;;substantiivi;12
metallurgia;;substantiivi;12
metelöitsijä;;substantiivi;12
meteorologia;;substantiivi;12
metodologia;;substantiivi;12
metonymia;;substantiivi;12
metrologia;;substantiivi;12
miehennielijä;;substantiivi;12
miekannielijä;;substantiivi;12
miekkailija;;substantiivi;12
mielistelijä;;substantiivi;12
miestennielijä;;substantiivi;12
mietiskelijä;;substantiivi;12
mikroskopia;;substantiivi;12
mineralogia;;substantiivi;12
miniä;;substantiivi;12
misantropia;;substantiivi;12
misofonia;;substantiivi;12
misogynia;;substantiivi;12
mittumaaria;;substantiivi;12
moikina;;substantiivi;12
moittija;;substantiivi;12
molskina;;substantiivi;12
monarkia;;substantiivi;12
monofonia;;substantiivi;12
monogamia;;substantiivi;12
monografia;;substantiivi;12
monogynia;;substantiivi;12
monotonia;;substantiivi;12
monotypia;;substantiivi;12
mopoilija;;substantiivi;12
morfologia;;substantiivi;12
morula;;substantiivi;12
moskeija;;substantiivi;12
muhina;;substantiivi;12
muhkura;;substantiivi;12
mukina;;substantiivi;12
mukula;;substantiivi;12
mukura;;substantiivi;12
mumina;;substantiivi;12
mummola;;substantiivi;12
muotoilija;;substantiivi;12
murina;;substantiivi;12
murkina;;substantiivi;12
museologia;;substantiivi;12
musikologia;;substantiivi;12
mutina;;substantiivi;12
myalgia;;substantiivi;12
myhkyrä;;substantiivi;12
mykkyrä;;substantiivi;12
mykologia;;substantiivi;12
mylvinä;;substantiivi;12
mytologia;;substantiivi;12
myymälä;;substantiivi;12
myötäilijä;;substantiivi;12
märehtijä;;substantiivi;12
mässäilijä;;substantiivi;12
mönkijä;;substantiivi;12
naamioitsija;;substantiivi;12
nahina;;substantiivi;12
naljailija;;substantiivi;12
napina;;substantiivi;12
napisija;;substantiivi;12
nappula;;substantiivi;12
naprapatia;;substantiivi;12
narina;;substantiivi;12
narkolepsia;;substantiivi;12
narkomania;;substantiivi;12
narratologia;;substantiivi;12
natina;;substantiivi;12
nautiskelija;;substantiivi;12
nauttija;;substantiivi;12
neuralgia;;substantiivi;12
neurastenia;;substantiivi;12
neurologia;;substantiivi;12
neuropatia;;substantiivi;12
neuvola;;substantiivi;12
neuvottelija;;substantiivi;12
nieriä;;substantiivi;12
nirvana;;substantiivi;12
niskoittelija;;substantiivi;12
nitinä;;substantiivi;12
norkoilija;;substantiivi;12
nostalgia;;substantiivi;12
nousija;;substantiivi;12
nukula;;substantiivi;12
numerologia;;substantiivi;12
nuoleskelija;;substantiivi;12
nuolija;;substantiivi;12
nupula;;substantiivi;12
nupura;;substantiivi;12
nurina;;substantiivi;12
nutria;;substantiivi;12
nuttura;;substantiivi;12
nuuskija;;substantiivi;12
nykinä;;substantiivi;12
nymfomania;;substantiivi;12
nyppylä;;substantiivi;12
nypylä;;substantiivi;12
nyrkkeilijä;;substantiivi;12
nyrkkitappelija;;substantiivi;12
nystyrä;;substantiivi;12
näkijä;;substantiivi;12
näpistelijä;;substantiivi;12
näppylä;;substantiivi;12
näppäilijä;;substantiivi;12
närvänä;;substantiivi;12
näsiä;;substantiivi;12
näytteillepanija;;substantiivi;12
näyttelijä;;substantiivi;12
odontologia;;substantiivi;12
oikkuilija;;substantiivi;12
oikuttelija;;substantiivi;12
oligarkia;;substantiivi;12
olija;;substantiivi;12
ompelija;;substantiivi;12
onania;;substantiivi;12
onkija;;substantiivi;12
onkologia;;substantiivi;12
onnela;;substantiivi;12
onnittelija;;substantiivi;12
onomasiologia;;substantiivi;12
ontologia;;substantiivi;12
ooppera;;substantiivi;12
opiskelija;;substantiivi;12
oppija;;substantiivi;12
optometria;;substantiivi;12
opuntia;;substantiivi;12
orgiat;;substantiivi;12
ornitologia;;substantiivi;12
ortodoksia;;substantiivi;12
ortodontia;;substantiivi;12
ortografia;;substantiivi;12
ortopedia;;substantiivi;12
ortoreksia;;substantiivi;12
oseanologia;;substantiivi;12
osteomalasia;;substantiivi;12
osteopatia;;substantiivi;12
ottelija;;substantiivi;12
paaria;;substantiivi;12
pahkura;;substantiivi;12
pahoinpitelijä;;substantiivi;12
paidanpesijä;;substantiivi;12
painija;;substantiivi;12
pakana;;substantiivi;12
pakara;;substantiivi;12
pakenija;;substantiivi;12
pakina;;substantiivi;12
pakinoitsija;;substantiivi;12
paleontologia;;substantiivi;12
palkanansaitsija;;substantiivi;12
pallea;;substantiivi;12
palloilija;;substantiivi;12
pallura;;substantiivi;12
palttina;;substantiivi;12
palvelija;;substantiivi;12
pampula;;substantiivi;12
pandemia;;substantiivi;12
panettelija;;substantiivi;12
‑panija;;substantiivi;12
pappila;;substantiivi;12
paprika;;substantiivi;12
papyrologia;;substantiivi;12
parantola;;substantiivi;12
parfymeria;;substantiivi;12
parila;;substantiivi;12
parkuna;;substantiivi;12
parodia;;substantiivi;12
partia;;substantiivi;12
passiivat;;substantiivi;12
pasteija;;substantiivi;12
patetia;;substantiivi;12
patina;;substantiivi;12
patologia;;substantiivi;12
pauhina;;substantiivi;12
pedagogia;;substantiivi;12
pederastia;;substantiivi;12
pediatria;;substantiivi;12
pedofilia;;substantiivi;12
pehmoilija;;substantiivi;12
pergola;;substantiivi;12
perhana;;substantiivi;12
periferia;;substantiivi;12
perijä;;substantiivi;12
perinatologia;;substantiivi;12
perseennuolija;;substantiivi;12
persia;;substantiivi;12
persilja;;substantiivi;12
peruna;;substantiivi;12
pesijä;1;substantiivi;12
pesijä;2;substantiivi;12
pesula;;substantiivi;12
petrologia;;substantiivi;12
petunia;;substantiivi;12
pihinä;;substantiivi;12
piileksijä;;substantiivi;12
piileskelijä;;substantiivi;12
pikkula;;substantiivi;12
pilkkijä;;substantiivi;12
pilkunnussija;;substantiivi;12
piplia;;substantiivi;12
piraija;;substantiivi;12
pirinä;;substantiivi;12
pirpana;;substantiivi;12
pisara;;substantiivi;12
pitseria;;substantiivi;12
pizzeria;;substantiivi;12
platina;;substantiivi;12
plörinä;;substantiivi;12
pneumonia;;substantiivi;12
pohjola;;substantiivi;12
poimija;;substantiivi;12
politologia;;substantiivi;12
polyamoria;;substantiivi;12
polyfonia;;substantiivi;12
polygamia;;substantiivi;12
polymeria;;substantiivi;12
polymorfia;;substantiivi;12
pompula;;substantiivi;12
popula;;substantiivi;12
porkkana;;substantiivi;12
pornografia;;substantiivi;12
porstua;;substantiivi;12
porttola;;substantiivi;12
postimerkkeilijä;;substantiivi;12
potkija;;substantiivi;12
pre-eklampsia;;substantiivi;12
preeria;;substantiivi;12
profetia;;substantiivi;12
profylaksia;;substantiivi;12
promemoria;;substantiivi;12
psykiatria;;substantiivi;12
psykokinesia;;substantiivi;12
psykologia;;substantiivi;12
psykopatia;;substantiivi;12
psykopatologia;;substantiivi;12
puhina;;substantiivi;12
puhkina;;substantiivi;12
puhuttelija;;substantiivi;12
puimala;;substantiivi;12
pujottelija;;substantiivi;12
pukija;;substantiivi;12
pulina;;substantiivi;12
pureskelija;;substantiivi;12
purija;;substantiivi;12
purjehtija;;substantiivi;12
purppura;;substantiivi;12
purpura;;substantiivi;12
puskija;;substantiivi;12
pustula;;substantiivi;12
puuhailija;;substantiivi;12
pylpyrä;;substantiivi;12
pyrkijä;;substantiivi;12
pyromania;;substantiivi;12
pyykinpesijä;;substantiivi;12
pyörinä;;substantiivi;12
pyörylä;;substantiivi;12
pyöräilijä;;substantiivi;12
pähkinä;;substantiivi;12
pähkylä;;substantiivi;12
päkiä;;substantiivi;12
pällistelijä;;substantiivi;12
pärinä;;substantiivi;12
pärskinä;;substantiivi;12
päärynä;;substantiivi;12
pöhinä;;substantiivi;12
pölinä;1;substantiivi;12
pölinä;2;substantiivi;12
pöpinä;;substantiivi;12
pörinä;;substantiivi;12
pötkylä;;substantiivi;12
pöyhkeilijä;;substantiivi;12
radiologia;;substantiivi;12
rakkula;;substantiivi;12
rankaisija;;substantiivi;12
rapina;;substantiivi;12
rapsodia;;substantiivi;12
rasia;;substantiivi;12
ratina;;substantiivi;12
ratkaisija;;substantiivi;12
ratsia;;substantiivi;12
ravintola;;substantiivi;12
ravintoloitsija;;substantiivi;12
rehentelijä;;substantiivi;12
rehvastelija;;substantiivi;12
reippailija;;substantiivi;12
retkeilijä;;substantiivi;12
rettelöitsijä;;substantiivi;12
reumatologia;;substantiivi;12
riitelijä;;substantiivi;12
rinkilä;;substantiivi;12
rinkula;;substantiivi;12
ripinä;;substantiivi;12
riskilä;;substantiivi;12
risteilijä;;substantiivi;12
ritilä;;substantiivi;12
ritinä;;substantiivi;12
rohina;;substantiivi;12
romania;;substantiivi;12
romina;;substantiivi;12
roomankumina;;substantiivi;12
ropina;;substantiivi;12
rotinat;;substantiivi;12
rukoilija;;substantiivi;12
runoilija;;substantiivi;12
ruokailija;;substantiivi;12
ruokala;;substantiivi;12
rupia;;substantiivi;12
rusina;;substantiivi;12
rutina;;substantiivi;12
ruumiinpesijä;;substantiivi;12
ryminä;;substantiivi;12
ryskinä;;substantiivi;12
rytinä;;substantiivi;12
ryypiskelijä;;substantiivi;12
rähinä;;substantiivi;12
rähinöitsijä;;substantiivi;12
räikinä;;substantiivi;12
räikynä;;substantiivi;12
räiskinä;;substantiivi;12
räiskynä;;substantiivi;12
räkälä;;substantiivi;12
räminä;;substantiivi;12
räppänä;;substantiivi;12
räpylä;;substantiivi;12
rätinä;;substantiivi;12
rätvänä;;substantiivi;12
rääkynä;;substantiivi;12
röhinä;;substantiivi;12
röhkinä;;substantiivi;12
röntgenologia;;substantiivi;12
saappaannuolija;;substantiivi;12
saatana;;substantiivi;12
saattelija;;substantiivi;12
saintpaulia;;substantiivi;12
saippua;;substantiivi;12
saivartelija;;substantiivi;12
sakara;;substantiivi;12
saksankumina;;substantiivi;12
salvia;;substantiivi;12
samoilija;;substantiivi;12
sampanja;;substantiivi;12
samppanja;;substantiivi;12
sangria;;substantiivi;12
sapelinkalistelija;;substantiivi;12
sarana;;substantiivi;12
šaria;;substantiivi;12
satuilija;;substantiivi;12
satula;;substantiivi;12
seborrea;;substantiivi;12
seepia;;substantiivi;12
seikkailija;;substantiivi;12
seismologia;;substantiivi;12
sekoilija;;substantiivi;12
seksologia;;substantiivi;12
senturia;;substantiivi;12
serbia;;substantiivi;12
seremonia;;substantiivi;12
serigrafia;;substantiivi;12
serologia;;substantiivi;12
seurailija;;substantiivi;12
shampanja;;substantiivi;12
shamppanja;;substantiivi;12
sievistelijä;;substantiivi;12
sihinä;;substantiivi;12
siipeilijä;;substantiivi;12
siirtola;;substantiivi;12
siittola;;substantiivi;12
sineraria;;substantiivi;12
sinfonia;;substantiivi;12
sinkilä;;substantiivi;12
sinologia;;substantiivi;12
sipinä;;substantiivi;12
sirinä;;substantiivi;12
skientologia;;substantiivi;12
skitsofrenia;;substantiivi;12
sodomia;;substantiivi;12
solina;;substantiivi;12
sooloilija;;substantiivi;12
sorina;;substantiivi;12
sosiologia;;substantiivi;12
sosiopatia;;substantiivi;12
sotija;;substantiivi;12
sovittelija;;substantiivi;12
sovjetologia;;substantiivi;12
spektroskopia;;substantiivi;12
stereofonia;;substantiivi;12
stereotypia;;substantiivi;12
stevia;;substantiivi;12
stiiknafuulia;;substantiivi;12
strategia;;substantiivi;12
suggestopedia;;substantiivi;12
suhina;;substantiivi;12
suikula;;substantiivi;12
sukkula;;substantiivi;12
sulkija;;substantiivi;12
sultsina;;substantiivi;12
suojelija;;substantiivi;12
suosija;;substantiivi;12
suosittelija;;substantiivi;12
supina;;substantiivi;12
surfailija;;substantiivi;12
surffailija;;substantiivi;12
surina;;substantiivi;12
sutina;;substantiivi;12
suttura;;substantiivi;12
suunnittelija;;substantiivi;12
sykkyrä;;substantiivi;12
symmetria;;substantiivi;12
sympatia;;substantiivi;12
synergia;;substantiivi;12
synestesia;;substantiivi;12
synkronia;;substantiivi;12
synonymia;;substantiivi;12
sytologia;;substantiivi;12
syyskukkija;;substantiivi;12
syöttölä;;substantiivi;12
sähinä;;substantiivi;12
sämpylä;;substantiivi;12
säpinä;;substantiivi;12
särinä;;substantiivi;12
särkijä;;substantiivi;12
säteilijä;;substantiivi;12
sääntelijä;;substantiivi;12
säätelijä;;substantiivi;12
taikina;;substantiivi;12
taistelija;;substantiivi;12
taiteilija;;substantiivi;12
taivastelija;;substantiivi;12
takahikiä;;substantiivi;12
takapajula;;substantiivi;12
taksia;;substantiivi;12
taksonomia;;substantiivi;12
takykardia;;substantiivi;12
talkkuna;;substantiivi;12
talvehtija;;substantiivi;12
tanatologia;;substantiivi;12
tanssija;;substantiivi;12
tappara;;substantiivi;12
tappura;;substantiivi;12
tarina;;substantiivi;12
tarjoilija;;substantiivi;12
tarkastelija;;substantiivi;12
tarkkailija;;substantiivi;12
tarvitsija;;substantiivi;12
tautofonia;;substantiivi;12
tautologia;;substantiivi;12
tavara;;substantiivi;12
tavoittelija;;substantiivi;12
teeskentelijä;;substantiivi;12
tehtailija;;substantiivi;12
tekijä;;substantiivi;12
teknokratia;;substantiivi;12
teknologia;;substantiivi;12
telekinesia;;substantiivi;12
telemetria;;substantiivi;12
teleologia;;substantiivi;12
telepatia;;substantiivi;12
telttailija;;substantiivi;12
temppuilija;;substantiivi;12
tempura;;substantiivi;12
tenttijä;;substantiivi;12
teokratia;;substantiivi;12
teologia;;substantiivi;12
teoria;;substantiivi;12
teosofia;;substantiivi;12
terapia;;substantiivi;12
terminologia;;substantiivi;12
tervehtijä;;substantiivi;12
tetralogia;;substantiivi;12
tiedustelija;;substantiivi;12
tieteilijä;;substantiivi;12
tirkistelijä;;substantiivi;12
tohina;;substantiivi;12
toimija;;substantiivi;12
toimitsija;;substantiivi;12
tokkura;;substantiivi;12
toksemia;;substantiivi;12
toksikologia;;substantiivi;12
tolvana;;substantiivi;12
tomografia;;substantiivi;12
topografia;;substantiivi;12
touhuilija;;substantiivi;12
tragedia;;substantiivi;12
traumatologia;;substantiivi;12
trigonometria;;substantiivi;12
trilogia;;substantiivi;12
trivia;;substantiivi;12
tsinnia;;substantiivi;12
tuhina;;substantiivi;12
tuiskina;;substantiivi;12
tukija;;substantiivi;12
tularemia;;substantiivi;12
tulennielijä;;substantiivi;12
tulija;;substantiivi;12
tulkitsija;;substantiivi;12
tumpula;;substantiivi;12
tungettelija;;substantiivi;12
tunkeilija;;substantiivi;12
tunnustelija;;substantiivi;12
tuntija;;substantiivi;12
tuomitsija;;substantiivi;12
tuonela;;substantiivi;12
tupakoitsija;;substantiivi;12
turina;;substantiivi;12
turkologia;;substantiivi;12
tusina;;substantiivi;12
tutina;;substantiivi;12
tutkailija;;substantiivi;12
tutkija;;substantiivi;12
tuulenhaistelija;;substantiivi;12
typografia;;substantiivi;12
typologia;;substantiivi;12
tyrannia;;substantiivi;12
tyrskinä;;substantiivi;12
tytinä;1;substantiivi;12
tytinä;2;substantiivi;12
tähkylä;;substantiivi;12
tärinä;;substantiivi;12
tärvelijä;;substantiivi;12
töhrijä;;substantiivi;12
töksäyttelijä;;substantiivi;12
töllistelijä;;substantiivi;12
töminä;;substantiivi;12
töpinä;;substantiivi;12
uimala;;substantiivi;12
uistelija;;substantiivi;12
ulina;;substantiivi;12
ulkoilija;;substantiivi;12
uneksija;;substantiivi;12
unhola;;substantiivi;12
uniapnea;;substantiivi;12
urakoitsija;;substantiivi;12
urea;;substantiivi;12
urheilija;;substantiivi;12
urina;;substantiivi;12
urkkija;;substantiivi;12
urologia;;substantiivi;12
urtikaria;;substantiivi;12
utelija;;substantiivi;12
utopia;;substantiivi;12
uusija;;substantiivi;12
uuvana;;substantiivi;12
vaakuna;;substantiivi;12
vaanija;;substantiivi;12
vaatija;;substantiivi;12
vakoilija;;substantiivi;12
valehtelija;;substantiivi;12
valitsija;;substantiivi;12
valkyria;;substantiivi;12
valmistelija;;substantiivi;12
vangitsija;;substantiivi;12
vankila;;substantiivi;12
vapina;;substantiivi;12
vartija;;substantiivi;12
vasara;;substantiivi;12
vasektomia;;substantiivi;12
vaunuilija;;substantiivi;12
vauvala;;substantiivi;12
vehkeilijä;;substantiivi;12
veikistelijä;;substantiivi;12
vekara;;substantiivi;12
velmuilija;;substantiivi;12
veneilijä;;substantiivi;12
venerologia;;substantiivi;12
verenimijä;;substantiivi;12
verhoilija;;substantiivi;12
vetelehtijä;;substantiivi;12
vierailija;;substantiivi;12
viettelijä;;substantiivi;12
vigilia;;substantiivi;12
vihkijä;;substantiivi;12
vihvilä;;substantiivi;12
viikuna;;substantiivi;12
viisastelija;;substantiivi;12
vikinä;;substantiivi;12
vilinä;;substantiivi;12
viljelijä;;substantiivi;12
villitsijä;;substantiivi;12
vilpistelijä;;substantiivi;12
vilpola;;substantiivi;12
vintilä;;substantiivi;12
vipinä;;substantiivi;12
virkailija;;substantiivi;12
virologia;;substantiivi;12
‑virvilä;;substantiivi;12
vispilä;;substantiivi;12
vitkastelija;;substantiivi;12
vitsailija;;substantiivi;12
viuhina;;substantiivi;12
voihkina;;substantiivi;12
voimailija;;substantiivi;12
voimala;;substantiivi;12
voimistelija;;substantiivi;12
vulkanologia;;substantiivi;12
väittelijä;;substantiivi;12
väkkärä;;substantiivi;12
väninä;;substantiivi;12
värinä;;substantiivi;12
värttinä;;substantiivi;12
väskynä;;substantiivi;12
ylvästelijä;;substantiivi;12
ympyrä;;substantiivi;12
yninä;;substantiivi;12
yskinä;;substantiivi;12
zoologia;;substantiivi;12
ähinä;;substantiivi;12
ähkinä;;substantiivi;12
älinä;;substantiivi;12
änkyrä;;substantiivi;12
ärinä;;substantiivi;12
ölinä;;substantiivi;12
örinä;;substantiivi;12
fuksia;;substantiivi, adjektiivi;12
kippura;;substantiivi, adjektiivi;12
kukkura;;substantiivi, adjektiivi;12
rimpula;;substantiivi, adjektiivi;12
latuska;;adjektiivi;13
sikkura;;adjektiivi, substantiivi;13
aivina;;substantiivi;13
aktiivat;;substantiivi;13
aluna;;substantiivi;13
alusta;;substantiivi;13
angiina;;substantiivi;13
apila;;substantiivi;13
areena;;substantiivi;13
arina;;substantiivi;13
artikla;;substantiivi;13
asana;;substantiivi;13
atsalea;;substantiivi;13
attasea;;substantiivi;13
baabuska;;substantiivi;13
babuška;;substantiivi;13
barista;;substantiivi;13
edusta;;substantiivi;13
fajita;;substantiivi;13
faktuura;;substantiivi;13
fingelska;;substantiivi;13
fingliska;;substantiivi;13
fraktuura;;substantiivi;13
galanga;;substantiivi;13
gerbera;;substantiivi;13
gorilla;;substantiivi;13
granita;;substantiivi;13
gratista;;substantiivi;13
haarniska;;substantiivi;13
helmusta;;substantiivi;13
hetaira;;substantiivi;13
heteka;;substantiivi;13
hiilusta;;substantiivi;13
hyeena;;substantiivi;13
ipana;;substantiivi;13
jalusta;;substantiivi;13
kahina;;substantiivi;13
kaldera;;substantiivi;13
kaluuna;;substantiivi;13
kamiina;;substantiivi;13
kampela;;substantiivi;13
kanuuna;;substantiivi;13
kapusta;;substantiivi;13
karahka;;substantiivi;13
karakteristika;;substantiivi;13
karisma;;substantiivi;13
karitsa;;substantiivi;13
katiska;;substantiivi;13
keskusta;;substantiivi;13
ketara;;substantiivi;13
kitara;;substantiivi;13
kohina;;substantiivi;13
kollega;;substantiivi;13
kombucha;;substantiivi;13
kopina;;substantiivi;13
kuhina;;substantiivi;13
kulitsa;;substantiivi;13
kurmitsa;;substantiivi;13
kurpitsa;;substantiivi;13
kärinä;;substantiivi;13
lakritsa;;substantiivi;13
lavitsa;;substantiivi;13
leiviskä;;substantiivi;13
limaska;;substantiivi;13
lolita;;substantiivi;13
läpyskä;;substantiivi;13
maailma;;substantiivi;13
maatuska;;substantiivi;13
madeira;;substantiivi;13
majolika;;substantiivi;13
malaga;;substantiivi;13
manila;;substantiivi;13
manilla;;substantiivi;13
maniska;;substantiivi;13
mantilja;;substantiivi;13
marina;1;substantiivi;13
marina;2;substantiivi;13
masiina;;substantiivi;13
matara;;substantiivi;13
maukuna;;substantiivi;13
media;;substantiivi;13
meduusa;;substantiivi;13
miehusta;;substantiivi;13
mikstuura;;substantiivi;13
mitella;;substantiivi;13
molluska;;substantiivi;13
mormyska;;substantiivi;13
moussaka;;substantiivi;13
mureena;;substantiivi;13
musaka;;substantiivi;13
määkinä;;substantiivi;13
mölinä;;substantiivi;13
mörinä;;substantiivi;13
möyrinä;;substantiivi;13
namiska;;substantiivi;13
nivaska;;substantiivi;13
nomenklatuura;;substantiivi;13
nuljaska;;substantiivi;13
omega;;substantiivi;13
omertà;;substantiivi;13
oomega;;substantiivi;13
orkidea;;substantiivi;13
paella;;substantiivi;13
papaija;;substantiivi;13
pashmina;;substantiivi;13
pasuuna;;substantiivi;13
patruuna;1;substantiivi;13
patruuna;2;substantiivi;13
paukkina;;substantiivi;13
perenna;;substantiivi;13
perilla;;substantiivi;13
perusta;;substantiivi;13
peseta;;substantiivi;13
piekana;;substantiivi;13
pitaija;;substantiivi;13
porina;;substantiivi;13
postilla;;substantiivi;13
potaska;;substantiivi;13
prinsessa;;substantiivi;13
prokuura;;substantiivi;13
psykofarmaka;;substantiivi;13
pumaska;;substantiivi;13
päällystä;;substantiivi;13
rahina;;substantiivi;13
rakuuna;1;substantiivi;13
rakuuna;2;substantiivi;13
ramina;;substantiivi;13
replika;;substantiivi;13
reppana;;substantiivi;13
reseda;;substantiivi;13
resiina;;substantiivi;13
retina;;substantiivi;13
retsina;;substantiivi;13
reunusta;;substantiivi;13
revohka;;substantiivi;13
rinnusta;;substantiivi;13
ripaska;;substantiivi;13
ruutana;;substantiivi;13
räpiskä;;substantiivi;13
rötiskä;;substantiivi;13
sabluuna;;substantiivi;13
sairaala;;substantiivi;13
sakuska;;substantiivi;13
saluuna;;substantiivi;13
sapiska;;substantiivi;13
sapluuna;;substantiivi;13
sapuska;;substantiivi;13
seinusta;;substantiivi;13
selusta;;substantiivi;13
sesuura;;substantiivi;13
siivilä;;substantiivi;13
sikala;;substantiivi;13
sisusta;;substantiivi;13
sitruuna;;substantiivi;13
sivusta;1;substantiivi;13
skandinaaviska;;substantiivi;13
smetana;;substantiivi;13
sofista;;substantiivi;13
suurima;;substantiivi;13
säämiskä;;substantiivi;13
tahina;;substantiivi;13
takila;;substantiivi;13
taverna;;substantiivi;13
tempera;;substantiivi;13
tinktuura;;substantiivi;13
toonika;;substantiivi;13
tortilla;;substantiivi;13
tunika;;substantiivi;13
tuoksina;;substantiivi;13
ukraina;;substantiivi;13
vaahtera;;substantiivi;13
vagina;;substantiivi;13
valmuska;;substantiivi;13
vanilja;;substantiivi;13
vaskitsa;;substantiivi;13
vatruska;;substantiivi;13
vernissa;;substantiivi;13
vierusta;;substantiivi;13
viola;;substantiivi;13
virtaska;;substantiivi;13
zakuska;;substantiivi;13
ainoa;;adjektiivi;15
ankea;;adjektiivi;15
apea;;adjektiivi;15
eheä;;adjektiivi;15
haalea;;adjektiivi;15
haikea;;adjektiivi;15
hailea;;adjektiivi;15
hehkeä;;adjektiivi;15
heleä;;adjektiivi;15
hereä;;adjektiivi;15
hilpeä;;adjektiivi;15
himmeä;;adjektiivi;15
huikea;;adjektiivi;15
huiskea;;adjektiivi;15
hulppea;;adjektiivi;15
huokea;;adjektiivi;15
ilkeä;;adjektiivi;15
jouhea;;adjektiivi;15
julkea;;adjektiivi;15
juohea;;adjektiivi;15
jyhkeä;;adjektiivi;15
jähmeä;;adjektiivi;15
järeä;;adjektiivi;15
kaamea;;adjektiivi;15
kalpea;;adjektiivi;15
kalsea;;adjektiivi;15
kankea;;adjektiivi;15
kapea;;adjektiivi;15
karhea;;adjektiivi;15
karkea;;adjektiivi;15
karmea;;adjektiivi;15
karsea;;adjektiivi;15
kelmeä;;adjektiivi;15
kepeä;;adjektiivi;15
kerkeä;;adjektiivi;15
keveä;;adjektiivi;15
kiihkeä;;adjektiivi;15
kiinteä;;adjektiivi;15
kimeä;;adjektiivi;15
kireä;;adjektiivi;15
kirpeä;;adjektiivi;15
kolea;;adjektiivi;15
komea;;adjektiivi;15
kopea;;adjektiivi;15
korea;1;adjektiivi;15
korskea;;adjektiivi;15
kostea;;adjektiivi;15
kukkea;;adjektiivi;15
kumea;;adjektiivi;15
kuohkea;;adjektiivi;15
käheä;;adjektiivi;15
käreä;;adjektiivi;15
laakea;;adjektiivi;15
laimea;;adjektiivi;15
laiskanpulskea;;adjektiivi;15
lakea;;adjektiivi;15
lattea;;adjektiivi;15
lauhkea;;adjektiivi;15
laupea;;adjektiivi;15
lavea;;adjektiivi;15
lempeä;;adjektiivi;15
lenseä;;adjektiivi;15
leppeä;;adjektiivi;15
letkeä;;adjektiivi;15
leveä;;adjektiivi;15
liereä;;adjektiivi;15
litteä;;adjektiivi;15
mairea;;adjektiivi;15
muhea;;adjektiivi;15
muhkea;;adjektiivi;15
muikea;;adjektiivi;15
murea;;adjektiivi;15
möreä;;adjektiivi;15
möyheä;;adjektiivi;15
nahkea;;adjektiivi;15
nihkeä;;adjektiivi;15
nopea;;adjektiivi;15
notkea;;adjektiivi;15
nuortea;;adjektiivi;15
nurea;;adjektiivi;15
nyreä;;adjektiivi;15
nyrpeä;;adjektiivi;15
penseä;;adjektiivi;15
pinkeä;;adjektiivi;15
pirteä;;adjektiivi;15
piukea;;adjektiivi;15
pollea;;adjektiivi;15
pramea;;adjektiivi;15
puikea;;adjektiivi;15
pullea;;adjektiivi;15
pyöreä;;adjektiivi;15
päheä;;adjektiivi;15
pörheä;;adjektiivi;15
pöyheä;;adjektiivi;15
pöyhkeä;;adjektiivi;15
rapea;;adjektiivi;15
raukea;;adjektiivi;15
rempseä;;adjektiivi;15
reteä;;adjektiivi;15
ripeä;;adjektiivi;15
rohea;;adjektiivi;15
rohkea;;adjektiivi;15
rouhea;;adjektiivi;15
ruskea;;adjektiivi;15
räikeä;;adjektiivi;15
rämeä;;adjektiivi;15
römeä;;adjektiivi;15
röyhkeä;;adjektiivi;15
sakea;;adjektiivi;15
salskea;;adjektiivi;15
samea;;adjektiivi;15
selkeä;;adjektiivi;15
sirkeä;;adjektiivi;15
sitkeä;;adjektiivi;15
siveä;;adjektiivi;15
soikea;;adjektiivi;15
sorea;;adjektiivi;15
suikea;;adjektiivi;15
sumea;;adjektiivi;15
suopea;;adjektiivi;15
suppea;;adjektiivi;15
surkea;;adjektiivi;15
synkeä;;adjektiivi;15
säyseä;;adjektiivi;15
tahmea;;adjektiivi;15
tankea;;adjektiivi;15
tiheä;;adjektiivi;15
tuikea;;adjektiivi;15
turpea;;adjektiivi;15
tuuhea;;adjektiivi;15
tympeä;;adjektiivi;15
tärkeä;;adjektiivi;15
törkeä;;adjektiivi;15
töykeä;;adjektiivi;15
uhkea;;adjektiivi;15
upea;;adjektiivi;15
urhea;;adjektiivi;15
vaalea;;adjektiivi;15
vaikea;;adjektiivi;15
vaimea;;adjektiivi;15
vehreä;;adjektiivi;15
veikeä;;adjektiivi;15
vetreä;;adjektiivi;15
viehkeä;;adjektiivi;15
vieraskorea;;adjektiivi;15
vinkeä;;adjektiivi;15
vireä;;adjektiivi;15
virkeä;;adjektiivi;15
ylpeä;;adjektiivi;15
ynseä;;adjektiivi;15
yrmeä;;adjektiivi;15
äkeä;;adjektiivi;15
äreä;;adjektiivi;15
aukea;;adjektiivi, substantiivi;15
hempeä;;adjektiivi, substantiivi;15
hirveä;;adjektiivi, substantiivi;15
kauhea;;adjektiivi, substantiivi;15
kipeä;;adjektiivi, substantiivi;15
korkea;;adjektiivi, substantiivi;15
makea;;adjektiivi, substantiivi;15
oikea;;adjektiivi, substantiivi;15
pehmeä;;adjektiivi, substantiivi;15
pimeä;;adjektiivi, substantiivi;15
sikeä;;adjektiivi, substantiivi;15
sileä;;adjektiivi, substantiivi;15
sokea;;adjektiivi, substantiivi;15
valkea;;adjektiivi, substantiivi;15
vihreä;;adjektiivi, substantiivi;15
viileä;;adjektiivi, substantiivi;15
usea;;pronomini;15
hopea;;substantiivi;15
häpeä;;substantiivi;15
lipeä;;substantiivi;15
vajaa;;adjektiivi;17
vakaa;;adjektiivi;17
harmaa;;adjektiivi, substantiivi;17
vapaa;;adjektiivi, substantiivi;17
ehtoo;;substantiivi;17
epuu;;substantiivi;17
haaskuu;;substantiivi;17
hakkuu;;substantiivi;17
hurraa;;substantiivi;17
hynttyyt;;substantiivi;17
kahluu;;substantiivi;17
kaipuu;;substantiivi;17
kaivuu;;substantiivi;17
kehruu;;substantiivi;17
kerjuu;;substantiivi;17
keruu;;substantiivi;17
korjuu;;substantiivi;17
leikkuu;;substantiivi;17
makuu;;substantiivi;17
paikkuu;;substantiivi;17
palttoo;;substantiivi;17
paluu;;substantiivi;17
peluu;;substantiivi;17
perkuu;;substantiivi;17
pestuu;;substantiivi;17
pilttuu;;substantiivi;17
poppoo;;substantiivi;17
riiuu;;substantiivi;17
sahuu;;substantiivi;17
seuruu;;substantiivi;17
suklaa;;substantiivi;17
takuu;;substantiivi;17
talkoo;;substantiivi;17
talkoot;;substantiivi;17
tienoo;;substantiivi;17
vainaa;;substantiivi;17
vastuu;;substantiivi;17
veisuu;;substantiivi;17
virkkuu;;substantiivi;17
muu;;pronomini;18
aamunkoi;;substantiivi;18
AD;;substantiivi;18
ADHD;;substantiivi;18
ALV;;substantiivi;18
AMK;;substantiivi;18
atk;;substantiivi;18
bi;;substantiivi;18
bonsai;;substantiivi;18
CD;;substantiivi;18
CV;;substantiivi;18
deejii;;substantiivi;18
DJ;;substantiivi;18
DNA;;substantiivi;18
DVD;;substantiivi;18
EEG;;substantiivi;18
ei-kenenkään-maa;;substantiivi;18
EKG;;substantiivi;18
EU;;substantiivi;18
EY;;substantiivi;18
fengshui;;substantiivi;18
frisbee;;substantiivi;18
gnuu;;substantiivi;18
go-go;;substantiivi;18
hai;1;substantiivi;18
hai;2;substantiivi;18
helluntai;;substantiivi;18
homssantuu;;substantiivi;18
hulabaloo;;substantiivi;18
hurlumhei;;substantiivi;18
huuhaa;;substantiivi;18
häät;;substantiivi;18
IT;1;substantiivi;18
IT;2;substantiivi;18
juurisyy;;substantiivi;18
jättiläishai;;substantiivi;18
jää;;substantiivi;18
kaakaovoi;;substantiivi;18
kaalikoi;;substantiivi;18
kaksois-v;;substantiivi;18
kanapee;;substantiivi;18
karitevoi;;substantiivi;18
kehrääjäkoi;;substantiivi;18
khii;;substantiivi;18
khoi;;substantiivi;18
khoikhoi;;substantiivi;18
kimmosyy;;substantiivi;18
koi;1;substantiivi;18
koi;2;substantiivi;18
kookosvoi;;substantiivi;18
korttihai;;substantiivi;18
kuu;;substantiivi;18
kyy;;substantiivi;18
köö;;substantiivi;18
lauantai;;substantiivi;18
lei;;substantiivi;18
LSD;;substantiivi;18
luu;;substantiivi;18
maa;;substantiivi;18
maalaisvoi;;substantiivi;18
maanantai;;substantiivi;18
maapähkinävoi;;substantiivi;18
maasai;;substantiivi;18
masai;;substantiivi;18
maustevoi;;substantiivi;18
meijerivoi;;substantiivi;18
munaskuu;;substantiivi;18
munavoi;;substantiivi;18
oy;;substantiivi;18
oyj;;substantiivi;18
pai;1;substantiivi;18
pak-choi;;substantiivi;18
paksoi;;substantiivi;18
paranvoi;;substantiivi;18
paspartuu;;substantiivi;18
PC;;substantiivi;18
pee;;substantiivi;18
pelakuu;;substantiivi;18
perjantai;;substantiivi;18
persiljavoi;;substantiivi;18
pe-tsai;;substantiivi;18
pH;;substantiivi;18
pihlajanmarjakoi;;substantiivi;18
pii;1;substantiivi;18
pii;2;substantiivi;18
pii;3;substantiivi;18
pussikoi;;substantiivi;18
puu;;substantiivi;18
puucee;;substantiivi;18
puusee;;substantiivi;18
pyy;;substantiivi;18
pää;;substantiivi;18
pörssihai;;substantiivi;18
rapuvoi;;substantiivi;18
ratatui;;substantiivi;18
RNA;;substantiivi;18
rokokoo;;substantiivi;18
ry;;substantiivi;18
samurai;;substantiivi;18
sei;;substantiivi;18
selkäpii;;substantiivi;18
sheavoi;;substantiivi;18
sprii;;substantiivi;18
sunnuntai;;substantiivi;18
suu;;substantiivi;18
syy;1;substantiivi;18
syy;2;substantiivi;18
sää;;substantiivi;18
tah tsai;;substantiivi;18
tau;;substantiivi;18
tee;;substantiivi;18
thai;;substantiivi;18
tii;;substantiivi;18
tiikerihai;;substantiivi;18
tiipii;;substantiivi;18
tiistai;;substantiivi;18
timotei;;substantiivi;18
tiu;;substantiivi;18
torstai;;substantiivi;18
tuomenkehrääjäkoi;;substantiivi;18
tupla-v;;substantiivi;18
turkiskoi;;substantiivi;18
tv;;substantiivi;18
täi;;substantiivi;18
UV;;substantiivi;18
vaatekoi;;substantiivi;18
valkosipulivoi;;substantiivi;18
vartalovoi;;substantiivi;18
WC;;substantiivi;18
vindaloo;;substantiivi;18
voi;1;substantiivi;18
www;;substantiivi;18
yksöis-v;;substantiivi;18
YT;;substantiivi;18
yytee;;substantiivi;18
ÄO;;substantiivi;18
suo;;substantiivi;19
tie;;substantiivi;19
työ;;substantiivi;19
vuo;;substantiivi;19
vyö;;substantiivi;19
yö;;substantiivi;19
ateljee;;substantiivi;20
bebee;;substantiivi;20
bidee;;substantiivi;20
bileet;;substantiivi;20
bukee;;substantiivi;20
buklee;;substantiivi;20
dublee;;substantiivi;20
essee;;substantiivi;20
filee;;substantiivi;20
fondyy;;substantiivi;20
frotee;;substantiivi;20
gourmee;;substantiivi;20
gurmee;;substantiivi;20
jamboree;;substantiivi;20
kabaree;;substantiivi;20
kamee;;substantiivi;20
karree;;substantiivi;20
klisee;;substantiivi;20
lamee;;substantiivi;20
livree;;substantiivi;20
makramee;;substantiivi;20
menyy;;substantiivi;20
miljöö;;substantiivi;20
moaree;;substantiivi;20
nugaa;;substantiivi;20
parfee;;substantiivi;20
patee;;substantiivi;20
pikee;;substantiivi;20
politbyroo;;substantiivi;20
pyree;;substantiivi;20
raguu;;substantiivi;20
referee;;substantiivi;20
revyy;;substantiivi;20
sampoo;;substantiivi;20
shampoo;;substantiivi;20
skarabee;;substantiivi;20
spondee;;substantiivi;20
suflee;;substantiivi;20
suksee;;substantiivi;20
teevee;;substantiivi;20
toffee;;substantiivi;20
trikoo;;substantiivi;20
trofee;;substantiivi;20
trokee;;substantiivi;20
tupee;;substantiivi;20
turnee;;substantiivi;20
tytyy;;substantiivi;20
varietee;;substantiivi;20
voilee;;substantiivi;20
voodoo;;substantiivi;20
dekoltee;;substantiivi, adjektiivi;20
rosee;;substantiivi, adjektiivi;20
taxfree;;adjektiivi, substantiivi;21
barbecue;;substantiivi;21
beach volley;;substantiivi;21
bébé;;substantiivi;21
bouchée;;substantiivi;21
brasserie;;substantiivi;21
brie;;substantiivi;21
canapé;;substantiivi;21
cha-cha-cha;;substantiivi;21
chutney;;substantiivi;21
clou;;substantiivi;21
cosplay;;substantiivi;21
coupé;;substantiivi;21
cowboy;;substantiivi;21
crème brûlée;;substantiivi;21
curriculum vitae;;substantiivi;21
déjà-vu;;substantiivi;21
fondue;;substantiivi;21
frappé;;substantiivi;21
gay;;substantiivi;21
gray;;substantiivi;21
handsfree;;substantiivi;21
jersey;;substantiivi;21
jockey;;substantiivi;21
maahockey;;substantiivi;21
moiré;;substantiivi;21
pistou;;substantiivi;21
playboy;;substantiivi;21
purée;;substantiivi;21
reggae;;substantiivi;21
rosé;;substantiivi;21
satay;;substantiivi;21
selfie;;substantiivi;21
soufflé;;substantiivi;21
speedway;;substantiivi;21
spray;;substantiivi;21
velouté;;substantiivi;21
vodou;;substantiivi;21
bavarois;;substantiivi;22
beaujolais;;substantiivi;22
beignet;;substantiivi;22
bordeaux;;substantiivi;22
bouquet;;substantiivi;22
buffet;;substantiivi;22
café au lait;;substantiivi;22
clafoutis;;substantiivi;22
coulis;;substantiivi;22
flow;;substantiivi;22
gourmet;;substantiivi;22
know-how;;substantiivi;22
nougat;;substantiivi;22
parfait;;substantiivi;22
passepartout;;substantiivi;22
port salut;;substantiivi;22
ragoût;;substantiivi;22
roux;;substantiivi;22
show;;substantiivi;22
tournedos;;substantiivi;22
moni;;pronomini;23
jouhi;;substantiivi;23
lohi;;substantiivi;23
riihi;;substantiivi;23
tiili;;substantiivi;23
tuli;;substantiivi;23
tuohi;;substantiivi;23
uuhi;;substantiivi;23
vuohi;;substantiivi;23
harjakuusi;;substantiivi;24
hiili;;substantiivi;24
hiiri;;substantiivi;24
hopeakuusi;;substantiivi;24
huuli;;substantiivi;24
joulukuusi;;substantiivi;24
kitukuusi;;substantiivi;24
korpikuusi;;substantiivi;24
kusi;;substantiivi;24
kuusi;1;substantiivi;24
käärmekuusi;;substantiivi;24
lehtikuusi;;substantiivi;24
marjakuusi;;substantiivi;24
meri;;substantiivi;24
okakuusi;;substantiivi;24
ruuhi;;substantiivi;24
saksankuusi;;substantiivi;24
siperianlehtikuusi;;substantiivi;24
uni;;substantiivi;24
liemi;;substantiivi;25
loimi;;substantiivi;25
lumi;;substantiivi;25
luomi;1;substantiivi;25
luomi;2;substantiivi;25
niemi;;substantiivi;25
taimi;;substantiivi;25
toimi;;substantiivi;25
tuomi;;substantiivi;25
suuri;;adjektiivi;26
nuori;;adjektiivi, substantiivi;26
pieni;;adjektiivi, substantiivi;26
tyyni;;adjektiivi, substantiivi;26
aitovieri;;substantiivi;26
aivokuori;;substantiivi;26
alkeisjuuri;;substantiivi;26
alkujuuri;;substantiivi;26
alvejuuri;;substantiivi;26
appelsiininkuori;;substantiivi;26
arrowjuuri;;substantiivi;26
elektronikuori;;substantiivi;26
ensipäivänkuori;;substantiivi;26
etikkapunajuuri;;substantiivi;26
galangajuuri;;substantiivi;26
ginsengjuuri;;substantiivi;26
hampaanjuuri;;substantiivi;26
harajuuri;;substantiivi;26
hermojuuri;;substantiivi;26
hirvenjuuri;;substantiivi;26
hiusjuuri;;substantiivi;26
huoli;;substantiivi;26
ikkunakirjekuori;;substantiivi;26
ikkunakuori;;substantiivi;26
ilmajuuri;;substantiivi;26
jamsjuuri;;substantiivi;26
jousi;;substantiivi;26
juuri;1;substantiivi;26
jäävuori;;substantiivi;26
kaari;1;substantiivi;26
kaari;2;substantiivi;26
kalmojuuri;;substantiivi;26
kanelinkuori;;substantiivi;26
karvanjuuri;;substantiivi;26
keltajuuri;;substantiivi;26
kieli;;substantiivi;26
kiinakuori;;substantiivi;26
kirjekuori;;substantiivi;26
kitiinikuori;;substantiivi;26
koontikuori;;substantiivi;26
kotilonkuori;;substantiivi;26
kuori;1;substantiivi;26
kuutiojuuri;;substantiivi;26
kynnenjuuri;;substantiivi;26
kyöpelinvuori;;substantiivi;26
lakritsijuuri;;substantiivi;26
leivänkuori;;substantiivi;26
lepänkuori;;substantiivi;26
linnavuori;;substantiivi;26
lintuvuori;;substantiivi;26
lisäjuuri;;substantiivi;26
maankuori;;substantiivi;26
makkarankuori;;substantiivi;26
mieli;;substantiivi;26
mukulajuuri;;substantiivi;26
munankuori;;substantiivi;26
möhöjuuri;;substantiivi;26
neliöjuuri;;substantiivi;26
nenänjuuri;;substantiivi;26
niini;;substantiivi;26
nuoli;;substantiivi;26
nuolijuuri;;substantiivi;26
näkinkuori;;substantiivi;26
perunankuori;;substantiivi;26
pesäjuuri;;substantiivi;26
petäjänkuori;;substantiivi;26
pieli;;substantiivi;26
piparjuuri;;substantiivi;26
poimuvuori;;substantiivi;26
pomeranssinkuori;;substantiivi;26
pukinjuuri;;substantiivi;26
punajuuri;;substantiivi;26
purtojuuri;;substantiivi;26
puunjuuri;;substantiivi;26
puunkuori;;substantiivi;26
pähkinänkuori;;substantiivi;26
pärskäjuuri;;substantiivi;26
pääjuuri;;substantiivi;26
pöytävuori;;substantiivi;26
raitajuuri;;substantiivi;26
rusojuuri;;substantiivi;26
ruttojuuri;;substantiivi;26
ruusujuuri;;substantiivi;26
saari;;substantiivi;26
siemenkuori;;substantiivi;26
sieni;;substantiivi;26
sienijuuri;;substantiivi;26
simpukankuori;;substantiivi;26
sipulinkuori;;substantiivi;26
sirkkajuuri;;substantiivi;26
sitruunankuori;;substantiivi;26
sukujuuri;;substantiivi;26
suojakuori;;substantiivi;26
suoli;;substantiivi;26
suoni;;substantiivi;26
supertulivuori;;substantiivi;26
syyläjuuri;;substantiivi;26
sääri;;substantiivi;26
taconkuori;;substantiivi;26
taikinajuuri;;substantiivi;26
taikinakuori;;substantiivi;26
taikinanjuuri;;substantiivi;26
teeri;;substantiivi;26
teräskuori;;substantiivi;26
tulivuori;;substantiivi;26
tuoni;;substantiivi;26
tuuli;;substantiivi;26
ulkokuori;;substantiivi;26
vaalikuori;;substantiivi;26
veri;;substantiivi;26
verijuuri;;substantiivi;26
versojuuri;;substantiivi;26
vieri;;substantiivi;26
viini;2;substantiivi;26
viljavuori;;substantiivi;26
virmajuuri;;substantiivi;26
voivuori;;substantiivi;26
vuori;1;substantiivi;26
ääni;;substantiivi;26
ääri;;substantiivi;26
juoni;;substantiivi, adjektiivi;26
puoli;;substantiivi, adverbi, postpositio;26
tosi;;adjektiivi, adverbi, substantiivi;27
täysi;;adjektiivi, substantiivi;27
uusi;;adjektiivi, substantiivi;27
iltakuusi;;numeraali;27
kuusi;2;numeraali;27
viisi;1;numeraali;27
heisi;;substantiivi;27
hiisi;;substantiivi;27
kausi;;substantiivi;27
kuukausi;;substantiivi;27
käsi;;substantiivi;27
köysi;;substantiivi;27
liesi;;substantiivi;27
marraskesi;;substantiivi;27
mesi;;substantiivi;27
niisi;;substantiivi;27
orvaskesi;;substantiivi;27
paasi;;substantiivi;27
reisi;;substantiivi;27
susi;;substantiivi;27
sysi;;substantiivi;27
vesi;;substantiivi;27
vuosi;;substantiivi;27
lapsi;;substantiivi;29
peitsi;1;substantiivi;30
veitsi;;substantiivi;30
kaksi;;numeraali;31
yksi;;numeraali, substantiivi;31
haaksi;;substantiivi;31
S2;;substantiivi;31
tyven;;adjektiivi, substantiivi;32
aamen;;adverbi, substantiivi;32
kymmenen;;numeraali;32
ahven;;substantiivi;32
haiven;;substantiivi;32
hiven;;substantiivi;32
huomen;;substantiivi;32
höyhen;;substantiivi;32
joutsen;;substantiivi;32
jäsen;;substantiivi;32
kymmen;;substantiivi;32
kämmen;;substantiivi;32
nivel;;substantiivi;32
paimen;;substantiivi;32
ruumen;;substantiivi;32
siemen;;substantiivi;32
sisar;;substantiivi;32
sävel;;substantiivi;32
taimen;;substantiivi;32
uumen;;substantiivi;32
avoin;;adjektiivi;33
irtain;;adjektiivi;33
valtoin;;adjektiivi;33
ahrain;;substantiivi;33
aistin;;substantiivi;33
ajastin;;substantiivi;33
alasin;;substantiivi;33
annostelin;;substantiivi;33
annostin;;substantiivi;33
astin;;substantiivi;33
asujain;;substantiivi;33
aterimet;;substantiivi;33
atrain;;substantiivi;33
aukaisin;;substantiivi;33
aurinkokeräin;;substantiivi;33
avain;;substantiivi;33
ehkäisin;;substantiivi;33
elin;;substantiivi;33
eläin;;substantiivi;33
eristin;;substantiivi;33
estin;;substantiivi;33
etsin;;substantiivi;33
hammaslankain;;substantiivi;33
hankain;;substantiivi;33
heijastin;;substantiivi;33
helistin;;substantiivi;33
hidastin;;substantiivi;33
hihastin;;substantiivi;33
höyrystin;;substantiivi;33
ilmaisin;;substantiivi;33
ilmastin;;substantiivi;33
istuin;;substantiivi;33
jakelin;;substantiivi;33
jalustin;;substantiivi;33
jauhin;;substantiivi;33
joustin;;substantiivi;33
jyrsin;;substantiivi;33
kaavain;;substantiivi;33
kaivin;;substantiivi;33
kalistin;;substantiivi;33
kalvin;;substantiivi;33
kalvosin;;substantiivi;33
kannustin;;substantiivi;33
kasvain;;substantiivi;33
katkaisin;;substantiivi;33
kaulain;;substantiivi;33
kaulin;;substantiivi;33
kenkäin;;substantiivi;33
keritsimet;;substantiivi;33
keräin;;substantiivi;33
keväin;;substantiivi;33
kiristin;;substantiivi;33
kirjain;;substantiivi;33
kirjasin;;substantiivi;33
kohdistin;;substantiivi;33
korjain;;substantiivi;33
kovasin;;substantiivi;33
kuivain;;substantiivi;33
kumistin;;substantiivi;33
kuolaimet;;substantiivi;33
kuormain;;substantiivi;33
kuristin;;substantiivi;33
kuvastin;;substantiivi;33
kytkin;;substantiivi;33
käynnistin;;substantiivi;33
käärin;;substantiivi;33
laahustin;;substantiivi;33
laserkeilain;;substantiivi;33
laskin;;substantiivi;33
lastain;;substantiivi;33
laukaisin;;substantiivi;33
leikkain;;substantiivi;33
leimasin;;substantiivi;33
leviäin;;substantiivi;33
lietsoin;;substantiivi;33
liipaisin;;substantiivi;33
luistin;;substantiivi;33
lukitsin;;substantiivi;33
luotain;;substantiivi;33
lypsin;;substantiivi;33
lävistin;;substantiivi;33
mediatoistin;;substantiivi;33
mehustin;;substantiivi;33
mittain;;substantiivi;33
morsian;;substantiivi;33
multain;;substantiivi;33
muokkain;;substantiivi;33
murskain;;substantiivi;33
muurain;;substantiivi;33
mäkilähtöavustin;;substantiivi;33
mäystin;;substantiivi;33
naulain;;substantiivi;33
nilkkain;;substantiivi;33
nipistin;;substantiivi;33
nostin;;substantiivi;33
näppäin;;substantiivi;33
ohjain;;substantiivi;33
olkain;;substantiivi;33
opastin;;substantiivi;33
paalain;;substantiivi;33
painin;;substantiivi;33
pakastin;;substantiivi;33
paljastin;;substantiivi;33
palvelin;;substantiivi;33
pelkistin;;substantiivi;33
peräsin;;substantiivi;33
pesin;;substantiivi;33
pistin;;substantiivi;33
poistin;;substantiivi;33
polkusin;;substantiivi;33
puhdistin;;substantiivi;33
puhelin;;substantiivi;33
puolain;;substantiivi;33
purasin;;substantiivi;33
puristin;;substantiivi;33
puskin;;substantiivi;33
pysäköintiavustin;;substantiivi;33
pöyhin;;substantiivi;33
raastin;;substantiivi;33
raikastin;;substantiivi;33
raivain;;substantiivi;33
rajain;;substantiivi;33
ravistin;;substantiivi;33
rikastin;;substantiivi;33
rinnustin;;substantiivi;33
ripustin;;substantiivi;33
rouhin;;substantiivi;33
salvain;;substantiivi;33
salvoin;;substantiivi;33
sanelin;;substantiivi;33
saostin;;substantiivi;33
sarkain;;substantiivi;33
saumain;;substantiivi;33
sauvoin;;substantiivi;33
savustin;;substantiivi;33
selain;;substantiivi;33
selkäin;;substantiivi;33
selustin;;substantiivi;33
sierain;;substantiivi;33
sikiäin;;substantiivi;33
sormustin;;substantiivi;33
suojain;;substantiivi;33
suomustin;;substantiivi;33
survin;;substantiivi;33
survoin;;substantiivi;33
suuntain;;substantiivi;33
sydän;;substantiivi;33
säteilin;;substantiivi;33
sätkin;;substantiivi;33
säärystin;;substantiivi;33
tahdistin;;substantiivi;33
tarrain;;substantiivi;33
tasain;;substantiivi;33
tehostin;;substantiivi;33
tislain;;substantiivi;33
toistin;;substantiivi;33
toutain;;substantiivi;33
tulistin;;substantiivi;33
tulostin;;substantiivi;33
tunnistin;;substantiivi;33
tunnustin;;substantiivi;33
tutkain;;substantiivi;33
tähtäin;;substantiivi;33
tähystin;;substantiivi;33
uistin;;substantiivi;33
vaarain;;substantiivi;33
vahvistin;;substantiivi;33
vakain;;substantiivi;33
valaisin;;substantiivi;33
valin;;substantiivi;33
valitsin;;substantiivi;33
valssain;;substantiivi;33
varjostin;;substantiivi;33
varmistin;;substantiivi;33
vastin;;substantiivi;33
vatkain;;substantiivi;33
vempain;;substantiivi;33
viestin;;substantiivi;33
vihmin;;substantiivi;33
viivain;;substantiivi;33
vimpain;;substantiivi;33
vipusin;;substantiivi;33
väistin;;substantiivi;33
alaston;;adjektiivi;34
alin;;adjektiivi;36
enin;;adjektiivi;36
kauin;;adjektiivi;36
likin;;adjektiivi;36
lähin;1;adjektiivi;36
parhain;;adjektiivi;36
taain;;adjektiivi;36
tain;;adjektiivi;36
uloin;;adjektiivi;36
varhin;;adjektiivi;36
ylin;;adjektiivi;36
sisin;;adjektiivi, substantiivi;36
vanhin;;substantiivi, adjektiivi;36
vasen;;adjektiivi;37
aakkosellinen;;adjektiivi;38
aalloittainen;;adjektiivi;38
‑aaltoinen;;adjektiivi;38
aaltomainen;;adjektiivi;38
aamuinen;;adjektiivi;38
aamullinen;;adjektiivi;38
aasimainen;;adjektiivi;38
aatteellinen;;adjektiivi;38
‑aatteinen;;adjektiivi;38
aavemainen;;adjektiivi;38
absoluuttinen;;adjektiivi;38
abstraktinen;;adjektiivi;38
adaptiivinen;;adjektiivi;38
addiktiivinen;;adjektiivi;38
adjektiivinen;;adjektiivi;38
adverbiaalinen;;adjektiivi;38
adverbinen;;adjektiivi;38
adversatiivinen;;adjektiivi;38
aerobinen;;adjektiivi;38
aerobiologinen;;adjektiivi;38
aerodynaaminen;;adjektiivi;38
afaattinen;;adjektiivi;38
affektiivinen;;adjektiivi;38
affektinen;;adjektiivi;38
aforistinen;;adjektiivi;38
aggressiivinen;;adjektiivi;38
agitatorinen;;adjektiivi;38
agnostinen;;adjektiivi;38
agraarinen;;adjektiivi;38
aiheellinen;;adjektiivi;38
‑aiheinen;;adjektiivi;38
aikainen;;adjektiivi;38
aikamoinen;;adjektiivi;38
aikuismainen;;adjektiivi;38
ainainen;;adjektiivi;38
aineellinen;;adjektiivi;38
‑aineinen;;adjektiivi;38
‑aineksinen;;adjektiivi;38
ainokainen;;adjektiivi;38
aistillinen;;adjektiivi;38
‑aistinen;;adjektiivi;38
aistinvarainen;;adjektiivi;38
ajallinen;;adjektiivi;38
ajanvietteellinen;;adjektiivi;38
ajatuksellinen;;adjektiivi;38
‑ajatuksinen;;adjektiivi;38
ajoittainen;;adjektiivi;38
akallinen;;adjektiivi;38
akateeminen;;adjektiivi;38
akkamainen;;adjektiivi;38
akrobaattinen;;adjektiivi;38
‑akselinen;;adjektiivi;38
aksiaalinen;;adjektiivi;38
aksiomaattinen;;adjektiivi;38
aktiivinen;;adjektiivi;38
aktuaalinen;;adjektiivi;38
akustinen;;adjektiivi;38
akuuttinen;;adjektiivi;38
alakkainen;;adjektiivi;38
alakuloinen;;adjektiivi;38
aleksityyminen;;adjektiivi;38
alentuvainen;;adjektiivi;38
algebrallinen;;adjektiivi;38
alijäämäinen;;adjektiivi;38
alimmainen;;adjektiivi;38
alinen;;adjektiivi;38
alinomainen;;adjektiivi;38
alisteinen;;adjektiivi;38
alistuvainen;;adjektiivi;38
alituinen;;adjektiivi;38
alkalinen;;adjektiivi;38
alkeellinen;;adjektiivi;38
‑alkuinen;;adjektiivi;38
allegorinen;;adjektiivi;38
allekkainen;;adjektiivi;38
allergeeninen;;adjektiivi;38
allerginen;;adjektiivi;38
aloittainen;;adjektiivi;38
aloitteellinen;;adjektiivi;38
‑aloitteinen;;adjektiivi;38
alokasmainen;;adjektiivi;38
alpakkainen;1;adjektiivi;38
alpakkainen;2;adjektiivi;38
alpiininen;;adjektiivi;38
altruistinen;;adjektiivi;38
alueellinen;;adjektiivi;38
‑alueinen;;adjektiivi;38
alueittainen;;adjektiivi;38
alumiininen;;adjektiivi;38
amatöörimäinen;;adjektiivi;38
ambiofoninen;;adjektiivi;38
ambivalenttinen;;adjektiivi;38
ammateittainen;;adjektiivi;38
ammatillinen;;adjektiivi;38
ammattimainen;;adjektiivi;38
ammoinen;;adjektiivi;38
amorfinen;;adjektiivi;38
anaalinen;;adjektiivi;38
anabolinen;;adjektiivi;38
anaerobinen;;adjektiivi;38
anafylaktinen;;adjektiivi;38
anakoluuttinen;;adjektiivi;38
anakronistinen;;adjektiivi;38
analgeettinen;;adjektiivi;38
analoginen;;adjektiivi;38
analyyttinen;;adjektiivi;38
anamnestinen;;adjektiivi;38
anarkistinen;;adjektiivi;38
anatominen;;adjektiivi;38
androgeeninen;;adjektiivi;38
androgyyninen;;adjektiivi;38
androloginen;;adjektiivi;38
aneeminen;;adjektiivi;38
anestesiologinen;;adjektiivi;38
anglikaaninen;;adjektiivi;38
anglosaksinen;;adjektiivi;38
animaalinen;;adjektiivi;38
animistinen;;adjektiivi;38
‑annoksinen;;adjektiivi;38
anomaalinen;;adjektiivi;38
anorektinen;;adjektiivi;38
antagonistinen;;adjektiivi;38
antarktinen;;adjektiivi;38
antaumuksellinen;;adjektiivi;38
antibakteerinen;;adjektiivi;38
antibioottinen;;adjektiivi;38
antiikkinen;;adjektiivi;38
anti-inflammatorinen;;adjektiivi;38
antikvaarinen;;adjektiivi;38
antimikrobinen;;adjektiivi;38
antisemiittinen;;adjektiivi;38
antisemitistinen;;adjektiivi;38
antiseptinen;;adjektiivi;38
antropologinen;;adjektiivi;38
apaattinen;;adjektiivi;38
apokalyptinen;;adjektiivi;38
apokryfinen;;adjektiivi;38
apologeettinen;;adjektiivi;38
aposteriorinen;;adjektiivi;38
apostolinen;;adjektiivi;38
apriorinen;;adjektiivi;38
arbitraarinen;;adjektiivi;38
aristokraattinen;;adjektiivi;38
aritmeettinen;;adjektiivi;38
arkaainen;;adjektiivi;38
arkaistinen;;adjektiivi;38
arkeologinen;;adjektiivi;38
arkinen;;adjektiivi;38
arkkitehtoninen;;adjektiivi;38
arktinen;;adjektiivi;38
armahainen;;adjektiivi;38
armahtavainen;;adjektiivi;38
armainen;;adjektiivi;38
armoinen;;adjektiivi;38
armollinen;;adjektiivi;38
aromaattinen;;adjektiivi;38
‑arominen;;adjektiivi;38
arpinen;;adjektiivi;38
arteesinen;;adjektiivi;38
artistinen;;adjektiivi;38
arvelevainen;;adjektiivi;38
arvoinen;;adjektiivi;38
arvoituksellinen;;adjektiivi;38
arvollinen;;adjektiivi;38
arvomerkintäinen;;adjektiivi;38
aseellinen;;adjektiivi;38
‑aseinen;;adjektiivi;38
asenteellinen;;adjektiivi;38
‑asenteinen;;adjektiivi;38
‑asentoinen;;adjektiivi;38
aseptinen;;adjektiivi;38
asfalttinen;;adjektiivi;38
asiallinen;;adjektiivi;38
askeettinen;;adjektiivi;38
‑askelinen;;adjektiivi;38
askelittainen;;adjektiivi;38
asosiaalinen;;adjektiivi;38
assosiatiivinen;;adjektiivi;38
asteeninen;;adjektiivi;38
‑asteikkoinen;;adjektiivi;38
asteikollinen;;adjektiivi;38
‑asteinen;;adjektiivi;38
asteittainen;;adjektiivi;38
astmaattinen;;adjektiivi;38
astmainen;;adjektiivi;38
astraalinen;;adjektiivi;38
astrologinen;;adjektiivi;38
astronominen;;adjektiivi;38
‑asuinen;;adjektiivi;38
asvalttinen;;adjektiivi;38
asymmetrinen;;adjektiivi;38
asynkroninen;;adjektiivi;38
atavistinen;;adjektiivi;38
ateistinen;;adjektiivi;38
atlanttinen;;adjektiivi;38
atleettinen;;adjektiivi;38
atomaarinen;;adjektiivi;38
atomistinen;;adjektiivi;38
atonaalinen;;adjektiivi;38
atooppinen;;adjektiivi;38
attraktiivinen;;adjektiivi;38
auditiivinen;;adjektiivi;38
aukinainen;;adjektiivi;38
aukkoinen;;adjektiivi;38
auktoritaarinen;;adjektiivi;38
auktoritatiivinen;;adjektiivi;38
autenttinen;;adjektiivi;38
autereinen;;adjektiivi;38
autistinen;;adjektiivi;38
autokefaalinen;;adjektiivi;38
automaattinen;;adjektiivi;38
autonominen;;adjektiivi;38
autoritaarinen;;adjektiivi;38
autoritäärinen;;adjektiivi;38
auttavainen;;adjektiivi;38
autuaallinen;;adjektiivi;38
auvoinen;;adjektiivi;38
avantgardistinen;;adjektiivi;38
avaruudellinen;;adjektiivi;38
‑avioinen;;adjektiivi;38
aviollinen;;adjektiivi;38
avonainen;;adjektiivi;38
‑avusteinen;;adjektiivi;38
bakteriologinen;;adjektiivi;38
ballistinen;;adjektiivi;38
baltialainen;;adjektiivi;38
barbaarimainen;;adjektiivi;38
barbaarinen;;adjektiivi;38
baskilainen;;adjektiivi;38
batistinen;;adjektiivi;38
behavioristinen;;adjektiivi;38
betoninen;;adjektiivi;38
bibliografinen;;adjektiivi;38
bigaaminen;;adjektiivi;38
bilateraalinen;;adjektiivi;38
binaarinen;;adjektiivi;38
binäärinen;;adjektiivi;38
biodynaaminen;;adjektiivi;38
biogeeninen;;adjektiivi;38
biografinen;;adjektiivi;38
biologinen;;adjektiivi;38
biometrinen;;adjektiivi;38
bolsevistinen;;adjektiivi;38
bolševistinen;;adjektiivi;38
boreaalinen;;adjektiivi;38
botaaninen;;adjektiivi;38
brežneviläinen;;adjektiivi;38
byrokraattinen;;adjektiivi;38
bysanttilainen;;adjektiivi;38
dadaistinen;;adjektiivi;38
damastinen;;adjektiivi;38
darvinistinen;;adjektiivi;38
darwinistinen;;adjektiivi;38
deduktiivinen;;adjektiivi;38
defensiivinen;;adjektiivi;38
definiittinen;;adjektiivi;38
definitiivinen;;adjektiivi;38
deistinen;;adjektiivi;38
dekoratiivinen;;adjektiivi;38
demagoginen;;adjektiivi;38
deminutiivinen;;adjektiivi;38
demografinen;;adjektiivi;38
demokraattinen;;adjektiivi;38
demoninen;;adjektiivi;38
demonstratiivinen;;adjektiivi;38
dendrologinen;;adjektiivi;38
depressiivinen;;adjektiivi;38
dermatologinen;;adjektiivi;38
desimaalinen;;adjektiivi;38
deskriptiivinen;;adjektiivi;38
despoottinen;;adjektiivi;38
destruktiivinen;;adjektiivi;38
deterministinen;;adjektiivi;38
diagnostinen;;adjektiivi;38
diagonaalinen;;adjektiivi;38
diakoninen;;adjektiivi;38
diakroninen;;adjektiivi;38
dialektinen;;adjektiivi;38
diastolinen;;adjektiivi;38
diatoninen;;adjektiivi;38
didaktinen;;adjektiivi;38
digitaalinen;;adjektiivi;38
diktatorinen;;adjektiivi;38
diminutiivinen;;adjektiivi;38
diploidinen;;adjektiivi;38
diplomaattinen;;adjektiivi;38
disjunktiivinen;;adjektiivi;38
diskursiivinen;;adjektiivi;38
diureettinen;;adjektiivi;38
dogmaattinen;;adjektiivi;38
dokumentaarinen;;adjektiivi;38
draamallinen;;adjektiivi;38
dramaattinen;;adjektiivi;38
drastinen;;adjektiivi;38
dualistinen;;adjektiivi;38
dynaaminen;;adjektiivi;38
dysfaattinen;;adjektiivi;38
dystooppinen;;adjektiivi;38
edellinen;;adjektiivi;38
edestakainen;;adjektiivi;38
edistyksellinen;;adjektiivi;38
edullinen;;adjektiivi;38
edusteinen;;adjektiivi;38
edustuksellinen;;adjektiivi;38
eeppinen;;adjektiivi;38
eettinen;;adjektiivi;38
efektiivinen;;adjektiivi;38
egoistinen;;adjektiivi;38
egosentrinen;;adjektiivi;38
egyptologinen;;adjektiivi;38
ehdollinen;;adjektiivi;38
ehtiväinen;;adjektiivi;38
eideettinen;;adjektiivi;38
eklektinen;;adjektiivi;38
ekologinen;;adjektiivi;38
ekonometrinen;;adjektiivi;38
ekonominen;;adjektiivi;38
eksentrinen;;adjektiivi;38
ekshibitionistinen;;adjektiivi;38
eksistentiaalinen;;adjektiivi;38
eksistentialistinen;;adjektiivi;38
eksklusiivinen;;adjektiivi;38
eksogaaminen;;adjektiivi;38
eksogeeninen;;adjektiivi;38
eksoottinen;;adjektiivi;38
eksoterminen;;adjektiivi;38
ekspansiivinen;;adjektiivi;38
eksperimentaalinen;;adjektiivi;38
eksplisiittinen;;adjektiivi;38
eksponentiaalinen;;adjektiivi;38
ekspressiivinen;;adjektiivi;38
ekspressionistinen;;adjektiivi;38
ekstaattinen;;adjektiivi;38
ekstremistinen;;adjektiivi;38
ekumeeninen;;adjektiivi;38
ekvivalenttinen;;adjektiivi;38
elastinen;;adjektiivi;38
eleginen;;adjektiivi;38
‑eleinen;;adjektiivi;38
elektiivinen;;adjektiivi;38
elektrolyyttinen;;adjektiivi;38
elektroninen;;adjektiivi;38
elementaarinen;;adjektiivi;38
elimellinen;;adjektiivi;38
elitistinen;;adjektiivi;38
elliptinen;;adjektiivi;38
elohopeamainen;;adjektiivi;38
elollinen;;adjektiivi;38
eläimellinen;;adjektiivi;38
elämyksellinen;;adjektiivi;38
elämänkatsomuksellinen;;adjektiivi;38
eläväinen;;adjektiivi;38
emalinen;;adjektiivi;38
embryologinen;;adjektiivi;38
emotionaalinen;;adjektiivi;38
empaattinen;;adjektiivi;38
empiirinen;;adjektiivi;38
empiristinen;;adjektiivi;38
emäksinen;;adjektiivi;38
endeeminen;;adjektiivi;38
endogaaminen;;adjektiivi;38
endogeeninen;;adjektiivi;38
endokriininen;;adjektiivi;38
endokrinologinen;;adjektiivi;38
endoterminen;;adjektiivi;38
‑enemmistöinen;;adjektiivi;38
‑energiainen;;adjektiivi;38
energinen;;adjektiivi;38
ennusteellinen;;adjektiivi;38
ennätyksellinen;;adjektiivi;38
ennätysmäinen;;adjektiivi;38
enteellinen;;adjektiivi;38
‑enteinen;;adjektiivi;38
entinen;;adjektiivi;38
entisenlainen;;adjektiivi;38
entsymaattinen;;adjektiivi;38
entusiastinen;;adjektiivi;38
epideeminen;;adjektiivi;38
epidemiologinen;;adjektiivi;38
epileptinen;;adjektiivi;38
episkopaalinen;;adjektiivi;38
epäileväinen;;adjektiivi;38
epäsopuinen;;adjektiivi;38
epätoivoinen;;adjektiivi;38
epäurheilijamainen;;adjektiivi;38
epävakainen;;adjektiivi;38
erehtyväinen;;adjektiivi;38
ergonominen;;adjektiivi;38
erheellinen;;adjektiivi;38
erikoinen;;adjektiivi;38
erilainen;;adjektiivi;38
erillinen;;adjektiivi;38
erinomainen;;adjektiivi;38
erinäinen;;adjektiivi;38
eriperintäinen;;adjektiivi;38
eripurainen;;adjektiivi;38
eriseurainen;;adjektiivi;38
eriskummainen;;adjektiivi;38
eristeinen;;adjektiivi;38
erityinen;;adjektiivi;38
erogeeninen;;adjektiivi;38
eroottinen;;adjektiivi;38
eruptiivinen;;adjektiivi;38
eräänlainen;;adjektiivi;38
esineellinen;;adjektiivi;38
esityksellinen;;adjektiivi;38
eskapistinen;;adjektiivi;38
eskatologinen;;adjektiivi;38
esoteerinen;;adjektiivi;38
essentiaalinen;;adjektiivi;38
esteellinen;;adjektiivi;38
esteettinen;;adjektiivi;38
‑esteinen;;adjektiivi;38
estoinen;;adjektiivi;38
eteenpäinen;;adjektiivi;38
eteerinen;;adjektiivi;38
etinen;;adjektiivi;38
etiologinen;;adjektiivi;38
etninen;;adjektiivi;38
etnografinen;;adjektiivi;38
etnologinen;;adjektiivi;38
etukenoinen;;adjektiivi;38
etumainen;;adjektiivi;38
etummainen;;adjektiivi;38
etuoikeuksinen;;adjektiivi;38
etymologinen;;adjektiivi;38
etäinen;;adjektiivi;38
eufemistinen;;adjektiivi;38
euforinen;;adjektiivi;38
euklidinen;;adjektiivi;38
euroatlanttinen;;adjektiivi;38
europidinen;;adjektiivi;38
eurosentrinen;;adjektiivi;38
evankelinen;;adjektiivi;38
evolutiivinen;;adjektiivi;38
faktinen;;adjektiivi;38
fakultatiivinen;;adjektiivi;38
fallinen;;adjektiivi;38
fanaattinen;;adjektiivi;38
fantastinen;;adjektiivi;38
farmakologinen;;adjektiivi;38
farmarikankainen;;adjektiivi;38
farmaseuttinen;;adjektiivi;38
fasistinen;;adjektiivi;38
fataalinen;;adjektiivi;38
fatalistinen;;adjektiivi;38
federalistinen;;adjektiivi;38
federatiivinen;;adjektiivi;38
feminiininen;;adjektiivi;38
feministinen;;adjektiivi;38
fennistinen;;adjektiivi;38
fenologinen;;adjektiivi;38
fenomenaalinen;;adjektiivi;38
fenomenologinen;;adjektiivi;38
feodaalinen;;adjektiivi;38
feodalistinen;;adjektiivi;38
fetisistinen;;adjektiivi;38
figuratiivinen;;adjektiivi;38
fiktiivinen;;adjektiivi;38
filantrooppinen;;adjektiivi;38
filateelinen;;adjektiivi;38
filharmoninen;;adjektiivi;38
filmaattinen;;adjektiivi;38
filologinen;;adjektiivi;38
filosofinen;;adjektiivi;38
finaalinen;;adjektiivi;38
finiittinen;;adjektiivi;38
finninen;;adjektiivi;38
fiskaalinen;;adjektiivi;38
flaamilainen;;adjektiivi;38
flanellinen;;adjektiivi;38
flegmaattinen;;adjektiivi;38
flunssainen;;adjektiivi;38
foneettinen;;adjektiivi;38
foniatrinen;;adjektiivi;38
fonologinen;;adjektiivi;38
foobinen;;adjektiivi;38
formaalinen;;adjektiivi;38
formalistinen;;adjektiivi;38
formatiivinen;;adjektiivi;38
‑fosfaattinen;;adjektiivi;38
fossiilinen;;adjektiivi;38
fotogeeninen;;adjektiivi;38
fragmentaarinen;;adjektiivi;38
fraseologinen;;adjektiivi;38
‑frekvenssinen;;adjektiivi;38
frenologinen;;adjektiivi;38
friisiläinen;;adjektiivi;38
frontaalinen;;adjektiivi;38
froteinen;;adjektiivi;38
fundamentaalinen;;adjektiivi;38
fundamentalistinen;;adjektiivi;38
funktionaalinen;;adjektiivi;38
funktionalistinen;;adjektiivi;38
futuristinen;;adjektiivi;38
futurologinen;;adjektiivi;38
fysiatrinen;;adjektiivi;38
fysikaalinen;;adjektiivi;38
fysiologinen;;adjektiivi;38
fyysinen;;adjektiivi;38
galaktinen;;adjektiivi;38
galvaaninen;;adjektiivi;38
gastronominen;;adjektiivi;38
gaullistinen;;adjektiivi;38
gemmologinen;;adjektiivi;38
geneerinen;;adjektiivi;38
geneettinen;;adjektiivi;38
genitaalinen;;adjektiivi;38
geodeettinen;;adjektiivi;38
geologinen;;adjektiivi;38
geometrinen;;adjektiivi;38
geosentrinen;;adjektiivi;38
geriatrinen;;adjektiivi;38
germaaninen;;adjektiivi;38
gerontologinen;;adjektiivi;38
giganttinen;;adjektiivi;38
glasiaalinen;;adjektiivi;38
globaalinen;;adjektiivi;38
glykeeminen;;adjektiivi;38
gnostisistinen;;adjektiivi;38
goottilainen;;adjektiivi;38
graafinen;;adjektiivi;38
grafologinen;;adjektiivi;38
grammaattinen;;adjektiivi;38
graniittinen;;adjektiivi;38
gregoriaaninen;;adjektiivi;38
gynekologinen;;adjektiivi;38
haapainen;;adjektiivi;38
haarakkeinen;;adjektiivi;38
haasteellinen;;adjektiivi;38
haavainen;;adjektiivi;38
haaveellinen;;adjektiivi;38
haavoittuvainen;;adjektiivi;38
haennainen;;adjektiivi;38
hahmoinen;;adjektiivi;38
hahmotteinen;;adjektiivi;38
hairahtuvainen;;adjektiivi;38
haitallinen;;adjektiivi;38
‑haiveninen;;adjektiivi;38
hajallinen;;adjektiivi;38
hajanainen;;adjektiivi;38
hajuinen;;adjektiivi;38
‑hakuinen;;adjektiivi;38
halkinainen;;adjektiivi;38
‑halkioinen;;adjektiivi;38
halkoinen;;adjektiivi;38
hallainen;;adjektiivi;38
hallinnollinen;;adjektiivi;38
hallusinatorinen;;adjektiivi;38
halpamainen;;adjektiivi;38
haluinen;;adjektiivi;38
halullinen;;adjektiivi;38
‑hameinen;;adjektiivi;38
‑hammasteinen;;adjektiivi;38
‑hammastuksinen;;adjektiivi;38
hampaallinen;;adjektiivi;38
‑hankaiminen;;adjektiivi;38
‑hankainen;;adjektiivi;38
hankinnainen;;adjektiivi;38
haploidinen;;adjektiivi;38
happoinen;;adjektiivi;38
‑hapsuinen;;adjektiivi;38
hapsullinen;;adjektiivi;38
harhainen;;adjektiivi;38
‑harjainen;;adjektiivi;38
‑harjaksinen;;adjektiivi;38
harjanteinen;;adjektiivi;38
harkitsevainen;;adjektiivi;38
harmaahapsinen;;adjektiivi;38
harmillinen;;adjektiivi;38
harmoninen;;adjektiivi;38
harrastelijamainen;;adjektiivi;38
‑harteinen;;adjektiivi;38
‑hartiainen;;adjektiivi;38
harvinainen;;adjektiivi;38
harvuinen;;adjektiivi;38
hassunkurinen;;adjektiivi;38
haureellinen;;adjektiivi;38
havainnollinen;;adjektiivi;38
hedelmäinen;;adjektiivi;38
hedelmällinen;;adjektiivi;38
hedoninen;;adjektiivi;38
hedonistinen;;adjektiivi;38
heijasteinen;;adjektiivi;38
heikkovaloinen;;adjektiivi;38
‑heimoinen;;adjektiivi;38
heinikkoinen;;adjektiivi;38
heinäinen;;adjektiivi;38
‑heittoinen;;adjektiivi;38
heiveröinen;;adjektiivi;38
heksagoninen;;adjektiivi;38
hektinen;;adjektiivi;38
hekumallinen;;adjektiivi;38
‑helainen;;adjektiivi;38
heliosentrinen;;adjektiivi;38
heliotrooppinen;;adjektiivi;38
helkkarinmoinen;;adjektiivi;38
helleeninen;;adjektiivi;38
hellenistinen;;adjektiivi;38
‑helmainen;;adjektiivi;38
helmallinen;;adjektiivi;38
helteinen;;adjektiivi;38
helvetillinen;;adjektiivi;38
helvetinmoinen;;adjektiivi;38
hemmetinmoinen;;adjektiivi;38
hengellinen;;adjektiivi;38
henkinen;;adjektiivi;38
hentoinen;;adjektiivi;38
heppoinen;;adjektiivi;38
heraldinen;;adjektiivi;38
herkkäilmeinen;;adjektiivi;38
herkullinen;;adjektiivi;38
hermafrodiittinen;;adjektiivi;38
hermeettinen;;adjektiivi;38
hermeneuttinen;;adjektiivi;38
‑hermoinen;;adjektiivi;38
hermostollinen;;adjektiivi;38
herooinen;;adjektiivi;38
herraskainen;;adjektiivi;38
herttainen;;adjektiivi;38
herttamainen;;adjektiivi;38
‑heteinen;;adjektiivi;38
heterogeeninen;;adjektiivi;38
heterotsygoottinen;;adjektiivi;38
hetkellinen;;adjektiivi;38
‑hetkinen;;adjektiivi;38
hetkittäinen;;adjektiivi;38
hetteinen;;adjektiivi;38
heuristinen;;adjektiivi;38
hidasteinen;;adjektiivi;38
hiekkainen;;adjektiivi;38
hienoinen;;adjektiivi;38
hierarkkinen;;adjektiivi;38
hietainen;;adjektiivi;38
hietikkoinen;;adjektiivi;38
‑hihainen;;adjektiivi;38
hihallinen;;adjektiivi;38
hiilihapollinen;;adjektiivi;38
‑hiilinen;;adjektiivi;38
hiivatinmoinen;;adjektiivi;38
hikinen;;adjektiivi;38
hilseinen;;adjektiivi;38
‑himoinen;;adjektiivi;38
hindulainen;;adjektiivi;38
hintainen;;adjektiivi;38
‑hipiäinen;;adjektiivi;38
hirmuinen;;adjektiivi;38
hirsinen;;adjektiivi;38
hirtehinen;;adjektiivi;38
histologinen;;adjektiivi;38
historiallinen;;adjektiivi;38
hitonmoinen;;adjektiivi;38
‑hiuksinen;;adjektiivi;38
hiutaleinen;;adjektiivi;38
hohkainen;;adjektiivi;38
hohteinen;;adjektiivi;38
hohtoinen;;adjektiivi;38
hoidollinen;;adjektiivi;38
‑hoitoinen;;adjektiivi;38
hoksaavainen;;adjektiivi;38
holistinen;;adjektiivi;38
‑holvinen;;adjektiivi;38
homeerinen;;adjektiivi;38
homeinen;;adjektiivi;38
homeopaattinen;;adjektiivi;38
homeostaattinen;;adjektiivi;38
homofiilinen;;adjektiivi;38
homofobinen;;adjektiivi;38
homogeeninen;;adjektiivi;38
homotsygoottinen;;adjektiivi;38
homssuinen;;adjektiivi;38
honkainen;;adjektiivi;38
hopeahapsinen;;adjektiivi;38
hopeainen;;adjektiivi;38
hopeinen;;adjektiivi;38
horisontaalinen;;adjektiivi;38
horjuvainen;;adjektiivi;38
hormonaalinen;;adjektiivi;38
horteinen;;adjektiivi;38
houkkamainen;;adjektiivi;38
houreinen;;adjektiivi;38
‑housuinen;;adjektiivi;38
huikentelevainen;;adjektiivi;38
huilumainen;;adjektiivi;38
‑huippuinen;;adjektiivi;38
hullunkurinen;;adjektiivi;38
hulttiomainen;;adjektiivi;38
humaaninen;;adjektiivi;38
humanistinen;;adjektiivi;38
humanitaarinen;;adjektiivi;38
humanitäärinen;;adjektiivi;38
humoristinen;;adjektiivi;38
hunajainen;;adjektiivi;38
huokoinen;;adjektiivi;38
huolehtivainen;;adjektiivi;38
huolellinen;;adjektiivi;38
huomaavainen;;adjektiivi;38
‑huoneinen;;adjektiivi;38
huopainen;;adjektiivi;38
hupainen;;adjektiivi;38
hupullinen;;adjektiivi;38
hurmeinen;;adjektiivi;38
‑huulinen;;adjektiivi;38
huumeinen;;adjektiivi;38
huuruinen;;adjektiivi;38
hydraulinen;;adjektiivi;38
hydrologinen;;adjektiivi;38
hygieeninen;;adjektiivi;38
hyhmäinen;;adjektiivi;38
hyinen;;adjektiivi;38
hyperbolinen;;adjektiivi;38
hypnoottinen;;adjektiivi;38
hypotaktinen;;adjektiivi;38
hypoteettinen;;adjektiivi;38
hypoterminen;;adjektiivi;38
hyppäyksellinen;;adjektiivi;38
hyppäyksittäinen;;adjektiivi;38
hyrskyinen;;adjektiivi;38
hysteerinen;;adjektiivi;38
hyveellinen;;adjektiivi;38
hyytelömäinen;;adjektiivi;38
hyödyllinen;;adjektiivi;38
hyökkäyksellinen;;adjektiivi;38
hähmäinen;;adjektiivi;38
häilyväinen;;adjektiivi;38
‑häiriöinen;;adjektiivi;38
hälyinen;;adjektiivi;38
hämillinen;;adjektiivi;38
hämyinen;;adjektiivi;38
hänenlaisensa;;adjektiivi;38
hännällinen;;adjektiivi;38
häpeällinen;;adjektiivi;38
härmäinen;;adjektiivi;38
hätäinen;;adjektiivi;38
häälyväinen;;adjektiivi;38
hääppöinen;;adjektiivi;38
höyheninen;;adjektiivi;38
höyryinen;;adjektiivi;38
höytyinen;;adjektiivi;38
iankaikkinen;;adjektiivi;38
ideaalinen;;adjektiivi;38
idealistinen;;adjektiivi;38
identtinen;;adjektiivi;38
ideologinen;;adjektiivi;38
idiomaattinen;;adjektiivi;38
idioottimainen;;adjektiivi;38
idiopaattinen;;adjektiivi;38
idyllinen;;adjektiivi;38
ihanainen;;adjektiivi;38
ihanteellinen;;adjektiivi;38
ihmeellinen;;adjektiivi;38
ihmismäinen;;adjektiivi;38
ikinen;;adjektiivi;38
‑ikkunainen;;adjektiivi;38
ikkunallinen;;adjektiivi;38
ikoninen;;adjektiivi;38
ikuinen;;adjektiivi;38
iljankoinen;;adjektiivi;38
iljanteinen;;adjektiivi;38
ilkikurinen;;adjektiivi;38
‑ilkinen;;adjektiivi;38
illusorinen;;adjektiivi;38
ilmainen;;adjektiivi;38
ilmaisullinen;;adjektiivi;38
‑ilmastoinen;;adjektiivi;38
ilmastollinen;;adjektiivi;38
ilmeinen;1;adjektiivi;38
ilmeinen;2;adjektiivi;38
ilmiömäinen;;adjektiivi;38
iloinen;;adjektiivi;38
iltainen;;adjektiivi;38
imaginaarinen;;adjektiivi;38
immateriaalinen;;adjektiivi;38
immunologinen;;adjektiivi;38
imperialistinen;;adjektiivi;38
impivaaralainen;;adjektiivi;38
implisiittinen;;adjektiivi;38
impressionistinen;;adjektiivi;38
improvisatorinen;;adjektiivi;38
impulsiivinen;;adjektiivi;38
indefiniittinen;;adjektiivi;38
individuaalinen;;adjektiivi;38
individualistinen;;adjektiivi;38
indoiranilainen;;adjektiivi;38
induktiivinen;;adjektiivi;38
industrialistinen;;adjektiivi;38
infernaalinen;;adjektiivi;38
inflatorinen;;adjektiivi;38
informalistinen;;adjektiivi;38
informatiivinen;;adjektiivi;38
informatorinen;;adjektiivi;38
inhibitorinen;;adjektiivi;38
inhimillinen;;adjektiivi;38
inklusiivinen;;adjektiivi;38
innovatiivinen;;adjektiivi;38
institutionaalinen;;adjektiivi;38
instrumentaalinen;;adjektiivi;38
intellektuaalinen;;adjektiivi;38
intellektualistinen;;adjektiivi;38
intensiivinen;;adjektiivi;38
interrogatiivinen;;adjektiivi;38
intersektionaalinen;;adjektiivi;38
intertekstuaalinen;;adjektiivi;38
intohimoinen;;adjektiivi;38
‑intoinen;;adjektiivi;38
intransitiivinen;;adjektiivi;38
intuitiivinen;;adjektiivi;38
ironinen;;adjektiivi;38
irrallinen;;adjektiivi;38
irrationaalinen;;adjektiivi;38
irreaalinen;;adjektiivi;38
irstainen;;adjektiivi;38
irtonainen;;adjektiivi;38
‑iskuinen;;adjektiivi;38
iskullinen;;adjektiivi;38
islamistinen;;adjektiivi;38
isometrinen;;adjektiivi;38
istukallinen;;adjektiivi;38
isällinen;;adjektiivi;38
iteratiivinen;;adjektiivi;38
itkuinen;;adjektiivi;38
itsenäinen;;adjektiivi;38
itseriittoinen;;adjektiivi;38
itsetuhoinen;;adjektiivi;38
itäinen;;adjektiivi;38
ivallinen;;adjektiivi;38
iäinen;;adjektiivi;38
‑jakoinen;;adjektiivi;38
‑jaksoinen;;adjektiivi;38
jaksoittainen;;adjektiivi;38
jaksollinen;;adjektiivi;38
jalallinen;;adjektiivi;38
janoinen;;adjektiivi;38
jaokkeinen;;adjektiivi;38
jaollinen;;adjektiivi;38
jatkuvajuoninen;;adjektiivi;38
jauhemainen;;adjektiivi;38
jauhoinen;;adjektiivi;38
jauhomainen;;adjektiivi;38
jenkkiläinen;;adjektiivi;38
jesuiittamainen;;adjektiivi;38
jihadistinen;;adjektiivi;38
johteinen;;adjektiivi;38
‑johtoinen;;adjektiivi;38
jollainen;;adjektiivi;38
joltinen;;adjektiivi;38
joltinenkin;;adjektiivi;38
jommoinen;;adjektiivi;38
jommoinenkin;;adjektiivi;38
jonkalainen;;adjektiivi;38
jonkinlainen;;adjektiivi;38
jonkinmoinen;;adjektiivi;38
jonkunlainen;;adjektiivi;38
jonkunmoinen;;adjektiivi;38
‑joukkueinen;;adjektiivi;38
jouluinen;;adjektiivi;38
journalistinen;;adjektiivi;38
‑jousinen;;adjektiivi;38
joustokankainen;;adjektiivi;38
juhlallinen;;adjektiivi;38
juliaaninen;;adjektiivi;38
jumalainen;;adjektiivi;38
jumalallinen;;adjektiivi;38
jumalinen;;adjektiivi;38
‑juoksuinen;;adjektiivi;38
juomuinen;;adjektiivi;38
juonellinen;;adjektiivi;38
juovainen;;adjektiivi;38
juridinen;;adjektiivi;38
juurakkoinen;;adjektiivi;38
‑juurinen;;adjektiivi;38
jyväinen;;adjektiivi;38
jäinen;;adjektiivi;38
jäkäläinen;;adjektiivi;38
jälkijättöinen;;adjektiivi;38
jälkimmäinen;;adjektiivi;38
jännitteinen;;adjektiivi;38
jänteinen;;adjektiivi;38
järjellinen;;adjektiivi;38
järjestelmällinen;;adjektiivi;38
järjestöllinen;;adjektiivi;38
‑järvinen;;adjektiivi;38
‑jäseninen;;adjektiivi;38
jättiläismäinen;;adjektiivi;38
jättimäinen;;adjektiivi;38
‑jäähdytteinen;;adjektiivi;38
jäätikköinen;;adjektiivi;38
kaaoksellinen;;adjektiivi;38
kaaosmainen;;adjektiivi;38
‑kaarinen;;adjektiivi;38
kaarteinen;;adjektiivi;38
kaasumainen;;adjektiivi;38
‑kaateinen;;adjektiivi;38
kaavamainen;;adjektiivi;38
kabbalistinen;;adjektiivi;38
kafkamainen;;adjektiivi;38
kahdenlainen;;adjektiivi;38
kahtalainen;;adjektiivi;38
kaikenlainen;;adjektiivi;38
kaikenmoinen;;adjektiivi;38
kaikkinainen;;adjektiivi;38
‑kaikuinen;;adjektiivi;38
kaislikkoinen;;adjektiivi;38
‑kaistainen;;adjektiivi;38
kaitainen;;adjektiivi;38
kajuutallinen;;adjektiivi;38
kakaramainen;;adjektiivi;38
kakkainen;;adjektiivi;38
kakofoninen;;adjektiivi;38
kaksikotinen;;adjektiivi;38
kaksikäsitteinen;;adjektiivi;38
kaksilappeinen;;adjektiivi;38
kaksilevyinen;;adjektiivi;38
kaksinainen;;adjektiivi;38
kaksinen;;adjektiivi;38
kalainen;;adjektiivi;38
kalendaarinen;;adjektiivi;38
kalevalainen;;adjektiivi;38
‑kaliiberinen;;adjektiivi;38
‑kaliiperinen;;adjektiivi;38
kalligrafinen;;adjektiivi;38
kallistuvakorinen;;adjektiivi;38
‑kalloinen;;adjektiivi;38
kallollinen;;adjektiivi;38
‑kalorinen;;adjektiivi;38
kaltainen;;adjektiivi;38
kalvinistinen;;adjektiivi;38
‑kamarinen;;adjektiivi;38
kambrinen;;adjektiivi;38
kameraalinen;;adjektiivi;38
‑kammioinen;;adjektiivi;38
kanamainen;;adjektiivi;38
kankainen;1;adjektiivi;38
kankainen;2;adjektiivi;38
kannallinen;;adjektiivi;38
kannellinen;;adjektiivi;38
kannibaalinen;;adjektiivi;38
kannokkoinen;;adjektiivi;38
kanoninen;;adjektiivi;38
kansallinen;;adjektiivi;38
‑kansinen;;adjektiivi;38
‑kantainen;;adjektiivi;38
‑kantinen;;adjektiivi;38
kantoinen;1;adjektiivi;38
kantoinen;2;adjektiivi;38
kaoottinen;;adjektiivi;38
kapeikkoinen;;adjektiivi;38
kapillaarinen;;adjektiivi;38
kapinen;;adjektiivi;38
kapitalistinen;;adjektiivi;38
kapoinen;;adjektiivi;38
‑karaattinen;;adjektiivi;38
karakteristinen;;adjektiivi;38
kardaaninen;;adjektiivi;38
kardiologinen;;adjektiivi;38
kareliaaninen;;adjektiivi;38
karhumainen;;adjektiivi;38
karikkoinen;;adjektiivi;38
karinen;;adjektiivi;38
karioottinen;;adjektiivi;38
karismaattinen;;adjektiivi;38
karnevalistinen;;adjektiivi;38
karoliininen;;adjektiivi;38
karolinginen;;adjektiivi;38
karsinogeeninen;;adjektiivi;38
karstainen;;adjektiivi;38
kartiomainen;;adjektiivi;38
kartografinen;;adjektiivi;38
kartonkinen;;adjektiivi;38
karvainen;;adjektiivi;38
‑karvainen;;adjektiivi;38
karvallinen;;adjektiivi;38
kasteinen;;adjektiivi;38
kasuistinen;;adjektiivi;38
kasvatuksellinen;;adjektiivi;38
‑kasvoinen;;adjektiivi;38
kasvokkainen;;adjektiivi;38
kasvollinen;;adjektiivi;38
kasvullinen;;adjektiivi;38
katajainen;;adjektiivi;38
katalyyttinen;;adjektiivi;38
katarttinen;;adjektiivi;38
katastrofaalinen;;adjektiivi;38
katatoninen;;adjektiivi;38
kateellinen;;adjektiivi;38
kategorinen;;adjektiivi;38
katkelmallinen;;adjektiivi;38
katkonainen;;adjektiivi;38
katkuinen;;adjektiivi;38
katoavainen;;adjektiivi;38
katoksellinen;;adjektiivi;38
katollinen;;adjektiivi;38
‑katseinen;;adjektiivi;38
katsomuksellinen;;adjektiivi;38
katteinen;;adjektiivi;38
‑kattoinen;;adjektiivi;38
katuvainen;;adjektiivi;38
katveinen;;adjektiivi;38
kauaskantoinen;;adjektiivi;38
kauimmainen;;adjektiivi;38
kaukainen;;adjektiivi;38
kaukalomainen;;adjektiivi;38
kaukasialainen;;adjektiivi;38
kaukokantoinen;;adjektiivi;38
‑kaulainen;;adjektiivi;38
‑kauluksinen;;adjektiivi;38
kaunainen;;adjektiivi;38
kauneudellinen;;adjektiivi;38
kaunoinen;;adjektiivi;38
kaupallinen;;adjektiivi;38
kaupunkimainen;;adjektiivi;38
kaurainen;;adjektiivi;38
kausaalinen;;adjektiivi;38
kausittainen;;adjektiivi;38
kaustinen;;adjektiivi;38
kauttaaltainen;;adjektiivi;38
kaverillinen;;adjektiivi;38
kehollinen;;adjektiivi;38
kehyksellinen;;adjektiivi;38
‑kehyksinen;;adjektiivi;38
‑kehysteinen;;adjektiivi;38
keihäsmäinen;;adjektiivi;38
keinollinen;;adjektiivi;38
keisarillinen;;adjektiivi;38
kelirikkoinen;;adjektiivi;38
keljumainen;;adjektiivi;38
kellomainen;;adjektiivi;38
kelpoinen;;adjektiivi;38
kelvollinen;;adjektiivi;38
kemiallinen;;adjektiivi;38
kemigrafinen;;adjektiivi;38
kenkkumainen;;adjektiivi;38
kennomainen;;adjektiivi;38
kenotsooinen;;adjektiivi;38
kepoinen;;adjektiivi;38
keraaminen;;adjektiivi;38
kermainen;;adjektiivi;38
kerrallinen;;adjektiivi;38
kerroksellinen;;adjektiivi;38
kerroksinen;;adjektiivi;38
kerroksittainen;;adjektiivi;38
kerronnallinen;;adjektiivi;38
kerrosteinen;;adjektiivi;38
kerrotunlainen;;adjektiivi;38
‑kertainen;;adjektiivi;38
kertakaikkinen;;adjektiivi;38
kesakkoinen;;adjektiivi;38
keskeinen;;adjektiivi;38
keskeneräinen;;adjektiivi;38
keskimmäinen;;adjektiivi;38
keskinen;;adjektiivi;38
keskinäinen;;adjektiivi;38
keskipakoinen;;adjektiivi;38
kestoinen;;adjektiivi;38
kesäinen;;adjektiivi;38
kesällinen;;adjektiivi;38
ketjullinen;;adjektiivi;38
ketjuvälityksinen;;adjektiivi;38
kettumainen;;adjektiivi;38
keulimmainen;;adjektiivi;38
keväinen;;adjektiivi;38
keväällinen;;adjektiivi;38
kiekurainen;;adjektiivi;38
kielekkeinen;;adjektiivi;38
kielellinen;;adjektiivi;38
kielimäinen;;adjektiivi;38
‑kielinen;;adjektiivi;38
kielteinen;;adjektiivi;38
kieltäymyksellinen;;adjektiivi;38
kiemurainen;;adjektiivi;38
‑kierroksinen;;adjektiivi;38
kierteellinen;;adjektiivi;38
kierteinen;;adjektiivi;38
kierukkainen;;adjektiivi;38
kiharainen;;adjektiivi;38
‑kiihkoinen;;adjektiivi;38
‑kiiltoinen;;adjektiivi;38
kiiltokuvamainen;;adjektiivi;38
kiimainen;;adjektiivi;38
‑kiinnitteinen;;adjektiivi;38
‑kiinnityksinen;;adjektiivi;38
kiintonainen;;adjektiivi;38
kiireellinen;;adjektiivi;38
kiireinen;;adjektiivi;38
kiistainen;;adjektiivi;38
kiitollinen;;adjektiivi;38
kiliastinen;;adjektiivi;38
kiloinen;;adjektiivi;38
kilpailullinen;;adjektiivi;38
kimalteinen;;adjektiivi;38
kimmoinen;;adjektiivi;38
kineettinen;;adjektiivi;38
kinemaattinen;;adjektiivi;38
kinesteettinen;;adjektiivi;38
kinkkinen;;adjektiivi;38
‑kinttuinen;;adjektiivi;38
kippurainen;;adjektiivi;38
kipsinen;;adjektiivi;38
kireäilmeinen;;adjektiivi;38
kireäpipoinen;;adjektiivi;38
‑kiristeinen;;adjektiivi;38
kirjaimellinen;;adjektiivi;38
‑kirjaiminen;;adjektiivi;38
kirjallinen;;adjektiivi;38
kirjanpidollinen;;adjektiivi;38
kirjeellinen;;adjektiivi;38
‑kirjoinen;;adjektiivi;38
‑kirjontainen;;adjektiivi;38
kirkasvaloinen;;adjektiivi;38
kirkollinen;;adjektiivi;38
kirroottinen;;adjektiivi;38
kirurginen;;adjektiivi;38
‑kiskoinen;1;adjektiivi;38
‑kiskoinen;2;adjektiivi;38
kissamainen;;adjektiivi;38
kiteinen;;adjektiivi;38
kitkainen;;adjektiivi;38
kiukkuinen;;adjektiivi;38
kiusallinen;;adjektiivi;38
kivellinen;;adjektiivi;38
kivikkoinen;;adjektiivi;38
kivinen;;adjektiivi;38
kivullinen;;adjektiivi;38
kivulloinen;;adjektiivi;38
klanipäinen;;adjektiivi;38
klassillinen;;adjektiivi;38
klassinen;;adjektiivi;38
klassisistinen;;adjektiivi;38
kleptomaaninen;;adjektiivi;38
kliininen;;adjektiivi;38
kliseinen;;adjektiivi;38
koaksiaalinen;;adjektiivi;38
kognitiivinen;;adjektiivi;38
kohdittainen;;adjektiivi;38
kohmeinen;;adjektiivi;38
kohmeloinen;;adjektiivi;38
kohosteinen;;adjektiivi;38
‑kohtainen;;adjektiivi;38
kohtalainen;;adjektiivi;38
kohtauksittainen;;adjektiivi;38
kohtuullinen;;adjektiivi;38
‑koipinen;;adjektiivi;38
koivikkoinen;;adjektiivi;38
koivuinen;;adjektiivi;38
kokeellinen;;adjektiivi;38
kokemuksellinen;;adjektiivi;38
‑kokkainen;;adjektiivi;38
kokkareinen;;adjektiivi;38
kokoinen;;adjektiivi;38
kokopäivätoiminen;;adjektiivi;38
koleerinen;;adjektiivi;38
kollegiaalinen;;adjektiivi;38
kolleginen;;adjektiivi;38
kollektiivinen;;adjektiivi;38
kollektivistinen;;adjektiivi;38
kolloidinen;;adjektiivi;38
kolmekymppinen;;adjektiivi;38
kolminainen;;adjektiivi;38
kolminapainen;;adjektiivi;38
kolmiomainen;;adjektiivi;38
kolmituumainen;;adjektiivi;38
koloinen;;adjektiivi;38
kolonialistinen;;adjektiivi;38
koloristinen;;adjektiivi;38
kolossaalinen;;adjektiivi;38
kommunikatiivinen;;adjektiivi;38
kommunistinen;;adjektiivi;38
komparatiivinen;;adjektiivi;38
kompensatorinen;;adjektiivi;38
kompleksinen;;adjektiivi;38
komplementaarinen;;adjektiivi;38
konditionaalinen;;adjektiivi;38
‑koneinen;;adjektiivi;38
konekoodinen;;adjektiivi;38
konemainen;;adjektiivi;38
konkludenttinen;;adjektiivi;38
konkreettinen;;adjektiivi;38
konnamainen;;adjektiivi;38
konsekutiivinen;;adjektiivi;38
konservatiivinen;;adjektiivi;38
konstitutionaalinen;;adjektiivi;38
konstruktiivinen;;adjektiivi;38
konsultatiivinen;;adjektiivi;38
konsumeristinen;;adjektiivi;38
kontrapunktinen;;adjektiivi;38
konventionaalinen;;adjektiivi;38
koominen;;adjektiivi;38
kooperatiivinen;;adjektiivi;38
koosteinen;;adjektiivi;38
kopernikaaninen;;adjektiivi;38
koppurainen;;adjektiivi;38
koptilainen;;adjektiivi;38
korallinen;;adjektiivi;38
koreografinen;;adjektiivi;38
koristeellinen;;adjektiivi;38
‑koristeinen;;adjektiivi;38
korkealentoinen;;adjektiivi;38
korkkinen;;adjektiivi;38
‑korkoinen;;adjektiivi;38
korkuinen;;adjektiivi;38
korollinen;;adjektiivi;38
korosteinen;;adjektiivi;38
korporatiivinen;;adjektiivi;38
‑korsinen;;adjektiivi;38
‑kortinen;;adjektiivi;38
‑korvainen;;adjektiivi;38
koskinen;;adjektiivi;38
kosmeettinen;;adjektiivi;38
kosminen;;adjektiivi;38
kosmogoninen;;adjektiivi;38
kosmologinen;;adjektiivi;38
kosmopoliittinen;;adjektiivi;38
kotimainen;;adjektiivi;38
kotipolttoinen;;adjektiivi;38
kotoinen;;adjektiivi;38
koukeroinen;;adjektiivi;38
koukkuinen;;adjektiivi;38
koulumainen;;adjektiivi;38
koulumestarimainen;;adjektiivi;38
koulutuksellinen;;adjektiivi;38
‑kourainen;;adjektiivi;38
kouristeinen;;adjektiivi;38
kouristuksellinen;;adjektiivi;38
kouristusmainen;;adjektiivi;38
kovuinen;;adjektiivi;38
krapulainen;;adjektiivi;38
kreatiivinen;;adjektiivi;38
kreationistinen;;adjektiivi;38
kreivillinen;;adjektiivi;38
kriittinen;;adjektiivi;38
kriminaalinen;;adjektiivi;38
kriminologinen;;adjektiivi;38
kristallinen;;adjektiivi;38
kristillinen;;adjektiivi;38
kromaattinen;;adjektiivi;38
kromogeeninen;;adjektiivi;38
kronologinen;;adjektiivi;38
krooninen;;adjektiivi;38
kryptinen;;adjektiivi;38
kubistinen;;adjektiivi;38
‑kudoksinen;;adjektiivi;38
‑kudontainen;;adjektiivi;38
kuhmuinen;;adjektiivi;38
kuhmurainen;;adjektiivi;38
‑kuinen;;adjektiivi;38
kuituinen;;adjektiivi;38
kuitumainen;;adjektiivi;38
kuivakiskoinen;;adjektiivi;38
kujeellinen;;adjektiivi;38
kukallinen;;adjektiivi;38
‑kukintainen;;adjektiivi;38
‑kukintoinen;;adjektiivi;38
kukkainen;;adjektiivi;38
kukkulainen;;adjektiivi;38
kukkurainen;;adjektiivi;38
kukkurallinen;;adjektiivi;38
kulinaarinen;;adjektiivi;38
kulinaristinen;;adjektiivi;38
‑kulkuinen;;adjektiivi;38
kulloinenkin;;adjektiivi;38
‑kulmainen;;adjektiivi;38
kulmittainen;;adjektiivi;38
kultainen;;adjektiivi;38
kulttuurillinen;;adjektiivi;38
kulttuurinen;;adjektiivi;38
kumarainen;;adjektiivi;38
kuminen;;adjektiivi;38
kummallinen;;adjektiivi;38
kummankinlainen;;adjektiivi;38
kummoinen;;adjektiivi;38
kumouksellinen;;adjektiivi;38
kumpareinen;;adjektiivi;38
kumpuinen;;adjektiivi;38
kumulatiivinen;;adjektiivi;38
kunnallinen;;adjektiivi;38
kunniallinen;;adjektiivi;38
kunnittainen;;adjektiivi;38
kunnollinen;;adjektiivi;38
‑kuntoinen;;adjektiivi;38
kuohuinen;;adjektiivi;38
kuolainen;;adjektiivi;38
kuolioinen;;adjektiivi;38
kuomullinen;;adjektiivi;38
‑kuonoinen;;adjektiivi;38
kuoppainen;;adjektiivi;38
‑kuorinen;;adjektiivi;38
kuormitteinen;;adjektiivi;38
kuosillinen;;adjektiivi;38
‑kuosinen;;adjektiivi;38
‑kupeinen;;adjektiivi;38
kuplainen;;adjektiivi;38
‑kupolinen;;adjektiivi;38
kuppainen;;adjektiivi;38
kupurainen;;adjektiivi;38
kurainen;;adjektiivi;38
kuratiivinen;;adjektiivi;38
kureinen;;adjektiivi;38
kurillinen;;adjektiivi;38
kurinpidollinen;;adjektiivi;38
‑kurkkuinen;;adjektiivi;38
kursorinen;;adjektiivi;38
kurttuinen;;adjektiivi;38
kurvainen;;adjektiivi;38
kurvinen;;adjektiivi;38
kusinen;;adjektiivi;38
‑kustanteinen;;adjektiivi;38
kuteinen;;adjektiivi;38
‑kutoinen;;adjektiivi;38
‑kutrinen;;adjektiivi;38
‑kutuinen;;adjektiivi;38
kuukausittainen;;adjektiivi;38
kuukautinen;;adjektiivi;38
kuuliainen;;adjektiivi;38
kuuloinen;;adjektiivi;38
kuumeinen;;adjektiivi;38
‑kuumenteinen;;adjektiivi;38
kuupallinen;1;adjektiivi;38
kuurainen;;adjektiivi;38
kuuroittainen;;adjektiivi;38
kuusinen;;adjektiivi;38
kuusituumainen;;adjektiivi;38
kuutamoinen;;adjektiivi;38
‑kuutioinen;;adjektiivi;38
kuutiollinen;;adjektiivi;38
kuutiomainen;;adjektiivi;38
kuvaannollinen;;adjektiivi;38
kuvainnollinen;;adjektiivi;38
kuvallinen;;adjektiivi;38
kuvauksellinen;;adjektiivi;38
kuvioinen;;adjektiivi;38
kuviollinen;;adjektiivi;38
kuvitteellinen;;adjektiivi;38
kvalitatiivinen;;adjektiivi;38
kvantitatiivinen;;adjektiivi;38
kvartaalinen;;adjektiivi;38
kvartaarinen;;adjektiivi;38
kvartsinen;;adjektiivi;38
kvartäärinen;;adjektiivi;38
kyberneettinen;;adjektiivi;38
kyhmyinen;;adjektiivi;38
kyinen;;adjektiivi;38
‑kykyinen;;adjektiivi;38
‑kylkinen;;adjektiivi;38
kylläinen;;adjektiivi;38
kyllästeinen;;adjektiivi;38
kylmäkiskoinen;;adjektiivi;38
‑kymmeninen;;adjektiivi;38
‑kynäinen;;adjektiivi;38
kyrillinen;;adjektiivi;38
kyseinen;;adjektiivi;38
‑kyttyräinen;;adjektiivi;38
kyyneleinen;;adjektiivi;38
kyyninen;;adjektiivi;38
kähäräinen;;adjektiivi;38
kälyinen;;adjektiivi;38
kälynen;;adjektiivi;38
kämmenenlevyinen;;adjektiivi;38
kämänen;;adjektiivi;38
känsäinen;;adjektiivi;38
käppyräinen;;adjektiivi;38
kärjellinen;;adjektiivi;38
kärjimmäinen;;adjektiivi;38
‑kärkinen;;adjektiivi;38
kärppämäinen;;adjektiivi;38
kärsivällinen;;adjektiivi;38
kärttyinen;;adjektiivi;38
kärtyinen;;adjektiivi;38
käryinen;;adjektiivi;38
käsinojallinen;;adjektiivi;38
käsitteellinen;;adjektiivi;38
‑käsitteinen;;adjektiivi;38
‑käynnisteinen;;adjektiivi;38
‑käyntinen;;adjektiivi;38
käypäinen;;adjektiivi;38
‑käyttöinen;;adjektiivi;38
käytännöllinen;;adjektiivi;38
‑käytöksinen;;adjektiivi;38
käänteinen;;adjektiivi;38
‑käänteinen;;adjektiivi;38
käärmemäinen;;adjektiivi;38
kölillinen;;adjektiivi;38
köykäinen;;adjektiivi;38
laadullinen;;adjektiivi;38
laajakantoinen;;adjektiivi;38
laajaspektrinen;;adjektiivi;38
laajuinen;;adjektiivi;38
‑laaksoinen;;adjektiivi;38
laatuinen;;adjektiivi;38
‑lahjainen;;adjektiivi;38
laikkuinen;;adjektiivi;38
laikullinen;;adjektiivi;38
laillinen;;adjektiivi;38
lainen;;adjektiivi;38
‑lainoitteinen;;adjektiivi;38
lainsäädännöllinen;;adjektiivi;38
laitimmainen;;adjektiivi;38
‑laivainen;;adjektiivi;38
‑lajinen;;adjektiivi;38
‑lakinen;1;adjektiivi;38
‑lakinen;2;adjektiivi;38
‑lakkinen;;adjektiivi;38
lakoinen;;adjektiivi;38
lakoninen;;adjektiivi;38
laksatiivinen;;adjektiivi;38
lammasmainen;;adjektiivi;38
langallinen;;adjektiivi;38
‑lankainen;;adjektiivi;38
lantainen;;adjektiivi;38
‑lanteinen;;adjektiivi;38
‑lantioinen;;adjektiivi;38
‑lapainen;;adjektiivi;38
laparoskooppinen;;adjektiivi;38
lapidaarinen;;adjektiivi;38
lappologinen;;adjektiivi;38
lapsellinen;;adjektiivi;38
‑lapsinen;;adjektiivi;38
lasimainen;;adjektiivi;38
lasinen;;adjektiivi;38
laskennallinen;;adjektiivi;38
‑laskoksinen;;adjektiivi;38
‑laskuinen;;adjektiivi;38
lateraalinen;;adjektiivi;38
latinainen;;adjektiivi;38
latinalainen;;adjektiivi;38
latuskainen;;adjektiivi;38
‑latvainen;;adjektiivi;38
latvimmainen;;adjektiivi;38
‑latvuksinen;;adjektiivi;38
lauantainen;;adjektiivi;38
laulullinen;;adjektiivi;38
‑lauseinen;;adjektiivi;38
lautainen;;adjektiivi;38
lautasmainen;;adjektiivi;38
‑lavainen;;adjektiivi;38
legaalinen;;adjektiivi;38
legendaarinen;;adjektiivi;38
‑lehtinen;;adjektiivi;38
‑lehväinen;;adjektiivi;38
leikillinen;;adjektiivi;38
‑leimainen;;adjektiivi;38
leimallinen;;adjektiivi;38
leksikaalinen;;adjektiivi;38
‑lentoinen;;adjektiivi;38
lepikkoinen;;adjektiivi;38
leppäinen;;adjektiivi;38
lesbolainen;;adjektiivi;38
‑leukainen;;adjektiivi;38
leukistinen;;adjektiivi;38
‑levikkinen;;adjektiivi;38
‑levintäinen;;adjektiivi;38
levollinen;;adjektiivi;38
levyinen;1;adjektiivi;38
‑levyinen;2;adjektiivi;38
liberaalinen;;adjektiivi;38
liberalistinen;;adjektiivi;38
liejuinen;;adjektiivi;38
‑liepeinen;;adjektiivi;38
‑lierinen;;adjektiivi;38
lietteinen;;adjektiivi;38
lihainen;;adjektiivi;38
lihaksinen;;adjektiivi;38
lihallinen;;adjektiivi;38
liiallinen;;adjektiivi;38
liikanainen;;adjektiivi;38
‑liikenteinen;;adjektiivi;38
‑liikkeinen;;adjektiivi;38
liikkuvainen;;adjektiivi;38
liikunnallinen;;adjektiivi;38
likainen;;adjektiivi;38
likeinen;;adjektiivi;38
likekkäinen;;adjektiivi;38
limainen;;adjektiivi;38
limisaumainen;;adjektiivi;38
limittäinen;;adjektiivi;38
limninen;;adjektiivi;38
lineaarinen;;adjektiivi;38
lingvistinen;;adjektiivi;38
‑linjainen;;adjektiivi;38
lipallinen;;adjektiivi;38
lipeinen;;adjektiivi;38
lipeäinen;;adjektiivi;38
litografinen;;adjektiivi;38
liturginen;;adjektiivi;38
lituskainen;;adjektiivi;38
liukoinen;;adjektiivi;38
liuskainen;;adjektiivi;38
liuskeinen;;adjektiivi;38
logaritminen;;adjektiivi;38
logistinen;;adjektiivi;38
lohdullinen;;adjektiivi;38
lohkareinen;;adjektiivi;38
lohkoinen;;adjektiivi;38
‑loiminen;;adjektiivi;38
lojaalinen;;adjektiivi;38
lokaalinen;;adjektiivi;38
lokainen;;adjektiivi;38
‑lokeroinen;;adjektiivi;38
lokerollinen;;adjektiivi;38
lomittainen;;adjektiivi;38
lommoinen;;adjektiivi;38
lonkeroinen;;adjektiivi;38
looginen;;adjektiivi;38
‑loppuinen;;adjektiivi;38
lopullinen;;adjektiivi;38
loskainen;;adjektiivi;38
louhikkoinen;;adjektiivi;38
lovellinen;;adjektiivi;38
lovinen;;adjektiivi;38
luinen;;adjektiivi;38
‑luistoinen;;adjektiivi;38
lukollinen;;adjektiivi;38
lukuinen;;adjektiivi;38
lumbaalinen;;adjektiivi;38
luminen;;adjektiivi;38
luokallinen;;adjektiivi;38
‑luokkainen;;adjektiivi;38
luonnehäiriöinen;;adjektiivi;38
luonnollinen;;adjektiivi;38
luonnontilainen;;adjektiivi;38
luontainen;;adjektiivi;38
luonteinen;;adjektiivi;38
luontoinen;;adjektiivi;38
luotoinen;;adjektiivi;38
luotollinen;;adjektiivi;38
luottamuksellinen;;adjektiivi;38
luottavainen;;adjektiivi;38
lurjusmainen;;adjektiivi;38
lutunen;;adjektiivi;38
luullinen;;adjektiivi;38
‑luustoinen;;adjektiivi;38
luvallinen;;adjektiivi;38
lyhkäinen;;adjektiivi;38
lyhykäinen;;adjektiivi;38
lyhytpinnainen;;adjektiivi;38
lymfaattinen;;adjektiivi;38
‑lypsyinen;;adjektiivi;38
lyyrinen;;adjektiivi;38
‑lyöntinen;;adjektiivi;38
läheinen;;adjektiivi;38
lähekkäinen;;adjektiivi;38
‑lähtöinen;;adjektiivi;38
läikkäinen;;adjektiivi;38
läiskäinen;;adjektiivi;38
‑lämmitteinen;;adjektiivi;38
läntinen;;adjektiivi;38
läpikotainen;;adjektiivi;38
läpällinen;;adjektiivi;38
läskinen;;adjektiivi;38
lätäkköinen;;adjektiivi;38
lääkinnällinen;;adjektiivi;38
lääkkeellinen;;adjektiivi;38
maaginen;;adjektiivi;38
maailmallinen;;adjektiivi;38
maailmankatsomuksellinen;;adjektiivi;38
maalaismainen;;adjektiivi;38
maalauksellinen;;adjektiivi;38
maalinen;1;adjektiivi;38
‑maalinen;2;adjektiivi;38
maaliskuinen;;adjektiivi;38
maanantainen;;adjektiivi;38
maaninen;;adjektiivi;38
maaseutumainen;;adjektiivi;38
‑maastoinen;;adjektiivi;38
maatiaismainen;;adjektiivi;38
machiavellistinen;;adjektiivi;38
madonnamainen;;adjektiivi;38
magmaattinen;;adjektiivi;38
magneettinen;;adjektiivi;38
‑mahainen;;adjektiivi;38
mahdollinen;;adjektiivi;38
mahlainen;;adjektiivi;38
mahonkinen;;adjektiivi;38
mahtipontinen;;adjektiivi;38
‑maineinen;;adjektiivi;38
mainen;;adjektiivi;38
mainitunlainen;;adjektiivi;38
mainonnallinen;;adjektiivi;38
maisemallinen;;adjektiivi;38
maitoinen;;adjektiivi;38
maitomainen;;adjektiivi;38
maittainen;;adjektiivi;38
majesteetillinen;;adjektiivi;38
majesteettinen;;adjektiivi;38
makkaramainen;;adjektiivi;38
makoinen;;adjektiivi;38
makrobioottinen;;adjektiivi;38
makroskooppinen;;adjektiivi;38
maksimaalinen;;adjektiivi;38
maksullinen;;adjektiivi;38
makuinen;;adjektiivi;38
malaijilainen;;adjektiivi;38
maljamainen;;adjektiivi;38
mallinen;;adjektiivi;38
malminen;;adjektiivi;38
maltillinen;;adjektiivi;38
maltoinen;;adjektiivi;38
mammuttimainen;;adjektiivi;38
maneerimainen;;adjektiivi;38
manifestinen;;adjektiivi;38
mannermainen;;adjektiivi;38
mantereinen;;adjektiivi;38
manuaalinen;;adjektiivi;38
marginaalinen;;adjektiivi;38
marjainen;;adjektiivi;38
marmorinen;;adjektiivi;38
marxilais-leniniläinen;;adjektiivi;38
maskuliininen;;adjektiivi;38
masokistinen;;adjektiivi;38
massainen;;adjektiivi;38
massiivinen;;adjektiivi;38
‑mastoinen;;adjektiivi;38
matemaattinen;;adjektiivi;38
materiaalinen;;adjektiivi;38
materialistinen;;adjektiivi;38
matkailullinen;;adjektiivi;38
matoinen;;adjektiivi;38
matriarkaalinen;;adjektiivi;38
maurilainen;;adjektiivi;38
mausteinen;;adjektiivi;38
medisiininen;;adjektiivi;38
meditatiivinen;;adjektiivi;38
mefistomainen;;adjektiivi;38
megalomaaninen;;adjektiivi;38
mehuinen;;adjektiivi;38
mekaaninen;;adjektiivi;38
mekanistinen;;adjektiivi;38
mekatroninen;;adjektiivi;38
melankolinen;;adjektiivi;38
melkoinen;;adjektiivi;38
melodinen;;adjektiivi;38
melskeinen;;adjektiivi;38
meluinen;;adjektiivi;38
mendelistinen;;adjektiivi;38
‑menekkinen;;adjektiivi;38
menestyksellinen;;adjektiivi;38
menetelmällinen;;adjektiivi;38
meneväinen;;adjektiivi;38
mentaalinen;;adjektiivi;38
merellinen;;adjektiivi;38
meritokraattinen;;adjektiivi;38
merkantiilinen;;adjektiivi;38
merkantilistinen;;adjektiivi;38
merkillinen;;adjektiivi;38
‑merkintäinen;;adjektiivi;38
merkityksellinen;;adjektiivi;38
‑merkityksinen;;adjektiivi;38
merkkinen;;adjektiivi;38
mesotsooinen;;adjektiivi;38
messiaaninen;;adjektiivi;38
messinkinen;;adjektiivi;38
mestarillinen;;adjektiivi;38
metabolinen;;adjektiivi;38
metaforinen;;adjektiivi;38
metallimainen;;adjektiivi;38
metallinen;;adjektiivi;38
metallurginen;;adjektiivi;38
metastaattinen;;adjektiivi;38
meteorologinen;;adjektiivi;38
metinen;;adjektiivi;38
metodinen;;adjektiivi;38
metodistinen;;adjektiivi;38
metodologinen;;adjektiivi;38
metonyyminen;;adjektiivi;38
metrinen;;adjektiivi;38
metrologinen;;adjektiivi;38
metsäinen;;adjektiivi;38
miehinen;;adjektiivi;38
miehuullinen;;adjektiivi;38
mieleinen;;adjektiivi;38
mielenkiintoinen;;adjektiivi;38
mielenosoituksellinen;;adjektiivi;38
mielikuvituksellinen;;adjektiivi;38
mieluinen;;adjektiivi;38
miesmäinen;;adjektiivi;38
‑mietteinen;;adjektiivi;38
miettiväinen;;adjektiivi;38
miiminen;;adjektiivi;38
mikrobinen;;adjektiivi;38
mikroskooppinen;;adjektiivi;38
militaarinen;;adjektiivi;38
militaristinen;;adjektiivi;38
militäärinen;;adjektiivi;38
miljoonainen;;adjektiivi;38
millainen;;adjektiivi;38
millinen;;adjektiivi;38
mimmoinen;;adjektiivi;38
mimoosamainen;;adjektiivi;38
mineraalinen;;adjektiivi;38
mineraloginen;;adjektiivi;38
minimaalinen;;adjektiivi;38
minimalistinen;;adjektiivi;38
minkinlainen;;adjektiivi;38
minkälainen;;adjektiivi;38
minkäänlainen;;adjektiivi;38
minunlaiseni;;adjektiivi;38
misogyyninen;;adjektiivi;38
mitokondriaalinen;;adjektiivi;38
mitoottinen;;adjektiivi;38
mittainen;;adjektiivi;38
‑mittakaavainen;;adjektiivi;38
modaalinen;;adjektiivi;38
modernistinen;;adjektiivi;38
moinen;;adjektiivi;38
mokkainen;;adjektiivi;38
molaarinen;;adjektiivi;38
molekulaarinen;;adjektiivi;38
molekylaarinen;;adjektiivi;38
momentaaninen;;adjektiivi;38
monarkistinen;;adjektiivi;38
monarkkinen;;adjektiivi;38
monenlainen;;adjektiivi;38
monenmoinen;;adjektiivi;38
monetaarinen;;adjektiivi;38
monetaristinen;;adjektiivi;38
mongolidinen;;adjektiivi;38
mongolilainen;;adjektiivi;38
moni-ilmeinen;;adjektiivi;38
monikanavainen;;adjektiivi;38
monikansainen;;adjektiivi;38
monikollinen;;adjektiivi;38
moninainen;;adjektiivi;38
moniportainen;;adjektiivi;38
monisikiöinen;;adjektiivi;38
monistinen;;adjektiivi;38
monitaiteinen;;adjektiivi;38
monitieteinen;;adjektiivi;38
monituinen;;adjektiivi;38
moniuskontoinen;;adjektiivi;38
monofoninen;;adjektiivi;38
monogaaminen;;adjektiivi;38
monogyyninen;;adjektiivi;38
monoliittinen;;adjektiivi;38
monopolistinen;;adjektiivi;38
monoteistinen;;adjektiivi;38
monotoninen;;adjektiivi;38
monumentaalinen;;adjektiivi;38
moottorillinen;;adjektiivi;38
‑moottorinen;;adjektiivi;38
moraalinen;;adjektiivi;38
moralistinen;;adjektiivi;38
morfologinen;;adjektiivi;38
moskainen;;adjektiivi;38
motorinen;;adjektiivi;38
moukkamainen;;adjektiivi;38
muhkurainen;;adjektiivi;38
muinainen;;adjektiivi;38
muinoinen;;adjektiivi;38
‑muistinen;;adjektiivi;38
‑muistoinen;;adjektiivi;38
mukainen;;adjektiivi;38
mukautuvainen;;adjektiivi;38
‑mukulainen;;adjektiivi;38
multainen;;adjektiivi;38
multilateraalinen;;adjektiivi;38
‑munainen;;adjektiivi;38
munuaismainen;;adjektiivi;38
muodollinen;;adjektiivi;38
muotoinen;;adjektiivi;38
muovinen;;adjektiivi;38
murheellinen;;adjektiivi;38
murheinen;;adjektiivi;38
murteellinen;;adjektiivi;38
‑murteinen;;adjektiivi;38
muruinen;;adjektiivi;38
museaalinen;;adjektiivi;38
museologinen;;adjektiivi;38
musiikillinen;;adjektiivi;38
musikaalinen;;adjektiivi;38
mustasukkainen;;adjektiivi;38
mustikkainen;;adjektiivi;38
mutageeninen;;adjektiivi;38
mutainen;;adjektiivi;38
mutkainen;;adjektiivi;38
mutkallinen;;adjektiivi;38
muunlainen;;adjektiivi;38
muuntogeeninen;;adjektiivi;38
muuttuvainen;;adjektiivi;38
myrkyllinen;;adjektiivi;38
myrskyinen;;adjektiivi;38
mysteerinen;;adjektiivi;38
mystinen;;adjektiivi;38
mytologinen;;adjektiivi;38
myytillinen;;adjektiivi;38
myyttinen;;adjektiivi;38
myöhäisglasiaalinen;;adjektiivi;38
myönteinen;;adjektiivi;38
myöntyväinen;;adjektiivi;38
myötäsukainen;;adjektiivi;38
mädännäinen;;adjektiivi;38
mäkinen;;adjektiivi;38
mäntyinen;;adjektiivi;38
märkäinen;;adjektiivi;38
mättäinen;;adjektiivi;38
mätäinen;;adjektiivi;38
määräinen;;adjektiivi;38
määrällinen;;adjektiivi;38
möykkyinen;;adjektiivi;38
‑naamainen;;adjektiivi;38
naarmuinen;;adjektiivi;38
naavainen;;adjektiivi;38
nahkainen;;adjektiivi;38
nailoninen;;adjektiivi;38
naisellinen;;adjektiivi;38
naisinen;;adjektiivi;38
naismainen;;adjektiivi;38
naivistinen;;adjektiivi;38
‑napainen;;adjektiivi;38
napillinen;;adjektiivi;38
‑nappinen;;adjektiivi;38
narkoleptinen;;adjektiivi;38
narkoottinen;;adjektiivi;38
narratiivinen;;adjektiivi;38
narratologinen;;adjektiivi;38
narrimainen;;adjektiivi;38
narsistinen;;adjektiivi;38
nasaalinen;;adjektiivi;38
nationalistinen;;adjektiivi;38
naturalistinen;;adjektiivi;38
naurunalainen;;adjektiivi;38
nautamainen;;adjektiivi;38
nautinnollinen;;adjektiivi;38
negatiivinen;;adjektiivi;38
negridinen;;adjektiivi;38
neitseellinen;;adjektiivi;38
nekroottinen;;adjektiivi;38
nelikanavainen;;adjektiivi;38
nelilappeinen;;adjektiivi;38
neliskanttinen;;adjektiivi;38
neliömäinen;;adjektiivi;38
‑nenäinen;;adjektiivi;38
neoliittinen;;adjektiivi;38
nesteinen;;adjektiivi;38
nestemäinen;;adjektiivi;38
‑neuleinen;;adjektiivi;38
neuralginen;;adjektiivi;38
neurasteeninen;;adjektiivi;38
neurologinen;;adjektiivi;38
neuroottinen;;adjektiivi;38
neuropaattinen;;adjektiivi;38
‑neuvoinen;;adjektiivi;38
‑nidoksinen;;adjektiivi;38
‑nieluinen;;adjektiivi;38
nihilistinen;;adjektiivi;38
niininen;;adjektiivi;38
‑niitinen;;adjektiivi;38
nikkelinen;;adjektiivi;38
niljainen;;adjektiivi;38
‑nilkkainen;;adjektiivi;38
nimellinen;;adjektiivi;38
niminen;;adjektiivi;38
‑niskainen;;adjektiivi;38
‑nivelinen;;adjektiivi;38
nokallinen;;adjektiivi;38
nokinen;;adjektiivi;38
‑nokkainen;;adjektiivi;38
nonfiguratiivinen;;adjektiivi;38
‑nopeuksinen;;adjektiivi;38
normatiivinen;;adjektiivi;38
nostalginen;;adjektiivi;38
‑nousuinen;;adjektiivi;38
nousukasmainen;;adjektiivi;38
novellistinen;;adjektiivi;38
nuhainen;;adjektiivi;38
nuhjuinen;;adjektiivi;38
nuhruinen;;adjektiivi;38
nukallinen;;adjektiivi;38
nukkainen;;adjektiivi;38
nukkemainen;;adjektiivi;38
nulikkamainen;;adjektiivi;38
numeerinen;;adjektiivi;38
numeroinen;;adjektiivi;38
numerollinen;;adjektiivi;38
numismaattinen;;adjektiivi;38
nuolimainen;;adjektiivi;38
nuoskainen;;adjektiivi;38
nuotillinen;;adjektiivi;38
nuppuinen;;adjektiivi;38
nurinkurinen;;adjektiivi;38
nurinpäinen;;adjektiivi;38
‑nurkkainen;;adjektiivi;38
nurkkakuntainen;;adjektiivi;38
nurmikkoinen;;adjektiivi;38
nurminen;;adjektiivi;38
nykyinen;;adjektiivi;38
nykäyksittäinen;;adjektiivi;38
nymfomaaninen;;adjektiivi;38
nystermäinen;;adjektiivi;38
nystyräinen;;adjektiivi;38
näennäinen;;adjektiivi;38
näkemyksellinen;;adjektiivi;38
‑näkemyksinen;;adjektiivi;38
näköinen;;adjektiivi;38
nälkäinen;;adjektiivi;38
näppyinen;;adjektiivi;38
näppyläinen;;adjektiivi;38
näytelmällinen;;adjektiivi;38
näyttämöllinen;;adjektiivi;38
‑näyttöinen;;adjektiivi;38
‑näytöksinen;;adjektiivi;38
nöyhtäinen;;adjektiivi;38
objektiivinen;;adjektiivi;38
obligatorinen;;adjektiivi;38
odontologinen;;adjektiivi;38
offensiivinen;;adjektiivi;38
ohdakkeinen;;adjektiivi;38
oheinen;;adjektiivi;38
ohenteinen;;adjektiivi;38
‑ohimoinen;;adjektiivi;38
‑ohjauksinen;;adjektiivi;38
ohjeellinen;;adjektiivi;38
‑ohjelmainen;;adjektiivi;38
ohjelmallinen;;adjektiivi;38
ohkainen;;adjektiivi;38
ohrainen;;adjektiivi;38
ohuinen;;adjektiivi;38
oidipaalinen;;adjektiivi;38
oikeanlainen;;adjektiivi;38
oikeellinen;;adjektiivi;38
oikeudellinen;;adjektiivi;38
oikoinen;;adjektiivi;38
oikullinen;;adjektiivi;38
oireellinen;;adjektiivi;38
oireinen;;adjektiivi;38
oivallinen;;adjektiivi;38
okainen;;adjektiivi;38
okkulttinen;;adjektiivi;38
oksainen;;adjektiivi;38
‑oktaaninen;;adjektiivi;38
oleellinen;;adjektiivi;38
olemuksellinen;;adjektiivi;38
oligarkkinen;;adjektiivi;38
oligopolistinen;;adjektiivi;38
olkaimellinen;;adjektiivi;38
‑olkaiminen;;adjektiivi;38
olkinen;;adjektiivi;38
oloinen;;adjektiivi;38
olympialainen;;adjektiivi;38
olympolainen;;adjektiivi;38
omaharkintainen;;adjektiivi;38
omahyväinen;;adjektiivi;38
omailmeinen;;adjektiivi;38
omakustanteinen;;adjektiivi;38
omalakinen;;adjektiivi;38
omanlainen;;adjektiivi;38
omavaloinen;;adjektiivi;38
ominainen;;adjektiivi;38
omintakeinen;;adjektiivi;38
‑omisteinen;;adjektiivi;38
omistuksellinen;;adjektiivi;38
omistusliitteellinen;;adjektiivi;38
omistusliitteinen;;adjektiivi;38
omituinen;;adjektiivi;38
‑ompeleinen;;adjektiivi;38
ongelmallinen;;adjektiivi;38
onkogeeninen;;adjektiivi;38
onkologinen;;adjektiivi;38
onnellinen;;adjektiivi;38
‑onninen;;adjektiivi;38
onomatopoeettinen;;adjektiivi;38
onomatopoieettinen;;adjektiivi;38
onteloinen;;adjektiivi;38
ontologinen;;adjektiivi;38
operatiivinen;;adjektiivi;38
operationaalinen;;adjektiivi;38
‑opettajainen;;adjektiivi;38
opettavainen;;adjektiivi;38
opetuksellinen;;adjektiivi;38
opillinen;;adjektiivi;38
oppivainen;;adjektiivi;38
opportunistinen;;adjektiivi;38
optimaalinen;;adjektiivi;38
optimistinen;;adjektiivi;38
optinen;;adjektiivi;38
oraakkelimainen;;adjektiivi;38
oraalinen;;adjektiivi;38
oranssinen;;adjektiivi;38
ordoviikkinen;;adjektiivi;38
orgaaninen;;adjektiivi;38
organisatorinen;;adjektiivi;38
organogeeninen;;adjektiivi;38
orgastinen;;adjektiivi;38
orientaalinen;;adjektiivi;38
originaalinen;;adjektiivi;38
orjallinen;;adjektiivi;38
orjamainen;;adjektiivi;38
orkestraalinen;;adjektiivi;38
ornamentaalinen;;adjektiivi;38
ornitologinen;;adjektiivi;38
ortodoksinen;;adjektiivi;38
ortopedinen;;adjektiivi;38
osallinen;;adjektiivi;38
‑osastoinen;;adjektiivi;38
osittainen;;adjektiivi;38
osmoottinen;;adjektiivi;38
osoitteellinen;;adjektiivi;38
otollinen;;adjektiivi;38
‑otsainen;;adjektiivi;38
‑otteinen;;adjektiivi;38
ovariaalinen;;adjektiivi;38
ovellinen;;adjektiivi;38
‑ovinen;;adjektiivi;38
ovipaarinen;;adjektiivi;38
ovovivipaarinen;;adjektiivi;38
paahteinen;;adjektiivi;38
paakkuinen;;adjektiivi;38
paatoksellinen;;adjektiivi;38
paavillinen;;adjektiivi;38
pahainen;;adjektiivi;38
pahankurinen;;adjektiivi;38
pahanlainen;;adjektiivi;38
paheellinen;;adjektiivi;38
pahkainen;;adjektiivi;38
pahkurainen;;adjektiivi;38
pahuksenmoinen;;adjektiivi;38
pahvinen;;adjektiivi;38
paikoittainen;;adjektiivi;38
painajaismainen;;adjektiivi;38
paineellinen;;adjektiivi;38
paineinen;;adjektiivi;38
painoinen;;adjektiivi;38
painollinen;;adjektiivi;38
‑painotteinen;;adjektiivi;38
paisteinen;;adjektiivi;38
‑paitainen;;adjektiivi;38
pakanallinen;;adjektiivi;38
‑pakoinen;;adjektiivi;38
pakokauhuinen;;adjektiivi;38
pakollinen;;adjektiivi;38
paksuinen;;adjektiivi;38
paleontologinen;;adjektiivi;38
paleotsooinen;;adjektiivi;38
palkallinen;;adjektiivi;38
‑palkkainen;;adjektiivi;38
palliatiivinen;;adjektiivi;38
‑palmikkoinen;;adjektiivi;38
‑palstainen;;adjektiivi;38
pandeeminen;;adjektiivi;38
panslavistinen;;adjektiivi;38
panteistinen;;adjektiivi;38
paperinen;;adjektiivi;38
papillinen;;adjektiivi;38
parabolinen;;adjektiivi;38
paradoksaalinen;;adjektiivi;38
paradoksinen;;adjektiivi;38
parahultainen;;adjektiivi;38
paralleelinen;;adjektiivi;38
paranoidinen;;adjektiivi;38
paranooinen;;adjektiivi;38
parataktinen;;adjektiivi;38
pareittainen;;adjektiivi;38
parilehdykkäinen;;adjektiivi;38
parillinen;;adjektiivi;38
‑parinen;;adjektiivi;38
parittainen;;adjektiivi;38
parlamentaarinen;;adjektiivi;38
parlamentaristinen;;adjektiivi;38
parodinen;;adjektiivi;38
partainen;;adjektiivi;38
partasuinen;;adjektiivi;38
partenogeneettinen;;adjektiivi;38
partiaalinen;;adjektiivi;38
parvellinen;;adjektiivi;38
pasifistinen;;adjektiivi;38
paskainen;;adjektiivi;38
paskamainen;;adjektiivi;38
passiivinen;;adjektiivi;38
pastoraalinen;;adjektiivi;38
pateettinen;;adjektiivi;38
patogeeninen;;adjektiivi;38
patologinen;;adjektiivi;38
patriarkaalinen;;adjektiivi;38
patriarkallinen;;adjektiivi;38
patrioottinen;;adjektiivi;38
pedagoginen;;adjektiivi;38
pedanttinen;;adjektiivi;38
pederastinen;;adjektiivi;38
pedofiilinen;;adjektiivi;38
peevelinmoinen;;adjektiivi;38
peijakkaanmoinen;;adjektiivi;38
peitteinen;;adjektiivi;38
pejoratiivinen;;adjektiivi;38
pelkurimainen;;adjektiivi;38
pelkääväinen;;adjektiivi;38
pellavainen;;adjektiivi;38
peltinen;;adjektiivi;38
‑peltoinen;;adjektiivi;38
pengermäinen;;adjektiivi;38
penikkamainen;;adjektiivi;38
penkereinen;;adjektiivi;38
pensaikkoinen;;adjektiivi;38
pensainen;;adjektiivi;38
pensasmainen;;adjektiivi;38
pensastoinen;;adjektiivi;38
pentumainen;;adjektiivi;38
perfektionistinen;;adjektiivi;38
perhananmoinen;;adjektiivi;38
perheellinen;;adjektiivi;38
‑perheinen;;adjektiivi;38
perhomainen;;adjektiivi;38
‑periaatteinen;;adjektiivi;38
perifeerinen;;adjektiivi;38
perimmäinen;;adjektiivi;38
perinataalinen;;adjektiivi;38
perinjuurinen;;adjektiivi;38
perinnäinen;;adjektiivi;38
perinnöllinen;;adjektiivi;38
perinteellinen;;adjektiivi;38
periodinen;;adjektiivi;38
peristalttinen;;adjektiivi;38
perjantainen;;adjektiivi;38
perkeleellinen;;adjektiivi;38
perkeleenmoinen;;adjektiivi;38
permiläinen;;adjektiivi;38
pernisioosinen;;adjektiivi;38
persaukinen;;adjektiivi;38
‑persoonainen;;adjektiivi;38
persoonallinen;;adjektiivi;38
perspektiivinen;;adjektiivi;38
‑perustainen;;adjektiivi;38
perusteellinen;;adjektiivi;38
‑perusteinen;;adjektiivi;38
‑peräinen;;adjektiivi;38
peräkkäinen;;adjektiivi;38
perällinen;;adjektiivi;38
perämiehellinen;;adjektiivi;38
perättäinen;;adjektiivi;38
pessimistinen;;adjektiivi;38
petoksellinen;;adjektiivi;38
petollinen;;adjektiivi;38
petomainen;;adjektiivi;38
petrologinen;;adjektiivi;38
pianistinen;;adjektiivi;38
pidättyväinen;;adjektiivi;38
pieteettinen;;adjektiivi;38
pietistinen;;adjektiivi;38
‑pigmenttinen;;adjektiivi;38
pihkainen;;adjektiivi;38
pihtimäinen;;adjektiivi;38
piikkinen;;adjektiivi;38
piimäinen;;adjektiivi;38
piinallinen;;adjektiivi;38
‑piippuinen;;adjektiivi;38
‑piirteinen;;adjektiivi;38
piirustuksellinen;;adjektiivi;38
pikainen;;adjektiivi;38
pikinen;;adjektiivi;38
pikkainen;;adjektiivi;38
pikkanen;;adjektiivi;38
pikkarainen;;adjektiivi;38
pikkiriikkinen;;adjektiivi;38
pikkumainen;;adjektiivi;38
pikkuriikkinen;;adjektiivi;38
pikkuruikkuinen;;adjektiivi;38
pikkuruinen;;adjektiivi;38
pilallinen;;adjektiivi;38
pilkallinen;;adjektiivi;38
pilkkuinen;;adjektiivi;38
pilkullinen;;adjektiivi;38
‑pilttuinen;;adjektiivi;38
pilvinen;;adjektiivi;38
pinnallinen;;adjektiivi;38
‑pinnoitteinen;;adjektiivi;38
‑pintainen;;adjektiivi;38
pippurinen;;adjektiivi;38
pirstaleinen;;adjektiivi;38
pirullinen;;adjektiivi;38
pirunmoinen;;adjektiivi;38
pisamainen;;adjektiivi;38
piskuinen;;adjektiivi;38
pisteellinen;;adjektiivi;38
pistemäinen;;adjektiivi;38
pitaalinen;;adjektiivi;38
pitalinen;;adjektiivi;38
pitkittäinen;;adjektiivi;38
pitkulainen;;adjektiivi;38
pitkälettinen;;adjektiivi;38
pitkällinen;;adjektiivi;38
pitkäpinnainen;;adjektiivi;38
pitkäveteinen;;adjektiivi;38
‑pitoinen;;adjektiivi;38
pitsinen;;adjektiivi;38
pituinen;;adjektiivi;38
planetaarinen;;adjektiivi;38
plastinen;;adjektiivi;38
platonilainen;;adjektiivi;38
platoninen;;adjektiivi;38
pleonastinen;;adjektiivi;38
pluralistinen;;adjektiivi;38
pneumaattinen;;adjektiivi;38
poeettinen;;adjektiivi;38
‑pohjainen;;adjektiivi;38
pohjimmainen;;adjektiivi;38
‑pohkeinen;;adjektiivi;38
poikamainen;;adjektiivi;38
poikittainen;;adjektiivi;38
poikkeuksellinen;;adjektiivi;38
poikkinainen;;adjektiivi;38
poikkitelainen;;adjektiivi;38
poimuinen;;adjektiivi;38
poimullinen;;adjektiivi;38
pointillistinen;;adjektiivi;38
poistogeeninen;;adjektiivi;38
polaarinen;;adjektiivi;38
polanteinen;;adjektiivi;38
poleeminen;;adjektiivi;38
poliittinen;;adjektiivi;38
polikliininen;;adjektiivi;38
poljennollinen;;adjektiivi;38
‑polvinen;;adjektiivi;38
polyamorinen;;adjektiivi;38
polyfoninen;;adjektiivi;38
polygaaminen;;adjektiivi;38
polymorfinen;;adjektiivi;38
polyteistinen;;adjektiivi;38
populistinen;;adjektiivi;38
poreinen;;adjektiivi;38
porfyyrinen;;adjektiivi;38
pornografinen;;adjektiivi;38
poroinen;;adjektiivi;38
porrasteinen;;adjektiivi;38
porsasmainen;;adjektiivi;38
‑portainen;;adjektiivi;38
portaittainen;;adjektiivi;38
porvarillinen;;adjektiivi;38
positiivinen;;adjektiivi;38
positivistinen;;adjektiivi;38
‑poskinen;;adjektiivi;38
posliininen;;adjektiivi;38
possessiivinen;;adjektiivi;38
potentiaalinen;;adjektiivi;38
‑potkuinen;;adjektiivi;38
‑potkurinen;;adjektiivi;38
pottumainen;;adjektiivi;38
poutainen;;adjektiivi;38
‑povinen;;adjektiivi;38
pragmaattinen;;adjektiivi;38
praktinen;;adjektiivi;38
prekambrinen;;adjektiivi;38
prenataalinen;;adjektiivi;38
presbyteerinen;;adjektiivi;38
preventiivinen;;adjektiivi;38
primaarinen;;adjektiivi;38
primitiivinen;;adjektiivi;38
primäärinen;;adjektiivi;38
problemaattinen;;adjektiivi;38
produktiivinen;;adjektiivi;38
profeetallinen;;adjektiivi;38
professionaalinen;;adjektiivi;38
profylaktinen;;adjektiivi;38
prognostinen;;adjektiivi;38
progressiivinen;;adjektiivi;38
projektiivinen;;adjektiivi;38
proletaarinen;;adjektiivi;38
pronominaalinen;;adjektiivi;38
pronssinen;;adjektiivi;38
proosallinen;;adjektiivi;38
propagandistinen;;adjektiivi;38
proportionaalinen;;adjektiivi;38
prosenttinen;;adjektiivi;38
prosentuaalinen;;adjektiivi;38
protektionistinen;;adjektiivi;38
protestanttinen;;adjektiivi;38
provinsiaalinen;;adjektiivi;38
provisorinen;;adjektiivi;38
provokatiivinen;;adjektiivi;38
provokatorinen;;adjektiivi;38
psykedeelinen;;adjektiivi;38
psykiatrinen;;adjektiivi;38
psykogeeninen;;adjektiivi;38
psykologinen;;adjektiivi;38
psykometrinen;;adjektiivi;38
psykoottinen;;adjektiivi;38
psykopaattinen;;adjektiivi;38
psykosomaattinen;;adjektiivi;38
psyykkinen;;adjektiivi;38
ptolemaiolainen;;adjektiivi;38
‑puheinen;;adjektiivi;38
puhkinainen;;adjektiivi;38
puhtoinen;;adjektiivi;38
puinen;;adjektiivi;38
puistikkoinen;;adjektiivi;38
‑puitteinen;;adjektiivi;38
‑pukuinen;;adjektiivi;38
pulmallinen;;adjektiivi;38
pumpulinen;;adjektiivi;38
punahehkuinen;;adjektiivi;38
punahelttainen;;adjektiivi;38
punavaloinen;;adjektiivi;38
‑punontainen;;adjektiivi;38
‑puolainen;;adjektiivi;38
puoleinen;;adjektiivi;38
puolimmainen;;adjektiivi;38
puolinainen;;adjektiivi;38
puolipukeinen;;adjektiivi;38
puolisatainen;;adjektiivi;38
puolittainen;;adjektiivi;38
puolituumainen;;adjektiivi;38
puolueellinen;;adjektiivi;38
‑puolueinen;;adjektiivi;38
puolustuksellinen;;adjektiivi;38
puristeinen;;adjektiivi;38
puristinen;;adjektiivi;38
puritaaninen;;adjektiivi;38
‑purjeinen;;adjektiivi;38
purjekankainen;;adjektiivi;38
purppurainen;;adjektiivi;38
‑puseroinen;;adjektiivi;38
putkimainen;;adjektiivi;38
‑putkinen;;adjektiivi;38
puuroinen;;adjektiivi;38
puuromainen;;adjektiivi;38
puuskainen;;adjektiivi;38
puuskittainen;;adjektiivi;38
puustoinen;;adjektiivi;38
puutteellinen;;adjektiivi;38
puuvillainen;;adjektiivi;38
pyhäinen;;adjektiivi;38
pyhällinen;;adjektiivi;38
pykninen;;adjektiivi;38
pykäläinen;;adjektiivi;38
‑pylväinen;;adjektiivi;38
‑pyrstöinen;;adjektiivi;38
pyrstöllinen;;adjektiivi;38
pyryinen;;adjektiivi;38
pysyväinen;;adjektiivi;38
‑pyttyinen;;adjektiivi;38
pyttymäinen;;adjektiivi;38
pyyteellinen;;adjektiivi;38
pyällinen;;adjektiivi;38
pyökkinen;;adjektiivi;38
pyörteinen;;adjektiivi;38
‑pyöräinen;;adjektiivi;38
pyörällinen;;adjektiivi;38
pähkinäinen;;adjektiivi;38
‑päinen;;adjektiivi;38
päittäinen;;adjektiivi;38
päivittäinen;;adjektiivi;38
‑päiväinen;;adjektiivi;38
pätevyinen;;adjektiivi;38
päällekkäinen;;adjektiivi;38
päällettäinen;;adjektiivi;38
päällimmäinen;;adjektiivi;38
‑päällyksinen;;adjektiivi;38
‑päällysteinen;;adjektiivi;38
pääpiirteittäinen;;adjektiivi;38
‑päärmeinen;;adjektiivi;38
‑pääsyinen;;adjektiivi;38
päätteellinen;;adjektiivi;38
‑päätteinen;;adjektiivi;38
päättäväinen;;adjektiivi;38
päätäpahkainen;;adjektiivi;38
pöhnäinen;;adjektiivi;38
pöhöinen;;adjektiivi;38
‑pöksyinen;;adjektiivi;38
pölyinen;;adjektiivi;38
‑pölytteinen;;adjektiivi;38
pöpperöinen;;adjektiivi;38
pörhöinen;;adjektiivi;38
pörröinen;;adjektiivi;38
raadollinen;;adjektiivi;38
‑raajainen;;adjektiivi;38
raajarikkoinen;;adjektiivi;38
raakalaismainen;;adjektiivi;38
raakilemainen;;adjektiivi;38
raamatullinen;;adjektiivi;38
rabulistinen;;adjektiivi;38
radiaalinen;;adjektiivi;38
radikaalinen;;adjektiivi;38
rahallinen;;adjektiivi;38
‑rahoitteinen;;adjektiivi;38
raidallinen;;adjektiivi;38
raihnainen;;adjektiivi;38
railoinen;;adjektiivi;38
raitainen;;adjektiivi;38
‑raiteinen;;adjektiivi;38
‑rajainen;;adjektiivi;38
rajakkainen;;adjektiivi;38
rajallinen;;adjektiivi;38
rakeinen;;adjektiivi;38
rakenteellinen;;adjektiivi;38
rakenteinen;;adjektiivi;38
rakettimainen;;adjektiivi;38
rakkaudellinen;;adjektiivi;38
rakkoinen;;adjektiivi;38
rakkulainen;;adjektiivi;38
rakkulamainen;;adjektiivi;38
rakoinen;;adjektiivi;38
rannimmainen;;adjektiivi;38
‑rantainen;;adjektiivi;38
rapainen;;adjektiivi;38
rapsodinen;;adjektiivi;38
rasistinen;;adjektiivi;38
rasitteinen;;adjektiivi;38
rasvainen;;adjektiivi;38
‑ratainen;;adjektiivi;38
rationaalinen;;adjektiivi;38
rationalistinen;;adjektiivi;38
rauhainen;;adjektiivi;38
rauhallinen;;adjektiivi;38
raukkamainen;;adjektiivi;38
rautainen;;adjektiivi;38
ravinnollinen;;adjektiivi;38
‑ravinteinen;;adjektiivi;38
‑ravintoinen;;adjektiivi;38
ravitsemuksellinen;;adjektiivi;38
reaalinen;;adjektiivi;38
reaktiivinen;;adjektiivi;38
realistinen;;adjektiivi;38
refleksiivinen;;adjektiivi;38
reflektiivinen;;adjektiivi;38
reflektorinen;;adjektiivi;38
reformatorinen;;adjektiivi;38
reformistinen;;adjektiivi;38
regionaalinen;;adjektiivi;38
regressiivinen;;adjektiivi;38
rehellinen;;adjektiivi;38
reikäinen;;adjektiivi;38
‑reitinen;;adjektiivi;38
reiällinen;;adjektiivi;38
relatiivinen;;adjektiivi;38
relativistinen;;adjektiivi;38
‑renkainen;;adjektiivi;38
repaleinen;;adjektiivi;38
republikaaninen;;adjektiivi;38
reseptorinen;;adjektiivi;38
resessiivinen;;adjektiivi;38
resiprookkinen;;adjektiivi;38
resitatiivinen;;adjektiivi;38
responsiivinen;;adjektiivi;38
resuinen;;adjektiivi;38
retorinen;;adjektiivi;38
retoromaaninen;;adjektiivi;38
retrospektiivinen;;adjektiivi;38
reumaattinen;;adjektiivi;38
‑reunainen;;adjektiivi;38
reunimmainen;;adjektiivi;38
‑reunuksinen;;adjektiivi;38
revansistinen;;adjektiivi;38
revisionistinen;;adjektiivi;38
riekaleinen;;adjektiivi;38
riemuinen;;adjektiivi;38
riemullinen;;adjektiivi;38
rigoristinen;;adjektiivi;38
riimillinen;;adjektiivi;38
riippuvainen;;adjektiivi;38
riistainen;;adjektiivi;38
riitainen;;adjektiivi;38
riitteinen;;adjektiivi;38
riivatunmoinen;;adjektiivi;38
rikasilmeinen;;adjektiivi;38
rikkinäinen;;adjektiivi;38
rikkonainen;;adjektiivi;38
rinnakkainen;;adjektiivi;38
rinnasteinen;;adjektiivi;38
‑rintainen;;adjektiivi;38
‑rinteinen;;adjektiivi;38
ripsinen;1;adjektiivi;38
ripsinen;2;adjektiivi;38
ripulinen;;adjektiivi;38
risainen;;adjektiivi;38
riskinen;;adjektiivi;38
ristikkäinen;;adjektiivi;38
ristikollinen;;adjektiivi;38
ristimäinen;;adjektiivi;38
risukkoinen;;adjektiivi;38
ritarillinen;;adjektiivi;38
rituaalinen;;adjektiivi;38
riuttainen;;adjektiivi;38
‑rivinen;;adjektiivi;38
robottimainen;;adjektiivi;38
rodullinen;;adjektiivi;38
rohtiminen;;adjektiivi;38
roistomainen;;adjektiivi;38
rojalistinen;;adjektiivi;38
rojuinen;;adjektiivi;38
rokkoinen;;adjektiivi;38
romaaninen;;adjektiivi;38
romahdusmainen;;adjektiivi;38
romanttinen;;adjektiivi;38
rombinen;;adjektiivi;38
roskainen;;adjektiivi;38
rosoinen;;adjektiivi;38
rosterinen;;adjektiivi;38
rottamainen;;adjektiivi;38
rottinkinen;;adjektiivi;38
rotuinen;;adjektiivi;38
rouheinen;;adjektiivi;38
routainen;;adjektiivi;38
rouvamainen;;adjektiivi;38
rudimentaarinen;;adjektiivi;38
rukiinen;;adjektiivi;38
runebergiläinen;;adjektiivi;38
‑runkoinen;;adjektiivi;38
runollinen;;adjektiivi;38
runsashappinen;;adjektiivi;38
ruohoinen;;adjektiivi;38
‑ruokainen;;adjektiivi;38
ruokoinen;;adjektiivi;38
ruosteinen;;adjektiivi;38
ruotoinen;;adjektiivi;38
rupinen;;adjektiivi;38
rustiikkinen;;adjektiivi;38
rustoinen;;adjektiivi;38
rutiinimainen;;adjektiivi;38
ruttoinen;;adjektiivi;38
ruttuinen;;adjektiivi;38
ruudullinen;;adjektiivi;38
ruuhkainen;;adjektiivi;38
ruumiillinen;;adjektiivi;38
‑ruumiinen;;adjektiivi;38
ruusuinen;;adjektiivi;38
ruusukkeinen;;adjektiivi;38
ruusumainen;;adjektiivi;38
ruutuinen;;adjektiivi;38
ruuvimainen;;adjektiivi;38
ryhmittäinen;;adjektiivi;38
ryhmyinen;;adjektiivi;38
‑ryhtinen;;adjektiivi;38
ryppyinen;;adjektiivi;38
ryteikköinen;;adjektiivi;38
rytmillinen;;adjektiivi;38
rytminen;;adjektiivi;38
ryysyinen;;adjektiivi;38
ryönäinen;;adjektiivi;38
rähjäinen;;adjektiivi;38
rähmäinen;;adjektiivi;38
räjähdysmäinen;;adjektiivi;38
räkäinen;;adjektiivi;38
rämeinen;;adjektiivi;38
räsyinen;;adjektiivi;38
‑räystäinen;;adjektiivi;38
rääsyinen;;adjektiivi;38
rönsyinen;;adjektiivi;38
röntgenologinen;;adjektiivi;38
röpelöinen;;adjektiivi;38
röyhelöinen;;adjektiivi;38
röyhyinen;;adjektiivi;38
saakelinmoinen;;adjektiivi;38
saamarinmoinen;;adjektiivi;38
saarinen;;adjektiivi;38
saaristoinen;;adjektiivi;38
saastainen;;adjektiivi;38
saasteinen;;adjektiivi;38
saatanallinen;;adjektiivi;38
saatananmoinen;;adjektiivi;38
sadistinen;;adjektiivi;38
sahamainen;;adjektiivi;38
saippuainen;;adjektiivi;38
sairaalloinen;;adjektiivi;38
sakarainen;;adjektiivi;38
sakraalinen;;adjektiivi;38
salainen;;adjektiivi;38
salakähmäinen;;adjektiivi;38
salamyhkäinen;;adjektiivi;38
salavihkainen;;adjektiivi;38
samainen;;adjektiivi;38
samanistinen;;adjektiivi;38
šamanistinen;;adjektiivi;38
samanlainen;;adjektiivi;38
samaperintäinen;;adjektiivi;38
samettinen;;adjektiivi;38
sammaleinen;;adjektiivi;38
sammalinen;;adjektiivi;38
samperinmoinen;;adjektiivi;38
sanainen;;adjektiivi;38
sanallinen;;adjektiivi;38
sanastollinen;;adjektiivi;38
sangallinen;;adjektiivi;38
‑sankainen;;adjektiivi;38
sankarillinen;;adjektiivi;38
sanonnallinen;;adjektiivi;38
saranallinen;;adjektiivi;38
sardoninen;;adjektiivi;38
‑sarjainen;;adjektiivi;38
sarjallinen;;adjektiivi;38
sarjoittainen;;adjektiivi;38
sarkainen;1;adjektiivi;38
sarkainen;2;adjektiivi;38
sarkastinen;;adjektiivi;38
sarvellinen;;adjektiivi;38
‑satainen;;adjektiivi;38
satanistinen;;adjektiivi;38
sateinen;;adjektiivi;38
satiirinen;;adjektiivi;38
satoinen;;adjektiivi;38
satumainen;;adjektiivi;38
satunnainen;;adjektiivi;38
saumallinen;;adjektiivi;38
savinen;;adjektiivi;38
savuinen;;adjektiivi;38
seborrooinen;;adjektiivi;38
sedatiivinen;;adjektiivi;38
seesteinen;;adjektiivi;38
‑seinäinen;;adjektiivi;38
seinäkkäinen;;adjektiivi;38
seisminen;;adjektiivi;38
seismologinen;;adjektiivi;38
seitsemänlainen;;adjektiivi;38
sekainen;;adjektiivi;38
sekalainen;;adjektiivi;38
sekarengasteinen;;adjektiivi;38
sekasortoinen;;adjektiivi;38
‑sekoitteinen;;adjektiivi;38
seksistinen;;adjektiivi;38
seksologinen;;adjektiivi;38
seksuaalinen;;adjektiivi;38
sekulaarinen;;adjektiivi;38
sekularistinen;;adjektiivi;38
sekundaarinen;;adjektiivi;38
sekundäärinen;;adjektiivi;38
‑sekuntinen;;adjektiivi;38
selektiivinen;;adjektiivi;38
‑selitteinen;;adjektiivi;38
‑selkoinen;;adjektiivi;38
‑selkäinen;;adjektiivi;38
selkänojallinen;;adjektiivi;38
sellainen;;adjektiivi;38
sellistinen;;adjektiivi;38
‑selustainen;;adjektiivi;38
selänteinen;;adjektiivi;38
semanttinen;;adjektiivi;38
semioottinen;;adjektiivi;38
semmoinen;;adjektiivi;38
sensaatiomainen;;adjektiivi;38
sensitiivinen;;adjektiivi;38
sensorinen;;adjektiivi;38
sensuaalinen;;adjektiivi;38
sentimentaalinen;;adjektiivi;38
‑seosteinen;;adjektiivi;38
separatistinen;;adjektiivi;38
sepitteellinen;;adjektiivi;38
sepitteinen;;adjektiivi;38
septinen;;adjektiivi;38
seremoniaalinen;;adjektiivi;38
seremoniallinen;;adjektiivi;38
serologinen;;adjektiivi;38
setämäinen;;adjektiivi;38
seudullinen;;adjektiivi;38
seuraavanlainen;;adjektiivi;38
seurallinen;;adjektiivi;38
‑sidoksinen;;adjektiivi;38
sidonnainen;;adjektiivi;38
‑sieluinen;;adjektiivi;38
sielullinen;;adjektiivi;38
siemenellinen;;adjektiivi;38
sienimäinen;;adjektiivi;38
‑sieraiminen;;adjektiivi;38
‑sietoinen;;adjektiivi;38
sievoinen;;adjektiivi;38
siihenastinen;;adjektiivi;38
siintoinen;;adjektiivi;38
siipirikkoinen;;adjektiivi;38
siirappinen;;adjektiivi;38
siirtogeeninen;;adjektiivi;38
‑siirtoinen;;adjektiivi;38
‑siittoinen;;adjektiivi;38
siivellinen;;adjektiivi;38
‑sijoitteinen;;adjektiivi;38
sikamainen;;adjektiivi;38
‑silavainen;;adjektiivi;38
silkkinen;;adjektiivi;38
silkoinen;;adjektiivi;38
silloinen;;adjektiivi;38
‑silmukkainen;;adjektiivi;38
‑silmäinen;;adjektiivi;38
silmänräpäyksellinen;;adjektiivi;38
siloinen;;adjektiivi;38
siluurinen;;adjektiivi;38
simultaaninen;;adjektiivi;38
sinfoninen;;adjektiivi;38
sininen;;adjektiivi;38
sinkkinen;;adjektiivi;38
sinunlaisesi;;adjektiivi;38
sionistinen;;adjektiivi;38
sirpaleinen;;adjektiivi;38
sisarellinen;;adjektiivi;38
sisimmäinen;;adjektiivi;38
‑sisuinen;;adjektiivi;38
‑sisustainen;;adjektiivi;38
‑sisusteinen;;adjektiivi;38
sisustuksellinen;;adjektiivi;38
sisäeritteinen;;adjektiivi;38
sisäinen;;adjektiivi;38
sisäkkäinen;;adjektiivi;38
sisällyksellinen;;adjektiivi;38
sisällyksinen;;adjektiivi;38
sisällöllinen;;adjektiivi;38
sisältöinen;;adjektiivi;38
sisättäinen;;adjektiivi;38
‑siteinen;;adjektiivi;38
siunauksellinen;;adjektiivi;38
siveellinen;;adjektiivi;38
‑sivelteinen;;adjektiivi;38
sivistyksellinen;;adjektiivi;38
‑sivuinen;;adjektiivi;38
sivuittainen;;adjektiivi;38
sivuttainen;;adjektiivi;38
sivuvaunullinen;;adjektiivi;38
skandaalimainen;;adjektiivi;38
skandinaavinen;;adjektiivi;38
skemaattinen;;adjektiivi;38
skeptinen;;adjektiivi;38
skitsofreeninen;;adjektiivi;38
skolastinen;;adjektiivi;38
skottilainen;;adjektiivi;38
snobistinen;;adjektiivi;38
sofistinen;;adjektiivi;38
sohjoinen;;adjektiivi;38
soinen;;adjektiivi;38
soinnillinen;;adjektiivi;38
soinnullinen;;adjektiivi;38
sointinen;;adjektiivi;38
sointuinen;;adjektiivi;38
soitannollinen;;adjektiivi;38
soittimellinen;;adjektiivi;38
sokerinen;;adjektiivi;38
sokkeloinen;;adjektiivi;38
solaarinen;;adjektiivi;38
solidaarinen;;adjektiivi;38
solistinen;;adjektiivi;38
‑solkinen;;adjektiivi;38
solmuinen;;adjektiivi;38
‑soluinen;;adjektiivi;38
somaattinen;;adjektiivi;38
‑somisteinen;;adjektiivi;38
sonorinen;;adjektiivi;38
sontainen;;adjektiivi;38
sopeutuvainen;;adjektiivi;38
sopimuksellinen;;adjektiivi;38
‑soppinen;;adjektiivi;38
sorainen;;adjektiivi;38
sormellinen;;adjektiivi;38
sormijatkoinen;;adjektiivi;38
sormilehdykkäinen;;adjektiivi;38
‑sorminen;;adjektiivi;38
sorttinen;;adjektiivi;38
sosiaalinen;;adjektiivi;38
sosialistinen;;adjektiivi;38
sosiologinen;;adjektiivi;38
sotainen;;adjektiivi;38
sotilaallinen;;adjektiivi;38
sotkuinen;;adjektiivi;38
sottainen;;adjektiivi;38
‑soutuinen;;adjektiivi;38
sovinistinen;;adjektiivi;38
sovinnainen;;adjektiivi;38
sovinnollinen;;adjektiivi;38
‑sovitteinen;;adjektiivi;38
spastinen;;adjektiivi;38
spatiaalinen;;adjektiivi;38
spekulatiivinen;;adjektiivi;38
spesiaalinen;;adjektiivi;38
spesifinen;;adjektiivi;38
spinaalinen;;adjektiivi;38
spiritistinen;;adjektiivi;38
spirituaalinen;;adjektiivi;38
spiritualistinen;;adjektiivi;38
sporadinen;;adjektiivi;38
sporttinen;;adjektiivi;38
staattinen;;adjektiivi;38
stalinistinen;;adjektiivi;38
statistinen;;adjektiivi;38
stereofoninen;;adjektiivi;38
stereoskooppinen;;adjektiivi;38
stereotyyppinen;;adjektiivi;38
stilistinen;;adjektiivi;38
strateginen;;adjektiivi;38
strukturaalinen;;adjektiivi;38
strukturalistinen;;adjektiivi;38
subarktinen;;adjektiivi;38
subjektiivinen;;adjektiivi;38
subjektivistinen;;adjektiivi;38
substantiivinen;;adjektiivi;38
subtrooppinen;;adjektiivi;38
suggestiivinen;;adjektiivi;38
suggestopedinen;;adjektiivi;38
‑suhtainen;;adjektiivi;38
suhteellinen;;adjektiivi;38
‑suhteinen;;adjektiivi;38
suisidaalinen;;adjektiivi;38
‑sukainen;;adjektiivi;38
suklaakuorrutteinen;;adjektiivi;38
suklainen;;adjektiivi;38
sukuinen;;adjektiivi;38
sukurutsainen;;adjektiivi;38
‑sulatteinen;;adjektiivi;38
‑sulkainen;;adjektiivi;38
suloinen;;adjektiivi;38
summaarinen;;adjektiivi;38
‑summainen;;adjektiivi;38
summatiivinen;;adjektiivi;38
summittainen;;adjektiivi;38
sumuinen;;adjektiivi;38
sumumainen;;adjektiivi;38
sunnuntainen;;adjektiivi;38
suojainen;1;adjektiivi;38
suojainen;2;adjektiivi;38
suomuinen;;adjektiivi;38
suoninen;;adjektiivi;38
suoranainen;;adjektiivi;38
suosiollinen;;adjektiivi;38
suostuvainen;;adjektiivi;38
suotuinen;;adjektiivi;38
superlatiivinen;;adjektiivi;38
supersooninen;;adjektiivi;38
supportiivinen;;adjektiivi;38
surrealistinen;;adjektiivi;38
suruinen;;adjektiivi;38
surullinen;;adjektiivi;38
suttuinen;;adjektiivi;38
suufilainen;;adjektiivi;38
suunnitelmallinen;;adjektiivi;38
suuntainen;;adjektiivi;38
suurellinen;;adjektiivi;38
suurenmoinen;;adjektiivi;38
suurimolekyylinen;;adjektiivi;38
suuruinen;;adjektiivi;38
suvaitsevainen;;adjektiivi;38
suvantoinen;;adjektiivi;38
suvereeninen;;adjektiivi;38
suvinen;;adjektiivi;38
suvullinen;;adjektiivi;38
sydämellinen;;adjektiivi;38
‑sydäminen;;adjektiivi;38
syheröinen;;adjektiivi;38
syinen;;adjektiivi;38
‑sykkeinen;;adjektiivi;38
syklinen;;adjektiivi;38
syksyinen;;adjektiivi;38
syksyllinen;;adjektiivi;38
‑sylinterinen;;adjektiivi;38
syllogistinen;;adjektiivi;38
syltäinen;;adjektiivi;38
symbioottinen;;adjektiivi;38
symbolinen;;adjektiivi;38
symmetrinen;;adjektiivi;38
sympaattinen;;adjektiivi;38
symptomaattinen;;adjektiivi;38
syndikalistinen;;adjektiivi;38
synergeettinen;;adjektiivi;38
synerginen;;adjektiivi;38
synergistinen;;adjektiivi;38
synesteettinen;;adjektiivi;38
synkretistinen;;adjektiivi;38
synkroninen;;adjektiivi;38
synnillinen;;adjektiivi;38
synnynnäinen;;adjektiivi;38
synonyyminen;;adjektiivi;38
syntaktinen;;adjektiivi;38
synteettinen;;adjektiivi;38
‑syntyinen;;adjektiivi;38
syrjäinen;;adjektiivi;38
systeeminen;;adjektiivi;38
systemaattinen;;adjektiivi;38
systolinen;;adjektiivi;38
sysäyksittäinen;;adjektiivi;38
‑sytytteinen;;adjektiivi;38
‑sytytyksinen;;adjektiivi;38
syvyinen;;adjektiivi;38
syvällinen;;adjektiivi;38
syyhyinen;;adjektiivi;38
syyntakeinen;;adjektiivi;38
syöpäinen;;adjektiivi;38
‑syöttöinen;;adjektiivi;38
‑säesteinen;;adjektiivi;38
‑säestyksinen;;adjektiivi;38
sähköinen;;adjektiivi;38
säikeinen;;adjektiivi;38
‑säkeinen;;adjektiivi;38
‑säkeistöinen;;adjektiivi;38
säkkimäinen;;adjektiivi;38
sälöinen;;adjektiivi;38
säntillinen;;adjektiivi;38
‑särmäinen;;adjektiivi;38
säröinen;;adjektiivi;38
‑säteinen;;adjektiivi;38
säteittäinen;;adjektiivi;38
sävyinen;;adjektiivi;38
‑sävytteinen;;adjektiivi;38
säädyllinen;;adjektiivi;38
säädännäinen;;adjektiivi;38
sääliväinen;;adjektiivi;38
säällinen;;adjektiivi;38
säännöllinen;;adjektiivi;38
säästäväinen;;adjektiivi;38
‑sääteinen;;adjektiivi;38
‑säätyinen;;adjektiivi;38
‑säätöinen;;adjektiivi;38
taaimmainen;;adjektiivi;38
taajuinen;;adjektiivi;38
taannoinen;;adjektiivi;38
taantumuksellinen;;adjektiivi;38
tahallinen;;adjektiivi;38
‑tahkoinen;;adjektiivi;38
tahmainen;;adjektiivi;38
‑tahoinen;;adjektiivi;38
tahrainen;;adjektiivi;38
‑tahtinen;;adjektiivi;38
‑tahtoinen;;adjektiivi;38
taidollinen;;adjektiivi;38
taikinainen;;adjektiivi;38
taikinamainen;;adjektiivi;38
taimmainen;;adjektiivi;38
‑taipeinen;;adjektiivi;38
taipuvainen;;adjektiivi;38
taiteellinen;;adjektiivi;38
taitoinen;;adjektiivi;38
taitteinen;;adjektiivi;38
‑taittoinen;;adjektiivi;38
taiturillinen;;adjektiivi;38
taiturimainen;;adjektiivi;38
taivaallinen;;adjektiivi;38
tajuinen;;adjektiivi;38
takainen;;adjektiivi;38
takakenoinen;;adjektiivi;38
takapajuinen;;adjektiivi;38
takaperoinen;;adjektiivi;38
takimmainen;;adjektiivi;38
‑takkinen;;adjektiivi;38
takkuinen;;adjektiivi;38
taksonominen;;adjektiivi;38
taktiilinen;;adjektiivi;38
taktinen;;adjektiivi;38
talonpoikainen;;adjektiivi;38
taloudellinen;;adjektiivi;38
talvellinen;;adjektiivi;38
talvinen;;adjektiivi;38
tamminen;;adjektiivi;38
tangentiaalinen;;adjektiivi;38
tanssillinen;;adjektiivi;38
tanttamainen;;adjektiivi;38
‑tapahtumainen;;adjektiivi;38
tapaturmainen;;adjektiivi;38
‑tapauksinen;;adjektiivi;38
tapauksittainen;;adjektiivi;38
tappiollinen;;adjektiivi;38
tarkkaavainen;;adjektiivi;38
tarkoituksellinen;;adjektiivi;38
‑tarmoinen;;adjektiivi;38
tarpeellinen;;adjektiivi;38
‑tarpeinen;;adjektiivi;38
tarumainen;;adjektiivi;38
tarveharkintainen;;adjektiivi;38
tasainen;;adjektiivi;38
tasajatkuinen;;adjektiivi;38
tasalakinen;;adjektiivi;38
tasalevyinen;;adjektiivi;38
tasavaltainen;;adjektiivi;38
tasoinen;;adjektiivi;38
tataarilainen;;adjektiivi;38
tautofoninen;;adjektiivi;38
tautologinen;;adjektiivi;38
tavallinen;;adjektiivi;38
tavoitteellinen;;adjektiivi;38
tavoitteinen;;adjektiivi;38
‑tavuinen;;adjektiivi;38
teatraalinen;;adjektiivi;38
teemallinen;;adjektiivi;38
teennäinen;;adjektiivi;38
tehdasmainen;;adjektiivi;38
tehoinen;;adjektiivi;38
tehollinen;;adjektiivi;38
tehosteinen;;adjektiivi;38
‑teinen;;adjektiivi;38
teistinen;;adjektiivi;38
‑tekijäinen;;adjektiivi;38
teknillinen;;adjektiivi;38
tekninen;;adjektiivi;38
teknokraattinen;;adjektiivi;38
teknologinen;;adjektiivi;38
‑tekoinen;;adjektiivi;38
‑tekstinen;;adjektiivi;38
tektoninen;;adjektiivi;38
telemaattinen;;adjektiivi;38
teleologinen;;adjektiivi;38
telepaattinen;;adjektiivi;38
teleskooppinen;;adjektiivi;38
telluurinen;;adjektiivi;38
temaattinen;;adjektiivi;38
temperamenttinen;;adjektiivi;38
‑tempoinen;;adjektiivi;38
temporaalinen;;adjektiivi;38
temporaarinen;;adjektiivi;38
teokraattinen;;adjektiivi;38
teollinen;;adjektiivi;38
teologinen;;adjektiivi;38
teoreettinen;;adjektiivi;38
teosofinen;;adjektiivi;38
terapeuttinen;;adjektiivi;38
teratogeeninen;;adjektiivi;38
‑teriöinen;;adjektiivi;38
terminen;;adjektiivi;38
terminologinen;;adjektiivi;38
termonukleaarinen;;adjektiivi;38
territoriaalinen;;adjektiivi;38
terroristinen;;adjektiivi;38
tertiaarinen;;adjektiivi;38
tertiäärinen;;adjektiivi;38
tervainen;;adjektiivi;38
tervaksinen;;adjektiivi;38
terveellinen;;adjektiivi;38
terveydellinen;;adjektiivi;38
‑teräinen;;adjektiivi;38
teräksinen;;adjektiivi;38
tiedollinen;;adjektiivi;38
tiehyellinen;;adjektiivi;38
tieteellinen;;adjektiivi;38
‑tieteinen;;adjektiivi;38
tietoinen;;adjektiivi;38
tietynlainen;;adjektiivi;38
tihkuinen;;adjektiivi;38
tihruinen;;adjektiivi;38
tiikkinen;;adjektiivi;38
tiilinen;;adjektiivi;38
tiimalasimainen;;adjektiivi;38
tiistainen;;adjektiivi;38
‑tiivisteinen;;adjektiivi;38
tikkuinen;;adjektiivi;38
tilapäinen;;adjektiivi;38
tilastollinen;;adjektiivi;38
tilavuinen;;adjektiivi;38
tilinpidollinen;;adjektiivi;38
timanttinen;;adjektiivi;38
tinainen;;adjektiivi;38
titaaninen;;adjektiivi;38
tiukkailmeinen;;adjektiivi;38
tiukkapipoinen;;adjektiivi;38
todellinen;;adjektiivi;38
todisteellinen;;adjektiivi;38
‑toiminen;;adjektiivi;38
toiminnallinen;;adjektiivi;38
‑toimintainen;;adjektiivi;38
toisenlainen;;adjektiivi;38
toisenmoinen;;adjektiivi;38
toistainen;;adjektiivi;38
toisteinen;;adjektiivi;38
tokkurainen;;adjektiivi;38
toksinen;;adjektiivi;38
tolkullinen;;adjektiivi;38
tommoinen;;adjektiivi;38
tomuinen;;adjektiivi;38
tonaalinen;;adjektiivi;38
topeliaaninen;;adjektiivi;38
topografinen;;adjektiivi;38
torainen;;adjektiivi;38
‑torninen;;adjektiivi;38
torstainen;;adjektiivi;38
tosikkomainen;;adjektiivi;38
totaalinen;;adjektiivi;38
totalitaarinen;;adjektiivi;38
totalitaristinen;;adjektiivi;38
totemistinen;;adjektiivi;38
totinen;;adjektiivi;38
tottelevainen;;adjektiivi;38
totunnainen;;adjektiivi;38
totuudellinen;;adjektiivi;38
toukkainen;;adjektiivi;38
toverillinen;;adjektiivi;38
traaginen;;adjektiivi;38
traditionaalinen;;adjektiivi;38
transgeeninen;;adjektiivi;38
transitiivinen;;adjektiivi;38
transsendenttinen;;adjektiivi;38
traumaattinen;;adjektiivi;38
trigonometrinen;;adjektiivi;38
trikoinen;;adjektiivi;38
trooppinen;;adjektiivi;38
truistinen;;adjektiivi;38
tsaarillinen;;adjektiivi;38
tsaristinen;;adjektiivi;38
tuberkuloottinen;;adjektiivi;38
tuhantinen;;adjektiivi;38
tuhlaavainen;;adjektiivi;38
tuhruinen;;adjektiivi;38
tukkoinen;;adjektiivi;38
tulehduksellinen;;adjektiivi;38
tulevainen;;adjektiivi;38
tulimmainen;;adjektiivi;38
tulinen;;adjektiivi;38
tulisijallinen;;adjektiivi;38
tulkinnallinen;;adjektiivi;38
‑tulkintainen;;adjektiivi;38
‑tuloinen;;adjektiivi;38
tuloksellinen;;adjektiivi;38
‑tuloksinen;;adjektiivi;38
tulvainen;;adjektiivi;38
‑tumainen;;adjektiivi;38
tumallinen;;adjektiivi;38
tunkkainen;;adjektiivi;38
‑tunnelmainen;;adjektiivi;38
tunnelmallinen;;adjektiivi;38
tunnollinen;;adjektiivi;38
tunnustuksellinen;;adjektiivi;38
tunteellinen;;adjektiivi;38
‑tunteinen;;adjektiivi;38
‑tuntoinen;;adjektiivi;38
tuntuinen;;adjektiivi;38
tuoksuinen;;adjektiivi;38
tuolloinen;;adjektiivi;38
tuommoinen;;adjektiivi;38
tuonnimmainen;;adjektiivi;38
tuotannollinen;;adjektiivi;38
‑tuotantoinen;;adjektiivi;38
tuottamuksellinen;;adjektiivi;38
‑tuottoinen;;adjektiivi;38
tupellinen;;adjektiivi;38
tupsullinen;;adjektiivi;38
turboahtimellinen;;adjektiivi;38
turbulenttinen;;adjektiivi;38
turhamainen;;adjektiivi;38
turkasenmoinen;;adjektiivi;38
‑turkkinen;;adjektiivi;38
turmiollinen;;adjektiivi;38
‑turpainen;;adjektiivi;38
turvallinen;;adjektiivi;38
tuskainen;;adjektiivi;38
tuskallinen;;adjektiivi;38
tutkinnallinen;;adjektiivi;38
tuttavallinen;;adjektiivi;38
tuulikankainen;;adjektiivi;38
tuulinen;;adjektiivi;38
tuumainen;1;adjektiivi;38
‑tuumainen;2;adjektiivi;38
tweedkankainen;;adjektiivi;38
tyhjätaskuinen;;adjektiivi;38
typografinen;;adjektiivi;38
typologinen;;adjektiivi;38
tyrannimainen;;adjektiivi;38
tyrskyinen;;adjektiivi;38
tyttömäinen;;adjektiivi;38
‑tyvinen;;adjektiivi;38
tyylillinen;;adjektiivi;38
tyylinen;;adjektiivi;38
tyypillinen;;adjektiivi;38
tyyppinen;;adjektiivi;38
tyytyväinen;;adjektiivi;38
työnjohdollinen;;adjektiivi;38
työsuojelullinen;;adjektiivi;38
tähdellinen;;adjektiivi;38
tähkäinen;;adjektiivi;38
tähtimäinen;;adjektiivi;38
tähtinen;;adjektiivi;38
tähysteinen;;adjektiivi;38
tähänastinen;;adjektiivi;38
tällöinen;;adjektiivi;38
tämmöinen;;adjektiivi;38
tämänlainen;;adjektiivi;38
tämänmoinen;;adjektiivi;38
tännimmäinen;;adjektiivi;38
tänäinen;;adjektiivi;38
täpläinen;;adjektiivi;38
täsmällinen;;adjektiivi;38
tätimäinen;;adjektiivi;38
täydellinen;;adjektiivi;38
täysinäinen;;adjektiivi;38
täyskanttinen;;adjektiivi;38
täyteinen;;adjektiivi;38
täyteläinen;;adjektiivi;38
täytteellinen;;adjektiivi;38
täytteinen;;adjektiivi;38
töhryinen;;adjektiivi;38
‑töinen;;adjektiivi;38
törkyinen;;adjektiivi;38
töyhdöllinen;;adjektiivi;38
töyssyinen;;adjektiivi;38
ugrilainen;;adjektiivi;38
uhmainen;;adjektiivi;38
uhrautuvainen;;adjektiivi;38
ulkoinen;;adjektiivi;38
ulkomainen;;adjektiivi;38
ulkonainen;;adjektiivi;38
uloimmainen;;adjektiivi;38
ulommainen;;adjektiivi;38
‑ulotteinen;;adjektiivi;38
umpieritteinen;;adjektiivi;38
umpimähkäinen;;adjektiivi;38
umpinainen;;adjektiivi;38
uninen;;adjektiivi;38
universaalinen;;adjektiivi;38
unohtavainen;;adjektiivi;38
untuvainen;;adjektiivi;38
upotteinen;;adjektiivi;38
uralilainen;;adjektiivi;38
urbaaninen;;adjektiivi;38
urheilullinen;;adjektiivi;38
urhoollinen;;adjektiivi;38
urologinen;;adjektiivi;38
usalainen;;adjektiivi;38
useammanlainen;;adjektiivi;38
useanlainen;;adjektiivi;38
uskollinen;;adjektiivi;38
uskomuksellinen;;adjektiivi;38
uskonnollinen;;adjektiivi;38
usvainen;;adjektiivi;38
utilitaristinen;;adjektiivi;38
utooppinen;;adjektiivi;38
utopistinen;;adjektiivi;38
utuinen;;adjektiivi;38
uudenlainen;;adjektiivi;38
uurteellinen;;adjektiivi;38
uurteinen;;adjektiivi;38
uusitestamentillinen;;adjektiivi;38
uutukainen;;adjektiivi;38
vaahtoinen;;adjektiivi;38
vaarainen;;adjektiivi;38
vaarallinen;;adjektiivi;38
vaativainen;;adjektiivi;38
‑vaatteinen;;adjektiivi;38
vaginaalinen;;adjektiivi;38
vahakankainen;;adjektiivi;38
vahingollinen;;adjektiivi;38
‑vahvikkeinen;;adjektiivi;38
‑vahvisteinen;;adjektiivi;38
vahvuinen;;adjektiivi;38
‑vaiheinen;;adjektiivi;38
vaiheittainen;;adjektiivi;38
‑vaihteinen;;adjektiivi;38
vaikeaselkoinen;;adjektiivi;38
‑vaikutteinen;;adjektiivi;38
‑vaikutuksinen;;adjektiivi;38
vaillinainen;;adjektiivi;38
‑vainuinen;;adjektiivi;38
‑vaippainen;;adjektiivi;38
‑vaistoinen;;adjektiivi;38
vaistomainen;;adjektiivi;38
vaitonainen;;adjektiivi;38
vaivalloinen;;adjektiivi;38
vaivihkainen;;adjektiivi;38
vajanainen;;adjektiivi;38
vajauksellinen;;adjektiivi;38
vajavainen;;adjektiivi;38
vakainen;;adjektiivi;38
vakaumuksellinen;;adjektiivi;38
vakavailmeinen;;adjektiivi;38
vakinainen;;adjektiivi;38
vakioinen;;adjektiivi;38
vakiovarusteinen;;adjektiivi;38
vakituinen;;adjektiivi;38
vakuudellinen;;adjektiivi;38
valallinen;;adjektiivi;38
valapattoinen;;adjektiivi;38
valheellinen;;adjektiivi;38
valinnainen;;adjektiivi;38
‑valintainen;;adjektiivi;38
valkohapsinen;;adjektiivi;38
valkohehkuinen;;adjektiivi;38
‑valkuaisinen;;adjektiivi;38
vallonilainen;;adjektiivi;38
‑valmisteinen;;adjektiivi;38
valokuvamainen;;adjektiivi;38
valtainen;;adjektiivi;38
‑valtainen;;adjektiivi;38
valtiollinen;;adjektiivi;38
vanerinen;;adjektiivi;38
vanhatestamentillinen;;adjektiivi;38
vanhoillinen;;adjektiivi;38
varainen;;adjektiivi;38
varauksellinen;;adjektiivi;38
varauksinen;;adjektiivi;38
varhainen;;adjektiivi;38
varjoinen;;adjektiivi;38
varovainen;;adjektiivi;38
‑varpainen;;adjektiivi;38
varrellinen;;adjektiivi;38
varsinainen;;adjektiivi;38
‑varsinen;;adjektiivi;38
‑vartaloinen;;adjektiivi;38
vartavastinen;;adjektiivi;38
‑vartinen;;adjektiivi;38
vasikkamainen;;adjektiivi;38
vasituinen;;adjektiivi;38
vaskinen;;adjektiivi;38
vaskulaarinen;;adjektiivi;38
vasomotorinen;;adjektiivi;38
vastaanottavainen;;adjektiivi;38
vastaavanlainen;;adjektiivi;38
vastahakoinen;;adjektiivi;38
vastahankainen;;adjektiivi;38
vastakkainen;;adjektiivi;38
vastikkeellinen;;adjektiivi;38
‑vastuinen;;adjektiivi;38
vastuksellinen;;adjektiivi;38
‑vastuksinen;;adjektiivi;38
vastuullinen;;adjektiivi;38
‑vatsainen;;adjektiivi;38
vauhdillinen;;adjektiivi;38
‑vauhtinen;;adjektiivi;38
veemäinen;;adjektiivi;38
vegaaninen;;adjektiivi;38
vegetaarinen;;adjektiivi;38
vegetatiivinen;;adjektiivi;38
vehnäinen;;adjektiivi;38
veistoksellinen;;adjektiivi;38
veitikkamainen;;adjektiivi;38
veljellinen;;adjektiivi;38
velkainen;;adjektiivi;38
veneerinen;;adjektiivi;38
venerologinen;;adjektiivi;38
verbaalinen;;adjektiivi;38
verinen;;adjektiivi;38
verkainen;;adjektiivi;38
verkkainen;;adjektiivi;38
‑verkkoinen;;adjektiivi;38
veroinen;;adjektiivi;38
verollinen;;adjektiivi;38
verotuksellinen;;adjektiivi;38
verrannollinen;;adjektiivi;38
vertainen;;adjektiivi;38
vertikaalinen;;adjektiivi;38
vesakkoinen;;adjektiivi;38
vesikauhuinen;;adjektiivi;38
vesikiertoinen;;adjektiivi;38
vesinen;;adjektiivi;38
vesistöinen;;adjektiivi;38
vetinen;;adjektiivi;38
vetoinen;;adjektiivi;38
viallinen;;adjektiivi;38
viereinen;;adjektiivi;38
vierekkäinen;;adjektiivi;38
vietävänmoinen;;adjektiivi;38
vihainen;;adjektiivi;38
viheliäinen;;adjektiivi;38
vihmainen;;adjektiivi;38
viihteellinen;;adjektiivi;38
‑viikkoinen;;adjektiivi;38
viikoittainen;;adjektiivi;38
‑viiksinen;;adjektiivi;38
viimainen;;adjektiivi;38
viinainen;;adjektiivi;38
viiruinen;;adjektiivi;38
viirullinen;;adjektiivi;38
viittauksellinen;;adjektiivi;38
viitteellinen;;adjektiivi;38
‑viivainen;;adjektiivi;38
viivallinen;;adjektiivi;38
viktoriaaninen;;adjektiivi;38
villainen;;adjektiivi;38
villakankainen;;adjektiivi;38
vilpillinen;;adjektiivi;38
vilpoinen;;adjektiivi;38
viluinen;;adjektiivi;38
vimmainen;;adjektiivi;38
vinoittainen;;adjektiivi;38
vinottainen;;adjektiivi;38
virallinen;;adjektiivi;38
‑vireinen;;adjektiivi;38
virheellinen;;adjektiivi;38
‑virheinen;;adjektiivi;38
virikkeellinen;;adjektiivi;38
virikkeinen;;adjektiivi;38
‑viritteinen;;adjektiivi;38
virkamiesmäinen;;adjektiivi;38
virologinen;;adjektiivi;38
virtainen;;adjektiivi;38
virtuaalinen;;adjektiivi;38
virtuoosimainen;;adjektiivi;38
virtuoosinen;;adjektiivi;38
visainen;;adjektiivi;38
visionaarinen;;adjektiivi;38
visionäärinen;;adjektiivi;38
viskoosinen;;adjektiivi;38
visuaalinen;;adjektiivi;38
visvainen;;adjektiivi;38
vitaalinen;;adjektiivi;38
vitalistinen;;adjektiivi;38
‑vitamiininen;;adjektiivi;38
vitkallinen;;adjektiivi;38
vittumainen;;adjektiivi;38
viuhkamainen;;adjektiivi;38
vivahteinen;;adjektiivi;38
vivipaarinen;;adjektiivi;38
‑voimainen;;adjektiivi;38
voimallinen;;adjektiivi;38
voinen;;adjektiivi;38
‑vointinen;;adjektiivi;38
voitollinen;;adjektiivi;38
‑voittoinen;;adjektiivi;38
volgalainen;;adjektiivi;38
‑vooninkinen;;adjektiivi;38
vulkaaninen;;adjektiivi;38
‑vuokrainen;;adjektiivi;38
vuonoinen;;adjektiivi;38
vuorellinen;;adjektiivi;38
vuorillinen;;adjektiivi;38
vuorinen;1;adjektiivi;38
‑vuorinen;2;adjektiivi;38
vuoristoinen;;adjektiivi;38
‑vuoroinen;;adjektiivi;38
vuoroittainen;;adjektiivi;38
vuosittainen;;adjektiivi;38
‑vuotinen;;adjektiivi;38
vuotuinen;;adjektiivi;38
vyöhykkeinen;;adjektiivi;38
‑vyötäröinen;;adjektiivi;38
‑väestöinen;;adjektiivi;38
väestöllinen;;adjektiivi;38
vähittäinen;;adjektiivi;38
vähähappinen;;adjektiivi;38
vähäilmeinen;;adjektiivi;38
vähäinen;;adjektiivi;38
vähäpukeinen;;adjektiivi;38
vähäpätöinen;;adjektiivi;38
vähäpäästöinen;;adjektiivi;38
väkevyinen;;adjektiivi;38
väkinäinen;;adjektiivi;38
väkäsellinen;;adjektiivi;38
välillinen;;adjektiivi;38
välineellinen;;adjektiivi;38
välinen;;adjektiivi;38
‑välinen;;adjektiivi;38
‑välitteinen;;adjektiivi;38
‑välityksinen;;adjektiivi;38
‑välkkeinen;;adjektiivi;38
välähdyksellinen;;adjektiivi;38
väläyksellinen;;adjektiivi;38
värinen;;adjektiivi;38
‑väritteinen;;adjektiivi;38
‑värityksinen;;adjektiivi;38
yhdenlainen;;adjektiivi;38
yhteinen;;adjektiivi;38
yhteisöllinen;;adjektiivi;38
yhteneväinen;;adjektiivi;38
yhtenäinen;;adjektiivi;38
yhtäkkinen;;adjektiivi;38
yhtäläinen;;adjektiivi;38
yksi-ilmeinen;;adjektiivi;38
‑yksikköinen;;adjektiivi;38
yksikotinen;;adjektiivi;38
yksiköllinen;;adjektiivi;38
yksilappeinen;;adjektiivi;38
yksilevyinen;1;adjektiivi;38
yksilevyinen;2;adjektiivi;38
yksilöittäinen;;adjektiivi;38
yksilöllinen;;adjektiivi;38
yksinäinen;;adjektiivi;38
yksitoikkoinen;;adjektiivi;38
yksittäinen;;adjektiivi;38
yksituumainen;;adjektiivi;38
yksivaimoinen;;adjektiivi;38
yksiymmärteinen;;adjektiivi;38
yleinen;;adjektiivi;38
ylellinen;;adjektiivi;38
ylenkatseellinen;;adjektiivi;38
ylenpalttinen;;adjektiivi;38
ylijäämäinen;;adjektiivi;38
ylimalkainen;;adjektiivi;38
ylimmäinen;;adjektiivi;38
ylimyksellinen;;adjektiivi;38
yliolkainen;;adjektiivi;38
yliopistollinen;;adjektiivi;38
yllätyksellinen;;adjektiivi;38
ymmyrkäinen;;adjektiivi;38
ymmärryksellinen;;adjektiivi;38
‑ymmärteinen;;adjektiivi;38
ymmärtäväinen;;adjektiivi;38
ympyriäinen;;adjektiivi;38
yskäinen;;adjektiivi;38
ystävällinen;;adjektiivi;38
yöllinen;;adjektiivi;38
zeniläinen;;adjektiivi;38
zoologinen;;adjektiivi;38
zoonoottinen;;adjektiivi;38
äidillinen;;adjektiivi;38
äkillinen;;adjektiivi;38
äkkinäinen;;adjektiivi;38
äkäinen;;adjektiivi;38
älyllinen;;adjektiivi;38
ärtyinen;;adjektiivi;38
äskeinen;;adjektiivi;38
äskettäinen;;adjektiivi;38
ääkkösellinen;;adjektiivi;38
ääliömäinen;;adjektiivi;38
äänellinen;;adjektiivi;38
ääninen;;adjektiivi;38
äänteellinen;;adjektiivi;38
‑ääntöinen;;adjektiivi;38
ääreinen;;adjektiivi;38
äärellinen;;adjektiivi;38
äärimmäinen;;adjektiivi;38
öinen;;adjektiivi;38
öljyinen;;adjektiivi;38
öljykankainen;;adjektiivi;38
öljymäinen;;adjektiivi;38
öykkärimäinen;;adjektiivi;38
aasialainen;;adjektiivi, substantiivi;38
aatelinen;;adjektiivi, substantiivi;38
afrikkalainen;;adjektiivi, substantiivi;38
aikuinen;;adjektiivi, substantiivi;38
alainen;;adjektiivi, substantiivi;38
albanialainen;;adjektiivi, substantiivi;38
alhainen;;adjektiivi, substantiivi;38
alkiolainen;;adjektiivi, substantiivi;38
amerikkalainen;;adjektiivi, substantiivi;38
arabialainen;;adjektiivi, substantiivi;38
arjalainen;;adjektiivi, substantiivi;38
assyrialainen;;adjektiivi, substantiivi;38
aurinkoinen;;adjektiivi, substantiivi;38
australialainen;;adjektiivi, substantiivi;38
azerbaidžanilainen;;adjektiivi, substantiivi;38
babylonialainen;;adjektiivi, substantiivi;38
balttilainen;;adjektiivi, substantiivi;38
bosniahertsegovinalainen;;adjektiivi, substantiivi;38
bosnialainen;;adjektiivi, substantiivi;38
brahmalainen;;adjektiivi, substantiivi;38
brasilialainen;;adjektiivi, substantiivi;38
britannialainen;;adjektiivi, substantiivi;38
brittiläinen;;adjektiivi, substantiivi;38
buddhalainen;;adjektiivi, substantiivi;38
bulgarialainen;;adjektiivi, substantiivi;38
eestiläinen;;adjektiivi, substantiivi;38
egyptiläinen;;adjektiivi, substantiivi;38
‑ehtoinen;;adjektiivi, substantiivi;38
eilinen;;adjektiivi, substantiivi;38
englantilainen;;adjektiivi, substantiivi;38
epikurolainen;;adjektiivi, substantiivi;38
espanjalainen;;adjektiivi, substantiivi;38
eteläinen;;adjektiivi, substantiivi;38
etelävaltalainen;;adjektiivi, substantiivi;38
euraasialainen;;adjektiivi, substantiivi;38
eurooppalainen;;adjektiivi, substantiivi;38
filistealainen;;adjektiivi, substantiivi;38
foinikialainen;;adjektiivi, substantiivi;38
freudilainen;;adjektiivi, substantiivi;38
gnostilainen;;adjektiivi, substantiivi;38
haaksirikkoinen;;adjektiivi, substantiivi;38
haamilainen;;adjektiivi, substantiivi;38
‑hampainen;;adjektiivi, substantiivi;38
hampurilainen;;adjektiivi, substantiivi;38
heprealainen;;adjektiivi, substantiivi;38
herrnhutilainen;;adjektiivi, substantiivi;38
hertsegovinalainen;;adjektiivi, substantiivi;38
hiljainen;;adjektiivi, substantiivi;38
hollantilainen;;adjektiivi, substantiivi;38
humalainen;;adjektiivi, substantiivi;38
huominen;;adjektiivi, substantiivi;38
huurteinen;;adjektiivi, substantiivi;38
hämäläinen;;adjektiivi, substantiivi;38
‑häntäinen;;adjektiivi, substantiivi;38
härmäläinen;;adjektiivi, substantiivi;38
‑ihoinen;;adjektiivi, substantiivi;38
ikäinen;;adjektiivi, substantiivi;38
inkeriläinen;;adjektiivi, substantiivi;38
intialainen;;adjektiivi, substantiivi;38
irlantilainen;;adjektiivi, substantiivi;38
islamilainen;;adjektiivi, substantiivi;38
islantilainen;;adjektiivi, substantiivi;38
israelilainen;;adjektiivi, substantiivi;38
italialainen;;adjektiivi, substantiivi;38
itävaltalainen;;adjektiivi, substantiivi;38
‑jalkainen;;adjektiivi, substantiivi;38
japanilainen;;adjektiivi, substantiivi;38
joonialainen;;adjektiivi, substantiivi;38
jugoslavialainen;;adjektiivi, substantiivi;38
julkinen;;adjektiivi, substantiivi;38
jälkeinen;;adjektiivi, substantiivi;38
‑järkinen;;adjektiivi, substantiivi;38
kaakkoinen;;adjektiivi, substantiivi;38
kainaloinen;;adjektiivi, substantiivi;38
kainulainen;;adjektiivi, substantiivi;38
kainuulainen;;adjektiivi, substantiivi;38
kaksiminuuttinen;;adjektiivi, substantiivi;38
kallioinen;;adjektiivi, substantiivi;38
kanadalainen;;adjektiivi, substantiivi;38
kannakselainen;;adjektiivi, substantiivi;38
kapinallinen;;adjektiivi, substantiivi;38
‑kasvuinen;;adjektiivi, substantiivi;38
katalonialainen;;adjektiivi, substantiivi;38
katolinen;;adjektiivi, substantiivi;38
kauhallinen;;adjektiivi, substantiivi;38
‑kautinen;;adjektiivi, substantiivi;38
keltainen;;adjektiivi, substantiivi;38
kelttiläinen;;adjektiivi, substantiivi;38
‑kenkäinen;;adjektiivi, substantiivi;38
kerettiläinen;;adjektiivi, substantiivi;38
kiinalainen;;adjektiivi, substantiivi;38
kokonainen;;adjektiivi, substantiivi;38
kokoomuslainen;;adjektiivi, substantiivi;38
koneellinen;;adjektiivi, substantiivi;38
konfutselainen;;adjektiivi, substantiivi;38
korealainen;;adjektiivi, substantiivi;38
korinttilainen;;adjektiivi, substantiivi;38
korkillinen;;adjektiivi, substantiivi;38
korvallinen;;adjektiivi, substantiivi;38
kreikkalainen;;adjektiivi, substantiivi;38
kroatialainen;;adjektiivi, substantiivi;38
kungfutselainen;;adjektiivi, substantiivi;38
kuninkaallinen;;adjektiivi, substantiivi;38
kuolevainen;;adjektiivi, substantiivi;38
kuparinen;;adjektiivi, substantiivi;38
kustavilainen;;adjektiivi, substantiivi;38
kuurilainen;;adjektiivi, substantiivi;38
‑kyntinen;;adjektiivi, substantiivi;38
kädellinen;;adjektiivi, substantiivi;38
känninen;;adjektiivi, substantiivi;38
käteinen;;adjektiivi, substantiivi;38
‑kätinen;;adjektiivi, substantiivi;38
körttiläinen;;adjektiivi, substantiivi;38
laatikollinen;;adjektiivi, substantiivi;38
‑lahkeinen;;adjektiivi, substantiivi;38
laidallinen;;adjektiivi, substantiivi;38
laitainen;;adjektiivi, substantiivi;38
lamalainen;;adjektiivi, substantiivi;38
lappalainen;;adjektiivi, substantiivi;38
lappilainen;;adjektiivi, substantiivi;38
latvialainen;;adjektiivi, substantiivi;38
lavallinen;;adjektiivi, substantiivi;38
leniniläinen;;adjektiivi, substantiivi;38
lestadiolainen;;adjektiivi, substantiivi;38
liettualainen;;adjektiivi, substantiivi;38
liiviläinen;;adjektiivi, substantiivi;38
lounainen;;adjektiivi, substantiivi;38
luoteinen;;adjektiivi, substantiivi;38
luterilainen;;adjektiivi, substantiivi;38
‑luuloinen;;adjektiivi, substantiivi;38
lämpöinen;;adjektiivi, substantiivi;38
lättiläinen;;adjektiivi, substantiivi;38
maallinen;;adjektiivi, substantiivi;38
machiavellilainen;;adjektiivi, substantiivi;38
maolainen;;adjektiivi, substantiivi;38
marksilainen;;adjektiivi, substantiivi;38
marksilais-leniniläinen;;adjektiivi, substantiivi;38
marxilainen;;adjektiivi, substantiivi;38
‑matkainen;;adjektiivi, substantiivi;38
meikäläinen;;adjektiivi, substantiivi;38
meksikolainen;;adjektiivi, substantiivi;38
mesopotamialainen;;adjektiivi, substantiivi;38
‑mielinen;;adjektiivi, substantiivi;38
‑minuuttinen;;adjektiivi, substantiivi;38
mitallinen;;adjektiivi, substantiivi;38
mordvalainen;;adjektiivi, substantiivi;38
muhamettilainen;;adjektiivi, substantiivi;38
myöhäinen;;adjektiivi, substantiivi;38
myötäinen;;adjektiivi, substantiivi;38
nasaretilainen;;adjektiivi, substantiivi;38
nivelkärsäinen;;adjektiivi, substantiivi;38
norjalainen;;adjektiivi, substantiivi;38
nuorimmainen;;adjektiivi, substantiivi;38
oikeistolainen;;adjektiivi, substantiivi;38
olennainen;;adjektiivi, substantiivi;38
‑omainen;;adjektiivi, substantiivi;38
ongelmainen;;adjektiivi, substantiivi;38
‑oppinen;;adjektiivi, substantiivi;38
‑osainen;;adjektiivi, substantiivi;38
paikallinen;;adjektiivi, substantiivi;38
‑paikkainen;;adjektiivi, substantiivi;38
pakistanilainen;;adjektiivi, substantiivi;38
pehmoinen;;adjektiivi, substantiivi;38
pellillinen;;adjektiivi, substantiivi;38
perinteinen;;adjektiivi, substantiivi;38
persialainen;;adjektiivi, substantiivi;38
pesällinen;;adjektiivi, substantiivi;38
petäjäinen;;adjektiivi, substantiivi;38
peukaloinen;;adjektiivi, substantiivi;38
pienoinen;;adjektiivi, substantiivi;38
pikkuinen;;adjektiivi, substantiivi;38
pohjalainen;;adjektiivi, substantiivi;38
pohjoisvaltalainen;;adjektiivi, substantiivi;38
poloinen;;adjektiivi, substantiivi;38
polynesialainen;;adjektiivi, substantiivi;38
porilainen;;adjektiivi, substantiivi;38
portugalilainen;;adjektiivi, substantiivi;38
preussilainen;;adjektiivi, substantiivi;38
punainen;;adjektiivi, substantiivi;38
puolalainen;;adjektiivi, substantiivi;38
pöydällinen;;adjektiivi, substantiivi;38
‑rajoitteinen;;adjektiivi, substantiivi;38
ranskalainen;;adjektiivi, substantiivi;38
romanialainen;;adjektiivi, substantiivi;38
ruhtinaallinen;;adjektiivi, substantiivi;38
ruijalainen;;adjektiivi, substantiivi;38
ruotsalainen;;adjektiivi, substantiivi;38
saksalainen;;adjektiivi, substantiivi;38
samarialainen;;adjektiivi, substantiivi;38
‑sarvinen;;adjektiivi, substantiivi;38
savolainen;;adjektiivi, substantiivi;38
seemiläinen;;adjektiivi, substantiivi;38
seinällinen;;adjektiivi, substantiivi;38
selkärankainen;;adjektiivi, substantiivi;38
‑senttinen;;adjektiivi, substantiivi;38
serbialainen;;adjektiivi, substantiivi;38
shintolainen;;adjektiivi, substantiivi;38
siamilainen;;adjektiivi, substantiivi;38
siemeninen;;adjektiivi, substantiivi;38
‑siipinen;;adjektiivi, substantiivi;38
sikäläinen;;adjektiivi, substantiivi;38
silmällinen;;adjektiivi, substantiivi;38
šintolainen;;adjektiivi, substantiivi;38
‑sirkkainen;;adjektiivi, substantiivi;38
sivullinen;;adjektiivi, substantiivi;38
skandinavialainen;;adjektiivi, substantiivi;38
skotlantilainen;;adjektiivi, substantiivi;38
slaavilainen;;adjektiivi, substantiivi;38
slovakialainen;;adjektiivi, substantiivi;38
slovenialainen;;adjektiivi, substantiivi;38
somalialainen;;adjektiivi, substantiivi;38
spitaalinen;;adjektiivi, substantiivi;38
stoalainen;;adjektiivi, substantiivi;38
suikulainen;;adjektiivi, substantiivi;38
‑suinen;;adjektiivi, substantiivi;38
sulkeinen;;adjektiivi, substantiivi;38
sumerilainen;;adjektiivi, substantiivi;38
suolainen;;adjektiivi, substantiivi;38
suomalainen;;adjektiivi, substantiivi;38
suullinen;;adjektiivi, substantiivi;38
sveitsiläinen;;adjektiivi, substantiivi;38
syntinen;;adjektiivi, substantiivi;38
syyllinen;;adjektiivi, substantiivi;38
‑säärinen;;adjektiivi, substantiivi;38
takallinen;;adjektiivi, substantiivi;38
tanskalainen;;adjektiivi, substantiivi;38
taolainen;;adjektiivi, substantiivi;38
tapainen;;adjektiivi, substantiivi;38
tasavaltalainen;;adjektiivi, substantiivi;38
tautinen;;adjektiivi, substantiivi;38
teksasilainen;;adjektiivi, substantiivi;38
texasilainen;;adjektiivi, substantiivi;38
tiibetiläinen;;adjektiivi, substantiivi;38
tolstoilainen;;adjektiivi, substantiivi;38
trotskilainen;;adjektiivi, substantiivi;38
tšekkiläinen;;adjektiivi, substantiivi;38
‑tukkainen;;adjektiivi, substantiivi;38
‑tuntinen;;adjektiivi, substantiivi;38
tuohinen;;adjektiivi, substantiivi;38
tuollainen;;adjektiivi, substantiivi;38
turkkilainen;;adjektiivi, substantiivi;38
työllinen;;adjektiivi, substantiivi;38
täkäläinen;;adjektiivi, substantiivi;38
tällainen;;adjektiivi, substantiivi;38
ukrainalainen;;adjektiivi, substantiivi;38
ulkolainen;;adjektiivi, substantiivi;38
ulkomaalaistaustainen;;adjektiivi, substantiivi;38
unkarilainen;;adjektiivi, substantiivi;38
‑uskoinen;;adjektiivi, substantiivi;38
uskovainen;;adjektiivi, substantiivi;38
uusiseelantilainen;;adjektiivi, substantiivi;38
wahhabilainen;;adjektiivi, substantiivi;38
vaivainen;;adjektiivi, substantiivi;38
valkoinen;;adjektiivi, substantiivi;38
vammainen;;adjektiivi, substantiivi;38
vasemmistolainen;;adjektiivi, substantiivi;38
vastainen;;adjektiivi, substantiivi;38
vatjalainen;;adjektiivi, substantiivi;38
velvollinen;;adjektiivi, substantiivi;38
venäläinen;;adjektiivi, substantiivi;38
vepsäläinen;;adjektiivi, substantiivi;38
viimeinen;;adjektiivi, substantiivi;38
‑vikainen;;adjektiivi, substantiivi;38
virolainen;;adjektiivi, substantiivi;38
vyöllinen;;adjektiivi, substantiivi;38
‑väkinen;;adjektiivi, substantiivi;38
värillinen;;adjektiivi, substantiivi;38
yhdysvaltalainen;;adjektiivi, substantiivi;38
yksityinen;;adjektiivi, substantiivi;38
ylhäinen;;adjektiivi, substantiivi;38
ylinen;;adjektiivi, substantiivi;38
‑älyinen;;adjektiivi, substantiivi;38
ensimmäinen;;numeraali;38
toinen;;numeraali, järjestysluku, pronomini, adjektiivi;38
jokainen;;pronomini;38
jokunen;;pronomini;38
kumpainen;;pronomini;38
kumpainenkaan;;pronomini;38
kumpainenkin;;pronomini;38
aakkonen;;substantiivi;38
aamiainen;;substantiivi;38
aapinen;;substantiivi;38
aikalainen;;substantiivi;38
aivokurkiainen;;substantiivi;38
alkajaiset;;substantiivi;38
alunen;;substantiivi;38
alustalainen;;substantiivi;38
ammattilainen;;substantiivi;38
ampiainen;;substantiivi;38
ankeroinen;;substantiivi;38
apposet;;substantiivi;38
apulainen;;substantiivi;38
arkullinen;;substantiivi;38
arpajaiset;;substantiivi;38
aseistakieltäytyminen;;substantiivi;38
astiallinen;;substantiivi;38
asuntosäästäminen;;substantiivi;38
avajaiset;;substantiivi;38
bernhardilainen;;substantiivi;38
ehtolainen;;substantiivi;38
ehtoollinen;;substantiivi;38
eläkeläinen;;substantiivi;38
enemmistöläinen;;substantiivi;38
ennakkoilmoittautuminen;;substantiivi;38
ennakkosäästäminen;;substantiivi;38
ensiesiintyminen;;substantiivi;38
ensikertalainen;;substantiivi;38
erojaiset;;substantiivi;38
esikoinen;;substantiivi;38
eskarilainen;;substantiivi;38
eteinen;;substantiivi;38
etiäinen;;substantiivi;38
ettonen;;substantiivi;38
‑euronen;;substantiivi;38
fingerporillinen;;substantiivi;38
fuksiaiset;;substantiivi;38
haarainen;;substantiivi;38
hakanen;;substantiivi;38
halkeaminen;;substantiivi;38
hamonen;;substantiivi;38
hangollinen;;substantiivi;38
hankiainen;;substantiivi;38
hapsenkakkiainen;;substantiivi;38
harjakaiset;;substantiivi;38
harjannostajaiset;;substantiivi;38
haukkuminen;;substantiivi;38
hautajaiset;;substantiivi;38
heimolainen;;substantiivi;38
helluntailainen;;substantiivi;38
helmiäinen;;substantiivi;38
henkonen;;substantiivi;38
herhiläinen;;substantiivi;38
herännäinen;;substantiivi;38
hetkinen;;substantiivi;38
hevonen;;substantiivi;38
hiekkahentunen;;substantiivi;38
hiirulainen;;substantiivi;38
hippiäinen;;substantiivi;38
hippunen;;substantiivi;38
hittolainen;;substantiivi;38
hitunen;;substantiivi;38
hiukkanen;;substantiivi;38
hiuksenhalkominen;;substantiivi;38
hiustenhalkominen;;substantiivi;38
hoennainen;;substantiivi;38
huokonen;;substantiivi;38
huutolainen;;substantiivi;38
hyllyllinen;;substantiivi;38
hyppysellinen;;substantiivi;38
hyppyset;;substantiivi;38
hyttynen;;substantiivi;38
hyönteinen;;substantiivi;38
härkänen;;substantiivi;38
hölmöläinen;;substantiivi;38
ihmeparaneminen;;substantiivi;38
ihmeparantaminen;;substantiivi;38
ihmeparantuminen;;substantiivi;38
ihminen;;substantiivi;38
iiliäinen;;substantiivi;38
ikäjohtaminen;;substantiivi;38
illalliset;;substantiivi;38
iltanen;;substantiivi;38
imettäväinen;;substantiivi;38
immeinen;;substantiivi;38
inkeroinen;;substantiivi;38
irtisanominen;;substantiivi;38
irtisanoutuminen;;substantiivi;38
irtolainen;;substantiivi;38
isoinen;;substantiivi;38
isonen;;substantiivi;38
istujaiset;;substantiivi;38
itsensäpaljastaminen;;substantiivi;38
itsesyttyminen;;substantiivi;38
jauhiainen;;substantiivi;38
jengiläinen;;substantiivi;38
jojolaihduttaminen;;substantiivi;38
joukkoampuminen;;substantiivi;38
joukkoeroaminen;;substantiivi;38
joukkoerottaminen;;substantiivi;38
joukkoesiintyminen;;substantiivi;38
julkistajaiset;;substantiivi;38
jumalankieltäminen;;substantiivi;38
juominen;;substantiivi;38
jyvänen;;substantiivi;38
jälkeläinen;;substantiivi;38
jälleennäkeminen;;substantiivi;38
jälleensyntyminen;;substantiivi;38
jänkäsirriäinen;;substantiivi;38
jänönen;;substantiivi;38
jättiläinen;;substantiivi;38
jäähyväiset;;substantiivi;38
kaartilainen;;substantiivi;38
kahdeksainen;;substantiivi;38
kahmalollinen;;substantiivi;38
kahtaistaittuminen;;substantiivi;38
kaivannainen;;substantiivi;38
kakkonen;;substantiivi;38
kaksinnaiminen;;substantiivi;38
kaksonen;;substantiivi;38
kalvosulkeiset;;substantiivi;38
kamppiaiset;;substantiivi;38
kankkunen;;substantiivi;38
kannullinen;;substantiivi;38
kansalainen;;substantiivi;38
kansalaistaminen;;substantiivi;38
kansalaisvaikuttaminen;;substantiivi;38
kanssakäyminen;;substantiivi;38
kantamuksellinen;;substantiivi;38
kapallinen;;substantiivi;38
kapiainen;;substantiivi;38
kappalainen;;substantiivi;38
karhiainen;;substantiivi;38
karhukainen;;substantiivi;38
karkulainen;;substantiivi;38
karviainen;;substantiivi;38
kasiainen;;substantiivi;38
kastajaiset;;substantiivi;38
kasvannainen;;substantiivi;38
katolilainen;;substantiivi;38
katsojaiset;;substantiivi;38
kattilallinen;;substantiivi;38
kaukokulkeutuminen;;substantiivi;38
kaukorakastuminen;;substantiivi;38
kaunokainen;;substantiivi;38
keijukainen;;substantiivi;38
keltiäinen;;substantiivi;38
keltuainen;;substantiivi;38
kentällinen;;substantiivi;38
kepponen;;substantiivi;38
kerholainen;;substantiivi;38
kerjäläinen;;substantiivi;38
kerrospukeutuminen;;substantiivi;38
kerrostaloasuminen;;substantiivi;38
kerttunen;;substantiivi;38
keskonen;;substantiivi;38
kiehinen;;substantiivi;38
kiertolainen;;substantiivi;38
kiertuelainen;;substantiivi;38
kihlajaiset;;substantiivi;38
kiiliäinen;;substantiivi;38
kiilukainen;;substantiivi;38
kiinnipitäminen;;substantiivi;38
‑kiitäjäinen;;substantiivi;38
kiltalainen;;substantiivi;38
kimalainen;;substantiivi;38
kipollinen;;substantiivi;38
kirjanen;;substantiivi;38
kirvinen;;substantiivi;38
kituset;;substantiivi;38
kivennuoliainen;;substantiivi;38
kivennäinen;;substantiivi;38
klimakteerinen;;substantiivi;38
kohtaaminen;;substantiivi;38
koivistolainen;;substantiivi;38
kolmonen;;substantiivi;38
kolpakollinen;;substantiivi;38
koltiainen;;substantiivi;38
kolttonen;;substantiivi;38
kommuuniasuminen;;substantiivi;38
konekääntäminen;;substantiivi;38
kontiainen;;substantiivi;38
kopallinen;;substantiivi;38
korillinen;;substantiivi;38
korinttolainen;;substantiivi;38
koronkiskominen;;substantiivi;38
kottarainen;;substantiivi;38
kotvanen;;substantiivi;38
kouluampuminen;;substantiivi;38
koulukiusaaminen;;substantiivi;38
koululainen;;substantiivi;38
kourallinen;;substantiivi;38
kruunajaiset;;substantiivi;38
kudonnainen;;substantiivi;38
kukkanen;;substantiivi;38
kukkonen;;substantiivi;38
kulhollinen;;substantiivi;38
kulkunen;;substantiivi;38
kummajainen;;substantiivi;38
kuntalainen;;substantiivi;38
kuoriainen;;substantiivi;38
kuormallinen;;substantiivi;38
kuorolainen;;substantiivi;38
kupillinen;;substantiivi;38
kupponen;;substantiivi;38
kurssilainen;;substantiivi;38
kusiainen;;substantiivi;38
kutonen;;substantiivi;38
kuukautiset;;substantiivi;38
kuukunen;;substantiivi;38
kuuleminen;;substantiivi;38
kuuliaiset;;substantiivi;38
kuulumiset;;substantiivi;38
kuupallinen;2;substantiivi;38
kuutonen;;substantiivi;38
kuvajainen;;substantiivi;38
kylkiäinen;;substantiivi;38
kyläläinen;;substantiivi;38
kymnaasilainen;;substantiivi;38
kyyhkyläinen;;substantiivi;38
kyyhkynen;;substantiivi;38
käkönen;;substantiivi;38
kärpänen;;substantiivi;38
käskyläinen;;substantiivi;38
kättenpäällepaneminen;;substantiivi;38
kätönen;;substantiivi;38
käyminen;;substantiivi;38
käypäläinen;;substantiivi;38
käyttäytyminen;;substantiivi;38
käännynnäinen;;substantiivi;38
kääriäinen;;substantiivi;38
laatujohtaminen;;substantiivi;38
lahkolainen;;substantiivi;38
laiskalainen;;substantiivi;38
laiskiainen;;substantiivi;38
laivalastillinen;;substantiivi;38
lakeinen;;substantiivi;38
lakkiaiset;;substantiivi;38
lakkolainen;;substantiivi;38
lantalainen;;substantiivi;38
lapanen;;substantiivi;38
lappunen;;substantiivi;38
lapseksiottaminen;;substantiivi;38
lapsonen;;substantiivi;38
lapsukainen;;substantiivi;38
lasiainen;;substantiivi;38
lasillinen;;substantiivi;38
laskiainen;;substantiivi;38
lautanen;;substantiivi;38
lautasellinen;;substantiivi;38
legioonalainen;;substantiivi;38
lehikäinen;;substantiivi;38
lehtinen;;substantiivi;38
lehtiäinen;;substantiivi;38
leiriläinen;;substantiivi;38
leivonen;;substantiivi;38
leivonnainen;;substantiivi;38
lepinkäinen;;substantiivi;38
leppoistaminen;;substantiivi;38
lesiäinen;;substantiivi;38
liittolainen;;substantiivi;38
liitännäinen;;substantiivi;38
lintukotolaiset;;substantiivi;38
lintunen;;substantiivi;38
lippunen;;substantiivi;38
loinen;;substantiivi;38
lomalainen;;substantiivi;38
lopettajaiset;;substantiivi;38
loppiainen;;substantiivi;38
loppuunpalaminen;;substantiivi;38
lukeminen;;substantiivi;38
lukiolainen;;substantiivi;38
lukuset;;substantiivi;38
‑luokkalainen;;substantiivi;38
lusikallinen;;substantiivi;38
lähimaksaminen;;substantiivi;38
lähimmäinen;;substantiivi;38
lähiöasuminen;;substantiivi;38
lähtiäiset;;substantiivi;38
läksiäiset;;substantiivi;38
lämpimäinen;;substantiivi;38
lämpölaajeneminen;;substantiivi;38
maahanpaniaiset;;substantiivi;38
maahantunkeutuminen;;substantiivi;38
maahinen;;substantiivi;38
maankohoaminen;;substantiivi;38
mailanen;;substantiivi;38
maistajaiset;;substantiivi;38
maistiaiset;;substantiivi;38
maitiainen;;substantiivi;38
makeinen;;substantiivi;38
mallioppiminen;;substantiivi;38
malluainen;;substantiivi;38
mannermaalainen;;substantiivi;38
mapillinen;;substantiivi;38
‑markkanen;;substantiivi;38
marsilainen;;substantiivi;38
matkalainen;;substantiivi;38
matonen;;substantiivi;38
mauriainen;;substantiivi;38
mehiläinen;;substantiivi;38
menekinedistäminen;;substantiivi;38
menninkäinen;;substantiivi;38
meriläinen;;substantiivi;38
mesiäinen;;substantiivi;38
metsäläinen;;substantiivi;38
metsänarvioiminen;;substantiivi;38
mettinen;;substantiivi;38
miekkonen;;substantiivi;38
mierolainen;;substantiivi;38
mobiilimaksaminen;;substantiivi;38
modulaarinen;;substantiivi;38
muistajaiset;;substantiivi;38
muistiainen;;substantiivi;38
mukillinen;;substantiivi;38
munuainen;;substantiivi;38
munuaiskeränen;;substantiivi;38
murskajaiset;;substantiivi;38
murunen;;substantiivi;38
mustalainen;;substantiivi;38
mustuainen;;substantiivi;38
muurahainen;;substantiivi;38
myyjäiset;;substantiivi;38
myynninedistäminen;;substantiivi;38
myötäjäiset;;substantiivi;38
mäkitupalainen;;substantiivi;38
mäkäräinen;;substantiivi;38
mökkiläinen;;substantiivi;38
mönkiäinen;;substantiivi;38
naamiaiset;;substantiivi;38
nahkiainen;;substantiivi;38
nahkiaiset;;substantiivi;38
naikkonen;;substantiivi;38
nainen;;substantiivi;38
namunen;;substantiivi;38
nasujaiset;;substantiivi;38
natiainen;;substantiivi;38
natsilainen;;substantiivi;38
neitokainen;;substantiivi;38
neitonen;;substantiivi;38
nelonen;;substantiivi;38
nettikiusaaminen;;substantiivi;38
neulanen;;substantiivi;38
nilviäinen;;substantiivi;38
nimiäiset;;substantiivi;38
nivunen;;substantiivi;38
nokkonen;;substantiivi;38
nokoset;;substantiivi;38
nuoliainen;;substantiivi;38
nuorukainen;;substantiivi;38
nyppyinen;;substantiivi;38
näkäräiset;;substantiivi;38
ohukainen;;substantiivi;38
olevainen;;substantiivi;38
olunen;;substantiivi;38
olympialaiset;;substantiivi;38
omainen;;substantiivi;38
omistusasuminen;;substantiivi;38
ongelmapelaaminen;;substantiivi;38
onnenkantamoinen;;substantiivi;38
opistolainen;;substantiivi;38
ortografinen;;substantiivi;38
osaaminen;;substantiivi;38
osakesäästäminen;;substantiivi;38
osanen;;substantiivi;38
padallinen;;substantiivi;38
pahalainen;;substantiivi;38
pahanen;;substantiivi;38
paholainen;;substantiivi;38
‑paikkalainen;;substantiivi;38
paimentolainen;;substantiivi;38
painajainen;;substantiivi;38
paisuvainen;;substantiivi;38
paketillinen;;substantiivi;38
pakkanen;;substantiivi;38
pakkasrapautuminen;;substantiivi;38
pakkonaiminen;;substantiivi;38
pakolainen;;substantiivi;38
paksukainen;;substantiivi;38
palanen;;substantiivi;38
paljastajaiset;;substantiivi;38
palkkalainen;;substantiivi;38
palkollinen;;substantiivi;38
pallonen;;substantiivi;38
palveluasuminen;;substantiivi;38
‑paniaiset;;substantiivi;38
pankkisäästäminen;;substantiivi;38
pannahinen;;substantiivi;38
pannullinen;;substantiivi;38
papiksivihkiminen;;substantiivi;38
papparainen;;substantiivi;38
pappenheimilainen;;substantiivi;38
paralympialaiset;;substantiivi;38
partiolainen;;substantiivi;38
paskiainen;;substantiivi;38
peijaiset;;substantiivi;38
peipponen;;substantiivi;38
pekkanen;;substantiivi;38
pelastusarmeijalainen;;substantiivi;38
penkinpainajaiset;;substantiivi;38
‑penninen;;substantiivi;38
pennonen;;substantiivi;38
perheenyhdistäminen;;substantiivi;38
perhonen;;substantiivi;38
perillinen;;substantiivi;38
peukalokyytiläinen;;substantiivi;38
pienokainen;;substantiivi;38
piilovaikuttaminen;;substantiivi;38
piipullinen;;substantiivi;38
piiranen;;substantiivi;38
pikarillinen;;substantiivi;38
pinnakkainen;;substantiivi;38
pirkkalainen;;substantiivi;38
pirulainen;;substantiivi;38
pistiäinen;;substantiivi;38
pitkäinen;;substantiivi;38
pitkäripainen;;substantiivi;38
pitäjäläinen;;substantiivi;38
poikanen;;substantiivi;38
poisoppiminen;;substantiivi;38
polkunen;;substantiivi;38
polttiainen;;substantiivi;38
potkiaiset;;substantiivi;38
presbyteeriläinen;;substantiivi;38
prosessikirjoittaminen;;substantiivi;38
pulliainen;;substantiivi;38
pullollinen;;substantiivi;38
pulmunen;;substantiivi;38
punonnainen;;substantiivi;38
puoluelainen;;substantiivi;38
purilainen;;substantiivi;38
purkillinen;;substantiivi;38
pussillinen;;substantiivi;38
puunilainen;;substantiivi;38
puutiainen;;substantiivi;38
pytyllinen;;substantiivi;38
pyöriäinen;;substantiivi;38
pyörtyäinen;;substantiivi;38
päkiäinen;;substantiivi;38
pääsiäinen;;substantiivi;38
pääskynen;;substantiivi;38
päästäinen;;substantiivi;38
päättäjäiset;;substantiivi;38
pörriäinen;;substantiivi;38
raakalainen;;substantiivi;38
raatilainen;;substantiivi;38
radioesiintyminen;;substantiivi;38
radiosuuntiminen;;substantiivi;38
rahtunen;;substantiivi;38
‑rakentaminen;;substantiivi;38
rakonen;;substantiivi;38
rankinen;;substantiivi;38
rannansiirtyminen;;substantiivi;38
rappunen;;substantiivi;38
rasiallinen;;substantiivi;38
rauhaanpakottaminen;;substantiivi;38
rauhanen;;substantiivi;38
rauhanturvaaminen;;substantiivi;38
raunioinen;;substantiivi;38
rautatieläinen;;substantiivi;38
rautiainen;;substantiivi;38
reduktiojakautuminen;;substantiivi;38
rekallinen;;substantiivi;38
repolainen;;substantiivi;38
repullinen;;substantiivi;38
reserviläinen;;substantiivi;38
retkeläinen;;substantiivi;38
revinnäinen;;substantiivi;38
riekkujaiset;;substantiivi;38
rikkojaiset;;substantiivi;38
rippunen;;substantiivi;38
ripsiäinen;;substantiivi;38
ristiinpukeutuminen;;substantiivi;38
ristiäiset;;substantiivi;38
ronttonen;;substantiivi;38
roponen;;substantiivi;38
rukkanen;;substantiivi;38
rukoilevainen;;substantiivi;38
ruskuainen;;substantiivi;38
russofobinen;;substantiivi;38
ruumiistapoistuminen;;substantiivi;38
rystynen;;substantiivi;38
ryyppäjäiset;;substantiivi;38
ryysyläinen;;substantiivi;38
rääpiäiset;;substantiivi;38
rääppiäiset;;substantiivi;38
rääsyläinen;;substantiivi;38
rönttönen;;substantiivi;38
saaminen;;substantiivi;38
saarelainen;;substantiivi;38
saaristolainen;;substantiivi;38
saavillinen;;substantiivi;38
sananen;;substantiivi;38
sangollinen;;substantiivi;38
saniainen;;substantiivi;38
sanikkainen;;substantiivi;38
‑sarjalainen;;substantiivi;38
satanen;;substantiivi;38
satiainen;;substantiivi;38
saturainen;;substantiivi;38
seitonen;;substantiivi;38
seitsemäinen;;substantiivi;38
selkonen;;substantiivi;38
seminaarilainen;;substantiivi;38
seppeleensitojaiset;;substantiivi;38
setukainen;;substantiivi;38
seuralainen;;substantiivi;38
seurannainen;;substantiivi;38
shiialainen;;substantiivi;38
shinto;;substantiivi;38
šiialainen;;substantiivi;38
siirrännäinen;;substantiivi;38
siirtolainen;;substantiivi;38
silpominen;;substantiivi;38
sirkuslainen;;substantiivi;38
sirunen;;substantiivi;38
sisterssiläinen;;substantiivi;38
sisäänkirjautuminen;;substantiivi;38
sittiäinen;;substantiivi;38
siviilivihkiminen;;substantiivi;38
solunjakautuminen;;substantiivi;38
sontiainen;;substantiivi;38
sopeutumislevittäytyminen;;substantiivi;38
sormustimellinen;;substantiivi;38
sukanen;;substantiivi;38
sukulainen;;substantiivi;38
sukupuolenmääräytyminen;;substantiivi;38
sulhanen;;substantiivi;38
sulkeiset;;substantiivi;38
sunnalainen;;substantiivi;38
suolinkainen;;substantiivi;38
surviainen;;substantiivi;38
suuhinen;;substantiivi;38
suukkonen;;substantiivi;38
suuntautumistaipuminen;;substantiivi;38
sydänkäpynen;;substantiivi;38
sylillinen;;substantiivi;38
sylyksellinen;;substantiivi;38
syöminen;;substantiivi;38
syöpäläinen;;substantiivi;38
sähikäinen;;substantiivi;38
sähinkäinen;;substantiivi;38
säkillinen;;substantiivi;38
säätyläinen;;substantiivi;38
söpöläinen;;substantiivi;38
taaperoinen;;substantiivi;38
taistolainen;;substantiivi;38
taivaaseenastuminen;;substantiivi;38
takapenkkiläinen;;substantiivi;38
takiainen;;substantiivi;38
talollinen;;substantiivi;38
tanssiaiset;;substantiivi;38
taonnainen;;substantiivi;38
tapaaminen;;substantiivi;38
tappajaiset;;substantiivi;38
tavoitejohtaminen;;substantiivi;38
tavoitesäästäminen;;substantiivi;38
teatterilainen;;substantiivi;38
tekeminen;;substantiivi;38
‑tekiäiset;;substantiivi;38
tekonen;;substantiivi;38
televisioesiintyminen;;substantiivi;38
temperaattinen;;substantiivi;38
tempputyöllistäminen;;substantiivi;38
tepponen;;substantiivi;38
tervajaiset;;substantiivi;38
terveiset;;substantiivi;38
tiainen;;substantiivi;38
tihulainen;;substantiivi;38
tiitiäinen;;substantiivi;38
tilkkanen;;substantiivi;38
tuholainen;;substantiivi;38
tukiainen;;substantiivi;38
tukkilainen;;substantiivi;38
tuliainen;;substantiivi;38
tulosjohtaminen;;substantiivi;38
tumanjakautuminen;;substantiivi;38
tuokkonen;;substantiivi;38
tuominen;;substantiivi;38
tuopillinen;;substantiivi;38
tuopponen;;substantiivi;38
turkanen;;substantiivi;38
turnajaiset;;substantiivi;38
tuulonen;;substantiivi;38
tv-esiintyminen;;substantiivi;38
tympönen;;substantiivi;38
tynnyrillinen;;substantiivi;38
tyttönen;;substantiivi;38
työläinen;;substantiivi;38
työpaikkakiusaaminen;;substantiivi;38
työssäoppiminen;;substantiivi;38
tähtönen;;substantiivi;38
täysihoitolainen;;substantiivi;38
täytinen;;substantiivi;38
tölkillinen;;substantiivi;38
töppönen;;substantiivi;38
ukkonen;;substantiivi;38
uloskirjautuminen;;substantiivi;38
urpiainen;;substantiivi;38
uudestisyntyminen;;substantiivi;38
uutinen;;substantiivi;38
vaaksiainen;;substantiivi;38
vaalivalvojaiset;;substantiivi;38
vaapsahainen;;substantiivi;38
vaapsiainen;;substantiivi;38
vadillinen;;substantiivi;38
vainolainen;;substantiivi;38
vakallinen;;substantiivi;38
valannainen;;substantiivi;38
valkolainen;;substantiivi;38
valkuainen;;substantiivi;38
valmistujaiset;;substantiivi;38
valvojaiset;;substantiivi;38
vapaalippulainen;;substantiivi;38
varhaistoteaminen;;substantiivi;38
varpaiset;;substantiivi;38
varpajaiset;;substantiivi;38
varpunen;;substantiivi;38
vastaanottajaiset;;substantiivi;38
vatsastapuhuminen;;substantiivi;38
vaunulastillinen;;substantiivi;38
vaununlastillinen;;substantiivi;38
vehnänen;;substantiivi;38
veikkonen;;substantiivi;38
velallinen;;substantiivi;38
venelastillinen;;substantiivi;38
venetsialaiset;;substantiivi;38
venonen;;substantiivi;38
verkkokiusaaminen;;substantiivi;38
vetehinen;;substantiivi;38
vieminen;;substantiivi;38
vihkiäiset;;substantiivi;38
vihkollinen;;substantiivi;38
vihkonen;;substantiivi;38
viholainen;;substantiivi;38
vihollinen;;substantiivi;38
vihulainen;;substantiivi;38
viiriäinen;;substantiivi;38
viitonen;;substantiivi;38
virkaanasettajaiset;;substantiivi;38
virkaanastujaiset;;substantiivi;38
virtanen;;substantiivi;38
vitonen;;substantiivi;38
vuohinen;;substantiivi;38
vuokra-asuminen;;substantiivi;38
vuokralainen;;substantiivi;38
vuoliainen;;substantiivi;38
vuoristolainen;;substantiivi;38
vuoroasuminen;;substantiivi;38
‑vuorolainen;;substantiivi;38
vyötiäinen;;substantiivi;38
vyötäiset;;substantiivi;38
vähemmistöläinen;;substantiivi;38
vähennysjakautuminen;;substantiivi;38
väittäjäiset;;substantiivi;38
väkisinmakaaminen;;substantiivi;38
väkänen;;substantiivi;38
väärinkäyttäminen;;substantiivi;38
yhdeksäinen;;substantiivi;38
yhteisesiintyminen;;substantiivi;38
yhteisöasuminen;;substantiivi;38
ykkönen;;substantiivi;38
yksönen;;substantiivi;38
yleisöesiintyminen;;substantiivi;38
ylioppiminen;;substantiivi;38
ylösnouseminen;;substantiivi;38
ystäväinen;;substantiivi;38
yökkönen;;substantiivi;38
ämpärillinen;;substantiivi;38
äyriäinen;;substantiivi;38
äyrämöinen;;substantiivi;38
ääkkönen;;substantiivi;38
öttiäinen;;substantiivi;38
afganistanilainen;;substantiivi, adjektiivi;38
alamainen;;substantiivi, adjektiivi;38
doorilainen;;substantiivi, adjektiivi;38
ersäläinen;;substantiivi, adjektiivi;38
farisealainen;;substantiivi, adjektiivi;38
gallialainen;;substantiivi, adjektiivi;38
gaullelainen;;substantiivi, adjektiivi;38
heikäläinen;;substantiivi, adjektiivi;38
herranen;;substantiivi, adjektiivi;38
iiriläinen;;substantiivi, adjektiivi;38
illallinen;;substantiivi, adjektiivi;38
imeväinen;;substantiivi, adjektiivi;38
itsellinen;;substantiivi, adjektiivi;38
jehovalainen;;substantiivi, adjektiivi;38
johdannainen;;substantiivi, adjektiivi;38
juutalainen;;substantiivi, adjektiivi;38
kalvinilainen;;substantiivi, adjektiivi;38
karjalainen;;substantiivi, adjektiivi;38
kaupunkilainen;;substantiivi, adjektiivi;38
kepulainen;;substantiivi, adjektiivi;38
kerrannainen;;substantiivi, adjektiivi;38
keskustalainen;;substantiivi, adjektiivi;38
koillinen;;substantiivi, adjektiivi;38
‑kymppinen;;substantiivi, adjektiivi;38
könniläinen;;substantiivi, adjektiivi;38
lyydiläinen;;substantiivi, adjektiivi;38
maalainen;;substantiivi, adjektiivi;38
maatiainen;;substantiivi, adjektiivi;38
makedonialainen;;substantiivi, adjektiivi;38
marilainen;;substantiivi, adjektiivi;38
mokšalainen;;substantiivi, adjektiivi;38
montenegrolainen;;substantiivi, adjektiivi;38
muukalainen;;substantiivi, adjektiivi;38
neandertalilainen;;substantiivi, adjektiivi;38
palestiinalainen;;substantiivi, adjektiivi;38
palleroinen;;substantiivi, adjektiivi;38
piikkikammoinen;;substantiivi, adjektiivi;38
pohjallinen;;substantiivi, adjektiivi;38
pohjoinen;;substantiivi, adjektiivi;38
puolinen;;substantiivi, adjektiivi;38
päivällinen;;substantiivi, adjektiivi;38
päällinen;;substantiivi, adjektiivi;38
rakastavainen;;substantiivi, adjektiivi;38
rikollinen;;substantiivi, adjektiivi;38
roomalainen;;substantiivi, adjektiivi;38
saamelainen;;substantiivi, adjektiivi;38
sijainen;;substantiivi, adjektiivi;38
spartalainen;;substantiivi, adjektiivi;38
teikäläinen;;substantiivi, adjektiivi;38
tilallinen;;substantiivi, adjektiivi;38
uunillinen;;substantiivi, adjektiivi;38
veronalainen;2;substantiivi, adjektiivi;38
vietnamilainen;;substantiivi, adjektiivi;38
epis;;adjektiivi;39
liikkis;;adjektiivi;39
symppis;;adjektiivi;39
veres;;adjektiivi;39
gravis;;adjektiivi, substantiivi;39
halpis;;adjektiivi, substantiivi;39
miinus;;adverbi, prepositio, substantiivi;39
aakkostus;;substantiivi;39
aallotus;;substantiivi;39
aatos;;substantiivi;39
aavistus;;substantiivi;39
adonis;;substantiivi;39
aerobikkaus;;substantiivi;39
ahdistus;;substantiivi;39
aherrus;;substantiivi;39
ahtaus;2;substantiivi;39
aidas;;substantiivi;39
aiennus;;substantiivi;39
aiheutus;;substantiivi;39
aikaansaannos;;substantiivi;39
aikaistus;;substantiivi;39
aikataulutus;;substantiivi;39
aikautus;;substantiivi;39
aikomus;;substantiivi;39
ailahdus;;substantiivi;39
aines;;substantiivi;39
airsoftaus;;substantiivi;39
aisaus;;substantiivi;39
aistimus;;substantiivi;39
aitaus;;substantiivi;39
aivastus;;substantiivi;39
aivoitus;;substantiivi;39
ajantasaistus;;substantiivi;39
ajastus;;substantiivi;39
ajatus;;substantiivi;39
ajoitus;;substantiivi;39
ajos;;substantiivi;39
akryylimaalaus;;substantiivi;39
alennus;;substantiivi;39
alikasvos;;substantiivi;39
alistus;;substantiivi;39
alitus;;substantiivi;39
alkkis;;substantiivi;39
aloitus;;substantiivi;39
altistus;;substantiivi;39
alus;;substantiivi;39
alustus;;substantiivi;39
amaryllis;;substantiivi;39
amis;;substantiivi;39
ammennus;;substantiivi;39
ammis;;substantiivi;39
ammus;;substantiivi;39
ananas;;substantiivi;39
anastus;;substantiivi;39
angina pectoris;;substantiivi;39
anis;;substantiivi;39
anjovis;;substantiivi;39
annos;;substantiivi;39
annostus;;substantiivi;39
anomus;;substantiivi;39
anopikset;;substantiivi;39
ansastus;;substantiivi;39
ansoitus;;substantiivi;39
antabus;;substantiivi;39
antaumus;;substantiivi;39
anteeksiantamus;;substantiivi;39
antikristus;;substantiivi;39
anus;;substantiivi;39
apekset;;substantiivi;39
aplodeeraus;;substantiivi;39
aprillaus;;substantiivi;39
apsis;;substantiivi;39
aristus;;substantiivi;39
armahdus;;substantiivi;39
arvaus;;substantiivi;39
arvoitus;;substantiivi;39
arvostus;;substantiivi;39
aseistus;;substantiivi;39
asennus;;substantiivi;39
asetelmamaalaus;;substantiivi;39
asetus;;substantiivi;39
askellus;;substantiivi;39
askites;;substantiivi;39
astutus;;substantiivi;39
asumus;;substantiivi;39
asutus;;substantiivi;39
atlas;;substantiivi;39
aukotus;;substantiivi;39
aunus;;substantiivi;39
auraus;;substantiivi;39
avarrus;;substantiivi;39
avaus;;substantiivi;39
avitus;;substantiivi;39
avustus;;substantiivi;39
bailaus;;substantiivi;39
beatboxaus;;substantiivi;39
bestis;;substantiivi;39
biletys;;substantiivi;39
bisnes;;substantiivi;39
blandaus;;substantiivi;39
blandis;;substantiivi;39
blanseeraus;;substantiivi;39
blokkaus;;substantiivi;39
blondaus;;substantiivi;39
bluffaus;;substantiivi;39
bodaus;;substantiivi;39
bongaus;;substantiivi;39
bonus;;substantiivi;39
breikkaus;;substantiivi;39
breseeraus;;substantiivi;39
briifaus;;substantiivi;39
briiffaus;;substantiivi;39
briljeeraus;;substantiivi;39
brodeeraus;;substantiivi;39
brontosaurus;;substantiivi;39
brändäys;;substantiivi;39
buuaus;;substantiivi;39
buukkaus;;substantiivi;39
campus;;substantiivi;39
chattaus;;substantiivi;39
cirrus;;substantiivi;39
civis;;substantiivi;39
cumulus;;substantiivi;39
dateeraus;;substantiivi;39
dedis;;substantiivi;39
deglaseeraus;;substantiivi;39
dekoodaus;;substantiivi;39
depis;;substantiivi;39
dermis;;substantiivi;39
diabetes;;substantiivi;39
digitalis;;substantiivi;39
dinosaurus;;substantiivi;39
dippaus;;substantiivi;39
director cantus;;substantiivi;39
diskaus;;substantiivi;39
diskonttaus;;substantiivi;39
dokaus;;substantiivi;39
donkkaus;;substantiivi;39
downshiftaus;;substantiivi;39
drapeeraus;;substantiivi;39
dreijaus;;substantiivi;39
dubbaus;;substantiivi;39
dumppaus;;substantiivi;39
duunaus;;substantiivi;39
edellytys;;substantiivi;39
edesottamus;;substantiivi;39
edistys;;substantiivi;39
edus;;substantiivi;39
edustus;;substantiivi;39
eepos;;substantiivi;39
eetos;;substantiivi;39
ehdotus;;substantiivi;39
eheytys;;substantiivi;39
ehostus;;substantiivi;39
eines;;substantiivi;39
ekstraus;;substantiivi;39
eksymys;;substantiivi;39
eksytys;;substantiivi;39
elatus;;substantiivi;39
ellotus;;substantiivi;39
elvytys;;substantiivi;39
elämys;;substantiivi;39
eläymys;;substantiivi;39
emalimaalaus;;substantiivi;39
emeritus;;substantiivi;39
emäs;;substantiivi;39
enennys;;substantiivi;39
englanninnos;;substantiivi;39
ennallistus;;substantiivi;39
ennustus;;substantiivi;39
ennätys;;substantiivi;39
entistys;;substantiivi;39
entraus;1;substantiivi;39
entraus;2;substantiivi;39
epidermis;;substantiivi;39
epäilys;;substantiivi;39
epäys;;substantiivi;39
erehdys;;substantiivi;39
eristys;;substantiivi;39
eritys;;substantiivi;39
eriytys;;substantiivi;39
erotus;;substantiivi;39
esitys;;substantiivi;39
etsaus;;substantiivi;39
etumus;;substantiivi;39
eukalyptus;;substantiivi;39
evästys;;substantiivi;39
exlibris;;substantiivi;39
faksaus;;substantiivi;39
fallos;;substantiivi;39
fariseus;;substantiivi;39
feissaus;;substantiivi;39
fibaus;;substantiivi;39
fiikus;;substantiivi;39
fiilis;;substantiivi;39
fikseeraus;;substantiivi;39
fileeraus;;substantiivi;39
filmaus;;substantiivi;39
filminnös;;substantiivi;39
filtraus;;substantiivi;39
flambeeraus;;substantiivi;39
flirttaus;;substantiivi;39
fluoraus;;substantiivi;39
fluoritus;;substantiivi;39
fokus;;substantiivi;39
formaalistus;;substantiivi;39
frankeeraus;;substantiivi;39
fraseeraus;;substantiivi;39
freesaus;1;substantiivi;39
freesaus;2;substantiivi;39
friteeraus;;substantiivi;39
fudis;;substantiivi;39
funkis;;substantiivi;39
funkkis;;substantiivi;39
funtsaus;;substantiivi;39
fuskaus;;substantiivi;39
futis;;substantiivi;39
föönaus;;substantiivi;39
generalissimus;;substantiivi;39
gladiolus;;substantiivi;39
glaseeraus;;substantiivi;39
googlaus;;substantiivi;39
googletus;;substantiivi;39
griljeeraus;;substantiivi;39
grillaus;;substantiivi;39
gryndaus;;substantiivi;39
haaroitus;;substantiivi;39
haaskaus;;substantiivi;39
habitus;;substantiivi;39
hahmotus;;substantiivi;39
haihdutus;;substantiivi;39
hairahdus;;substantiivi;39
hajaannus;;substantiivi;39
hajautus;;substantiivi;39
hajotus;;substantiivi;39
hakaus;;substantiivi;39
hakemus;;substantiivi;39
haketus;;substantiivi;39
hakkaus;;substantiivi;39
hakkelus;;substantiivi;39
haksahdus;;substantiivi;39
halaus;;substantiivi;39
haljas;;substantiivi;39
hallitus;;substantiivi;39
halvaus;;substantiivi;39
halvennus;;substantiivi;39
hammastus;;substantiivi;39
hamstraus;;substantiivi;39
hankaus;;substantiivi;39
hapatus;;substantiivi;39
hapetus;;substantiivi;39
hapotus;;substantiivi;39
haraus;;substantiivi;39
harhautus;;substantiivi;39
haritus;;substantiivi;39
harjaannus;;substantiivi;39
harjas;;substantiivi;39
harjaus;;substantiivi;39
harjoitus;;substantiivi;39
harjus;;substantiivi;39
harmistus;;substantiivi;39
harmitus;;substantiivi;39
harppaus;;substantiivi;39
harrastus;;substantiivi;39
harus;;substantiivi;39
harvennus;;substantiivi;39
hasis;;substantiivi;39
hassutus;;substantiivi;39
haudutus;;substantiivi;39
hauis;;substantiivi;39
haukahdus;;substantiivi;39
haukkaus;;substantiivi;39
haukotus;;substantiivi;39
hauskutus;;substantiivi;39
hauskuutus;;substantiivi;39
hautaus;;substantiivi;39
havutus;;substantiivi;39
hedelmys;;substantiivi;39
hedelmöitys;;substantiivi;39
heeros;;substantiivi;39
hehkutus;;substantiivi;39
heijastus;;substantiivi;39
heikennys;;substantiivi;39
heikotus;;substantiivi;39
heilahdus;;substantiivi;39
heilaus;;substantiivi;39
heilautus;;substantiivi;39
heilutus;;substantiivi;39
heinäys;;substantiivi;39
hekotus;;substantiivi;39
helkytys;;substantiivi;39
helmestys;;substantiivi;39
helmus;;substantiivi;39
heloitus;;substantiivi;39
helotus;;substantiivi;39
helpotus;;substantiivi;39
helskytys;;substantiivi;39
helähdys;;substantiivi;39
hengitys;;substantiivi;39
hengähdys;;substantiivi;39
hengästys;;substantiivi;39
henkäys;;substantiivi;39
heristys;;substantiivi;39
herjaus;;substantiivi;39
hermostus;;substantiivi;39
hermotus;;substantiivi;39
herpaannus;;substantiivi;39
herpes;;substantiivi;39
herutus;;substantiivi;39
herätys;;substantiivi;39
hetkutus;;substantiivi;39
hibiskus;;substantiivi;39
hidastus;;substantiivi;39
hiekoitus;;substantiivi;39
hienonnus;;substantiivi;39
hievahdus;;substantiivi;39
hihitys;;substantiivi;39
hihnoitus;;substantiivi;39
hiiletys;;substantiivi;39
hiillos;;substantiivi;39
hiiskahdus;;substantiivi;39
hiiskaus;;substantiivi;39
hilaus;;substantiivi;39
hiljennys;;substantiivi;39
himmennys;;substantiivi;39
hinaus;;substantiivi;39
hinnoitus;;substantiivi;39
hiostus;;substantiivi;39
hippokampus;;substantiivi;39
hipsutus;;substantiivi;39
hirnahdus;;substantiivi;39
hirvestys;;substantiivi;39
hirvitys;;substantiivi;39
hisahdus;;substantiivi;39
hisaus;;substantiivi;39
historiamaalaus;;substantiivi;39
hitsaus;;substantiivi;39
hius;;substantiivi;39
hivutus;;substantiivi;39
hohotus;;substantiivi;39
hoilotus;;substantiivi;39
hoivaus;;substantiivi;39
hokkuspokkus;;substantiivi;39
holhous;;substantiivi;39
holvaus;1;substantiivi;39
holvaus;2;substantiivi;39
holvimaalaus;;substantiivi;39
honotus;;substantiivi;39
hoonaus;;substantiivi;39
hoosaus;;substantiivi;39
horjahdus;;substantiivi;39
horros;;substantiivi;39
houkutus;;substantiivi;39
huijaus;;substantiivi;39
huikkaus;;substantiivi;39
huimaus;;substantiivi;39
huipennus;;substantiivi;39
huiputus;1;substantiivi;39
huiputus;2;substantiivi;39
huiskaus;;substantiivi;39
huiskutus;;substantiivi;39
hujahdus;;substantiivi;39
hujaus;;substantiivi;39
hujellus;;substantiivi;39
huljutus;;substantiivi;39
hullutus;;substantiivi;39
hulmahdus;;substantiivi;39
hulvahdus;;substantiivi;39
humahdus;;substantiivi;39
humaus;;substantiivi;39
hummaus;;substantiivi;39
hummus;;substantiivi;39
humus;;substantiivi;39
huoahdus;;substantiivi;39
huohotus;;substantiivi;39
huojennus;;substantiivi;39
huokaus;;substantiivi;39
huolestus;;substantiivi;39
huomautus;;substantiivi;39
huononnus;;substantiivi;39
huopaus;;substantiivi;39
huovutus;;substantiivi;39
hupsutus;;substantiivi;39
huputus;;substantiivi;39
hurahdus;;substantiivi;39
huraus;;substantiivi;39
hurjimus;;substantiivi;39
hurmaus;;substantiivi;39
hurmos;;substantiivi;39
hutilus;;substantiivi;39
huudahdus;;substantiivi;39
huullos;;substantiivi;39
huumaus;;substantiivi;39
huvitus;;substantiivi;39
hybris;;substantiivi;39
hykerrys;;substantiivi;39
hylkäys;;substantiivi;39
hymistys;;substantiivi;39
hymähdys;;substantiivi;39
hypetys;;substantiivi;39
hypotalamus;;substantiivi;39
hyppyytys;;substantiivi;39
hyppäys;;substantiivi;39
hypähdys;;substantiivi;39
hyrähdys;;substantiivi;39
hyräys;;substantiivi;39
hyssytys;;substantiivi;39
hyvis;;substantiivi;39
hyvitys;;substantiivi;39
hyväksymys;;substantiivi;39
hyydytys;;substantiivi;39
hyökkäys;;substantiivi;39
hähätys;;substantiivi;39
häivytys;;substantiivi;39
häivähdys;;substantiivi;39
häkellys;;substantiivi;39
hälytys;;substantiivi;39
hämmennys;;substantiivi;39
hämmästys;;substantiivi;39
hämäys;;substantiivi;39
hämäännys;;substantiivi;39
hännys;;substantiivi;39
härnäys;;substantiivi;39
hätkähdys;;substantiivi;39
hätyytys;;substantiivi;39
hätäännys;;substantiivi;39
hävitys;;substantiivi;39
häväistys;;substantiivi;39
häämötys;;substantiivi;39
hökötys;;substantiivi;39
höllennys;;substantiivi;39
hölmistys;;substantiivi;39
hömpsötys;;substantiivi;39
hömpötys;;substantiivi;39
hönkäys;;substantiivi;39
höpötys;;substantiivi;39
hörähdys;;substantiivi;39
hörötys;;substantiivi;39
hössötys;;substantiivi;39
höyhennys;;substantiivi;39
höyhenys;;substantiivi;39
höykytys;;substantiivi;39
höyläys;;substantiivi;39
höyrystys;;substantiivi;39
höyrytys;;substantiivi;39
höösäys;;substantiivi;39
idis;;substantiivi;39
idätys;;substantiivi;39
ihastus;;substantiivi;39
ihmetys;;substantiivi;39
iibis;;substantiivi;39
iiris;;substantiivi;39
ikonimaalaus;;substantiivi;39
ikäys;;substantiivi;39
iljetys;;substantiivi;39
ilkimys;;substantiivi;39
ilmarosvous;;substantiivi;39
ilmastus;;substantiivi;39
ilmatankkaus;;substantiivi;39
ilmaus;1;substantiivi;39
ilmaus;2;substantiivi;39
ilmennys;;substantiivi;39
ilmestys;;substantiivi;39
ilmoitus;;substantiivi;39
ilves;;substantiivi;39
imellys;;substantiivi;39
imetys;;substantiivi;39
imeytys;;substantiivi;39
imppaus;;substantiivi;39
inahdus;;substantiivi;39
inaus;;substantiivi;39
inhotus;;substantiivi;39
innoitus;;substantiivi;39
innostus;;substantiivi;39
intos;;substantiivi;39
irkkaus;;substantiivi;39
irrotus;;substantiivi;39
irvistys;;substantiivi;39
iskias;;substantiivi;39
iskos;;substantiivi;39
istutus;;substantiivi;39
itsepalvelutankkaus;;substantiivi;39
itsetypistys;;substantiivi;39
jaaritus;;substantiivi;39
jakaus;;substantiivi;39
jaksotus;;substantiivi;39
jalas;;substantiivi;39
jallitus;;substantiivi;39
jalonnus;;substantiivi;39
jalostus;;substantiivi;39
jalus;;substantiivi;39
jankkaus;;substantiivi;39
jankutus;;substantiivi;39
jaos;;substantiivi;39
jaotus;;substantiivi;39
jarrutus;;substantiivi;39
jaspis;;substantiivi;39
jatkos;;substantiivi;39
jauhatus;;substantiivi;39
jauhemaalaus;;substantiivi;39
jeesus;;substantiivi;39
jerkkaus;;substantiivi;39
jigaus;;substantiivi;39
jodlaus;;substantiivi;39
johdatus;;substantiivi;39
johdos;;substantiivi;39
johdotus;;substantiivi;39
joikaus;;substantiivi;39
jokellus;;substantiivi;39
jomotus;;substantiivi;39
jongleeraus;;substantiivi;39
jonotus;;substantiivi;39
jorotus;;substantiivi;39
jotos;;substantiivi;39
joulusiivous;;substantiivi;39
jousitus;;substantiivi;39
juhannus;;substantiivi;39
julistus;;substantiivi;39
julkistus;;substantiivi;39
julkkis;;substantiivi;39
jumputus;;substantiivi;39
junttaus;;substantiivi;39
juoksutus;;substantiivi;39
juopumus;;substantiivi;39
juotos;;substantiivi;39
juovitus;;substantiivi;39
jurnutus;;substantiivi;39
justeeraus;;substantiivi;39
juudas;;substantiivi;39
juures;;substantiivi;39
juurrutus;;substantiivi;39
jymähdys;;substantiivi;39
jymäys;;substantiivi;39
jynssäys;;substantiivi;39
jyrähdys;;substantiivi;39
jyräys;1;substantiivi;39
jyräys;2;substantiivi;39
jyskytys;;substantiivi;39
jysähdys;;substantiivi;39
jysäys;;substantiivi;39
jytkytys;;substantiivi;39
jyvitys;;substantiivi;39
jäkätys;;substantiivi;39
jäljennys;;substantiivi;39
jäljennös;;substantiivi;39
jäljitys;;substantiivi;39
jänis;;substantiivi;39
jännitys;;substantiivi;39
järistys;;substantiivi;39
järjestys;;substantiivi;39
järkytys;;substantiivi;39
jäsennys;;substantiivi;39
jätös;;substantiivi;39
jäykistys;;substantiivi;39
jäädytys;;substantiivi;39
jäähdytys;;substantiivi;39
jäännös;;substantiivi;39
kaahaus;;substantiivi;39
kaakatus;;substantiivi;39
kaamos;;substantiivi;39
kaaos;;substantiivi;39
kaappaus;;substantiivi;39
kaaputus;;substantiivi;39
kaarros;;substantiivi;39
kaasus;;substantiivi;39
kaasutus;;substantiivi;39
kaavoitus;;substantiivi;39
kadotus;;substantiivi;39
kahahdus;;substantiivi;39
kahdeksannes;;substantiivi;39
kahdennus;;substantiivi;39
kahlaus;;substantiivi;39
kahnaus;;substantiivi;39
kahvaus;;substantiivi;39
kahvitus;;substantiivi;39
kaiherrus;;substantiivi;39
kailotus;;substantiivi;39
kaimakset;;substantiivi;39
kaipaus;;substantiivi;39
kairaus;;substantiivi;39
kaitselmus;;substantiivi;39
kaivaus;;substantiivi;39
kaiverros;;substantiivi;39
kaiverrus;;substantiivi;39
kaivos;;substantiivi;39
kajahdus;;substantiivi;39
kajastus;;substantiivi;39
kajaus;;substantiivi;39
kaksinnus;;substantiivi;39
kaktus;;substantiivi;39
kakutus;;substantiivi;39
kalahdus;;substantiivi;39
kalastus;;substantiivi;39
kalkatus;;substantiivi;39
kalkitus;;substantiivi;39
kalkkimaalaus;;substantiivi;39
kalkkis;;substantiivi;39
kalkutus;;substantiivi;39
kalliomaalaus;;substantiivi;39
kallistus;;substantiivi;39
kalmannos;;substantiivi;39
kalttaus;;substantiivi;39
kalustus;;substantiivi;39
kampaus;;substantiivi;39
kampitus;;substantiivi;39
kamppaus;;substantiivi;39
kampus;;substantiivi;39
kandeeraus;;substantiivi;39
kangastus;;substantiivi;39
kangerrus;;substantiivi;39
kannabis;;substantiivi;39
kannanilmaus;;substantiivi;39
kannas;;substantiivi;39
kannatus;;substantiivi;39
kannus;1;substantiivi;39
kannus;2;substantiivi;39
kannustus;;substantiivi;39
kansitus;;substantiivi;39
kantamus;;substantiivi;39
kanttaus;;substantiivi;39
kapistus;;substantiivi;39
kapris;;substantiivi;39
kapsahdus;;substantiivi;39
karahdus;;substantiivi;39
karhennos;;substantiivi;39
karhennus;;substantiivi;39
karhotus;;substantiivi;39
karies;;substantiivi;39
karistus;;substantiivi;39
karjahdus;;substantiivi;39
karjalannos;;substantiivi;39
karkaus;;substantiivi;39
karkeistus;;substantiivi;39
karkotus;;substantiivi;39
karppaus;;substantiivi;39
karsastus;;substantiivi;39
karstaus;;substantiivi;39
kartoitus;;substantiivi;39
kartutus;;substantiivi;39
karvaus;2;substantiivi;39
karvoitus;;substantiivi;39
kasaus;;substantiivi;39
kaseeraus;;substantiivi;39
kasvatus;;substantiivi;39
kasvis;;substantiivi;39
kasvomaalaus;;substantiivi;39
katarsis;;substantiivi;39
katekismus;;substantiivi;39
katkismus;;substantiivi;39
katkos;;substantiivi;39
katos;;substantiivi;39
katsahdus;;substantiivi;39
katsastus;;substantiivi;39
katsaus;;substantiivi;39
katselmus;;substantiivi;39
katsomus;;substantiivi;39
kattamus;;substantiivi;39
kattaus;;substantiivi;39
kattomaalaus;;substantiivi;39
katumus;;substantiivi;39
kauhistus;;substantiivi;39
kaukis;;substantiivi;39
kaulaus;;substantiivi;39
kaulus;;substantiivi;39
kaunistus;;substantiivi;39
kauppis;;substantiivi;39
kavallus;;substantiivi;39
kavennus;;substantiivi;39
kaverukset;;substantiivi;39
kehitys;;substantiivi;39
kehotus;;substantiivi;39
kehruukset;;substantiivi;39
kehräs;;substantiivi;39
kehräys;;substantiivi;39
kehys;;substantiivi;39
kehystys;;substantiivi;39
keihästys;;substantiivi;39
keikahdus;;substantiivi;39
keikaus;;substantiivi;39
keikutus;;substantiivi;39
keilaus;;substantiivi;39
keinahdus;;substantiivi;39
keinutus;;substantiivi;39
keitos;;substantiivi;39
keitraus;;substantiivi;39
kelastus;;substantiivi;39
kelaus;;substantiivi;39
kellahdus;;substantiivi;39
kellontikitys;;substantiivi;39
kellutus;;substantiivi;39
kelpuutus;;substantiivi;39
kengitys;;substantiivi;39
kepitys;;substantiivi;39
kerberos;;substantiivi;39
kerjäys;;substantiivi;39
kerros;;substantiivi;39
kertaus;;substantiivi;39
kertomus;;substantiivi;39
keräys;;substantiivi;39
keskeytys;;substantiivi;39
keskitys;;substantiivi;39
keskus;;substantiivi;39
kestitys;;substantiivi;39
kesytys;;substantiivi;39
ketjutus;;substantiivi;39
kevennys;;substantiivi;39
keväistys;;substantiivi;39
kidnappaus;;substantiivi;39
kidukset;;substantiivi;39
kidutus;;substantiivi;39
kiehahdus;;substantiivi;39
kiehautus;;substantiivi;39
kiehutus;;substantiivi;39
kiekaus;;substantiivi;39
kieltäymys;;substantiivi;39
kiepahdus;;substantiivi;39
kiepaus;;substantiivi;39
kiepautus;;substantiivi;39
kiepsahdus;;substantiivi;39
kiepsaus;;substantiivi;39
kieritys;;substantiivi;39
kierros;;substantiivi;39
kierrätys;;substantiivi;39
kierteitys;;substantiivi;39
kiertoilmaus;;substantiivi;39
kierähdys;;substantiivi;39
kihahdus;;substantiivi;39
kihaus;;substantiivi;39
kiherrys;;substantiivi;39
kihlaus;;substantiivi;39
kihnutus;;substantiivi;39
kiihdytys;;substantiivi;39
kiihotus;;substantiivi;39
kiihtymys;;substantiivi;39
kiilaus;;substantiivi;39
kiillotus;;substantiivi;39
kiinnitys;;substantiivi;39
kiinnostus;;substantiivi;39
kiinteytys;;substantiivi;39
kiintymys;;substantiivi;39
kiitos;;substantiivi;39
kiivastus;;substantiivi;39
kikatus;;substantiivi;39
kilahdus;;substantiivi;39
kilaus;;substantiivi;39
kiljahdus;;substantiivi;39
kiljaus;;substantiivi;39
kilkatus;;substantiivi;39
kilkutus;;substantiivi;39
kilvoitus;;substantiivi;39
kimallus;;substantiivi;39
kimitys;;substantiivi;39
kimmahdus;;substantiivi;39
kimmastus;;substantiivi;39
kimmellys;;substantiivi;39
kimpaannus;;substantiivi;39
kimputus;;substantiivi;39
kinos;;substantiivi;39
kipsaus;;substantiivi;39
kirahdus;;substantiivi;39
kiristys;;substantiivi;39
kirjaus;;substantiivi;39
kirjavinkkaus;;substantiivi;39
kirjoitus;;substantiivi;39
kirjomus;;substantiivi;39
kirkastus;;substantiivi;39
kirkkomaalaus;;substantiivi;39
kirous;;substantiivi;39
kirppis;;substantiivi;39
kirskahdus;;substantiivi;39
kirskaus;;substantiivi;39
kirskutus;;substantiivi;39
kirvellys;;substantiivi;39
kiskotus;;substantiivi;39
kissus;;substantiivi;39
kiteytys;;substantiivi;39
kitkutus;;substantiivi;39
kittaus;;substantiivi;39
kiusaus;;substantiivi;39
kivahdus;;substantiivi;39
kives;;substantiivi;39
kivetys;;substantiivi;39
kiveys;;substantiivi;39
kivistys;;substantiivi;39
kivitys;;substantiivi;39
klematis;;substantiivi;39
klikkaus;;substantiivi;39
klitoris;;substantiivi;39
kloonaus;;substantiivi;39
klooraus;;substantiivi;39
klooritus;;substantiivi;39
koestus;;substantiivi;39
koettelemus;;substantiivi;39
koetus;;substantiivi;39
kohahdus;;substantiivi;39
kohaus;;substantiivi;39
kohautus;;substantiivi;39
kohdistus;;substantiivi;39
kohennus;;substantiivi;39
kohmetus;;substantiivi;39
kohotus;;substantiivi;39
kohtaus;;substantiivi;39
koitos;;substantiivi;39
koitus;;substantiivi;39
kokemus;;substantiivi;39
kokis;;substantiivi;39
kokkaus;;substantiivi;39
kokoomus;;substantiivi;39
kokous;;substantiivi;39
kolahdus;;substantiivi;39
kolaus;;substantiivi;39
kolkutus;;substantiivi;39
kollotus;;substantiivi;39
kolmannes;;substantiivi;39
kolotus;;substantiivi;39
komennus;;substantiivi;39
komistus;;substantiivi;39
kommellus;;substantiivi;39
kompastus;;substantiivi;39
kompus;;substantiivi;39
kondis;;substantiivi;39
koneistus;;substantiivi;39
konsensus;;substantiivi;39
konttaus;;substantiivi;39
koodaus;;substantiivi;39
kooditus;;substantiivi;39
koolaus;;substantiivi;39
koonnos;;substantiivi;39
koostumus;;substantiivi;39
kopahdus;;substantiivi;39
kopaus;;substantiivi;39
kopautus;;substantiivi;39
koplaus;;substantiivi;39
kopsahdus;;substantiivi;39
kopsaus;1;substantiivi;39
kopsaus;2;substantiivi;39
koputus;;substantiivi;39
korahdus;;substantiivi;39
koris;;substantiivi;39
koristemaalaus;;substantiivi;39
koristus;;substantiivi;39
korjaus;;substantiivi;39
korkitus;;substantiivi;39
korostus;;substantiivi;39
korotus;;substantiivi;39
korpus;;substantiivi;39
korskahdus;;substantiivi;39
korvaus;;substantiivi;39
korvennus;;substantiivi;39
korvis;;substantiivi;39
korvus;;substantiivi;39
kosketus;;substantiivi;39
kosmos;;substantiivi;39
kostutus;;substantiivi;39
kotiutus;;substantiivi;39
kotkaus;;substantiivi;39
kotkotus;;substantiivi;39
kotoistus;;substantiivi;39
kotoutus;;substantiivi;39
kotus;;substantiivi;39
koukistus;;substantiivi;39
koukkaus;;substantiivi;39
koulutus;;substantiivi;39
kouristus;;substantiivi;39
kovennus;;substantiivi;39
koverrus;;substantiivi;39
kovetus;;substantiivi;39
kovis;;substantiivi;39
kovitus;;substantiivi;39
krakkaus;;substantiivi;39
kreppaus;;substantiivi;39
kroisos;;substantiivi;39
kromaus;;substantiivi;39
kromitus;;substantiivi;39
krookus;;substantiivi;39
kruunaus;;substantiivi;39
kruusaus;;substantiivi;39
kryptaus;;substantiivi;39
kudos;;substantiivi;39
kuherrus;;substantiivi;39
kuhnus;;substantiivi;39
kuidutus;;substantiivi;39
kuihtumus;;substantiivi;39
kuiskaus;;substantiivi;39
kuiskutus;;substantiivi;39
kuittaus;;substantiivi;39
kuivatus;;substantiivi;39
kuivaus;;substantiivi;39
kujerrus;;substantiivi;39
kukahdus;;substantiivi;39
kukerrus;;substantiivi;39
kukitus;;substantiivi;39
kukkamaalaus;;substantiivi;39
kukoistus;;substantiivi;39
kulaus;;substantiivi;39
kuljetus;;substantiivi;39
kulmaus;;substantiivi;39
kulotus;;substantiivi;39
kultaus;;substantiivi;39
kulutus;;substantiivi;39
kumahdus;;substantiivi;39
kumarrus;;substantiivi;39
kumaus;;substantiivi;39
kummastus;;substantiivi;39
kummitus;;substantiivi;39
kumotus;;substantiivi;39
kumous;;substantiivi;39
kumppanukset;;substantiivi;39
kunnioitus;;substantiivi;39
kunnostus;;substantiivi;39
kuntoutus;;substantiivi;39
kuoletus;;substantiivi;39
kuopus;;substantiivi;39
kuormaus;;substantiivi;39
kuormitus;;substantiivi;39
kuorrutus;;substantiivi;39
kuorsaus;;substantiivi;39
kuositus;;substantiivi;39
kuppaus;;substantiivi;39
kurimus;;substantiivi;39
kuristus;;substantiivi;39
kuritus;;substantiivi;39
kurjimus;;substantiivi;39
kurkistus;;substantiivi;39
kurlaus;;substantiivi;39
kurssitus;;substantiivi;39
kusetus;;substantiivi;39
kuskaus;;substantiivi;39
kustannus;;substantiivi;39
kustos;;substantiivi;39
kutistus;;substantiivi;39
kutitus;;substantiivi;39
kutsumus;;substantiivi;39
kuudennes;;substantiivi;39
kuullotus;;substantiivi;39
kuulostus;;substantiivi;39
kuulutus;;substantiivi;39
kuumennus;;substantiivi;39
kuumoitus;;substantiivi;39
kuumotus;1;substantiivi;39
kuumotus;2;substantiivi;39
kuuraus;;substantiivi;39
kuurnitus;;substantiivi;39
kuvailmaus;;substantiivi;39
kuvas;;substantiivi;39
kuvastus;;substantiivi;39
kuvatus;;substantiivi;39
kuvaus;;substantiivi;39
kuvioitus;;substantiivi;39
kuvis;;substantiivi;39
kuvitus;;substantiivi;39
kuvotus;;substantiivi;39
kydötys;;substantiivi;39
kyhäys;;substantiivi;39
kyljes;;substantiivi;39
kyljys;;substantiivi;39
kyllästys;;substantiivi;39
kylvetys;;substantiivi;39
kylvös;;substantiivi;39
kymmenennes;;substantiivi;39
kymmenes;2;substantiivi;39
kymmenys;;substantiivi;39
kynnys;;substantiivi;39
kynnös;;substantiivi;39
kypsennys;;substantiivi;39
kypsytys;;substantiivi;39
kysymys;;substantiivi;39
kytkös;;substantiivi;39
kyttäys;;substantiivi;39
kyyditys;;substantiivi;39
kyykistys;;substantiivi;39
kyykytys;;substantiivi;39
käherrys;;substantiivi;39
kähvellys;;substantiivi;39
kähähdys;;substantiivi;39
käkätys;;substantiivi;39
kälykset;;substantiivi;39
kämmäys;;substantiivi;39
kämppis;;substantiivi;39
kännäys;;substantiivi;39
käristys;;substantiivi;39
kärjistys;;substantiivi;39
kärräys;;substantiivi;39
kärsimys;;substantiivi;39
kärvennys;;substantiivi;39
kärytys;;substantiivi;39
käsis;;substantiivi;39
käsitys;;substantiivi;39
käskytys;;substantiivi;39
käynnistys;;substantiivi;39
käyristys;;substantiivi;39
käytös;;substantiivi;39
käämitys;;substantiivi;39
käännytys;;substantiivi;39
käännähdys;;substantiivi;39
käännös;;substantiivi;39
kääntymys;;substantiivi;39
kömmähdys;;substantiivi;39
kömpelys;;substantiivi;39
köntys;;substantiivi;39
köynnös;;substantiivi;39
köytös;;substantiivi;39
laahaus;;substantiivi;39
laahus;;substantiivi;39
laajennos;;substantiivi;39
laajennus;;substantiivi;39
laapis;;substantiivi;39
laastitus;;substantiivi;39
laatoitus;;substantiivi;39
laatukuvamaalaus;;substantiivi;39
lados;;substantiivi;39
lahjoitus;;substantiivi;39
lahjus;;substantiivi;39
laidoitus;;substantiivi;39
laidunnus;;substantiivi;39
laihdutus;;substantiivi;39
laikutus;;substantiivi;39
laillistus;;substantiivi;39
laimennos;;substantiivi;39
laimennus;;substantiivi;39
lainaus;;substantiivi;39
lainhuudatus;;substantiivi;39
lainoitus;;substantiivi;39
laiskimus;;substantiivi;39
laitos;;substantiivi;39
laivaus;;substantiivi;39
lakkaus;;substantiivi;39
lakkautus;;substantiivi;39
lakmus;;substantiivi;39
lamaannus;;substantiivi;39
lanaus;;substantiivi;39
langoitus;;substantiivi;39
langokset;;substantiivi;39
lankaus;;substantiivi;39
lankeemus;;substantiivi;39
lankkaus;;substantiivi;39
lankutus;;substantiivi;39
lannoitus;;substantiivi;39
lannos;;substantiivi;39
lanseeraus;;substantiivi;39
lapsus;;substantiivi;39
larppaus;;substantiivi;39
laseeraus;;substantiivi;39
lasimaalaus;;substantiivi;39
lasitus;;substantiivi;39
laskos;;substantiivi;39
laskostus;;substantiivi;39
laskutus;;substantiivi;39
lastaus;;substantiivi;39
lastoitus;;substantiivi;39
lataus;;substantiivi;39
latomus;;substantiivi;39
latvus;;substantiivi;39
lauantaisiivous;;substantiivi;39
laudoitus;;substantiivi;39
lauhdutus;;substantiivi;39
laukaus;;substantiivi;39
lausahdus;;substantiivi;39
lauttaus;;substantiivi;39
lavastus;;substantiivi;39
laveeraus;;substantiivi;39
lehahdus;;substantiivi;39
lehaus;;substantiivi;39
lehdekset;;substantiivi;39
lehmus;;substantiivi;39
leikkaus;;substantiivi;39
leimahdus;;substantiivi;39
leimaus;1;substantiivi;39
leimaus;2;substantiivi;39
leipomus;;substantiivi;39
leiritys;;substantiivi;39
leiskahdus;;substantiivi;39
leiskaus;;substantiivi;39
leivitys;;substantiivi;39
leivos;;substantiivi;39
lemahdus;;substantiivi;39
lennätys;;substantiivi;39
lentis;;substantiivi;39
lepatus;;substantiivi;39
leperrys;;substantiivi;39
lepuutus;;substantiivi;39
lepytys;;substantiivi;39
lespaus;;substantiivi;39
letkaus;;substantiivi;39
letkautus;;substantiivi;39
letkis;;substantiivi;39
levennys;;substantiivi;39
levitys;;substantiivi;39
levytys;;substantiivi;39
levähdys;;substantiivi;39
leyhähdys;;substantiivi;39
liehahdus;;substantiivi;39
liekitys;;substantiivi;39
liennytys;;substantiivi;39
lievennys;;substantiivi;39
lievitys;;substantiivi;39
liftaus;;substantiivi;39
lihas;;substantiivi;39
lihis;;substantiivi;39
lihotus;;substantiivi;39
liikahdus;;substantiivi;39
liikakansoitus;;substantiivi;39
liikutus;;substantiivi;39
liimaus;;substantiivi;39
liimoitus;;substantiivi;39
liisaus;;substantiivi;39
liitos;;substantiivi;39
likistys;;substantiivi;39
limbus;;substantiivi;39
limitys;;substantiivi;39
linjaus;;substantiivi;39
linkitys;;substantiivi;39
linkous;;substantiivi;39
linnoitus;;substantiivi;39
linnustus;;substantiivi;39
lintsaus;;substantiivi;39
liotus;;substantiivi;39
lipitys;;substantiivi;39
liplatus;;substantiivi;39
lippis;;substantiivi;39
lipsahdus;;substantiivi;39
lipsaus;;substantiivi;39
liputus;;substantiivi;39
lirahdus;;substantiivi;39
liraus;;substantiivi;39
liritys;;substantiivi;39
lirkutus;;substantiivi;39
lirutus;;substantiivi;39
listaus;;substantiivi;39
listoitus;;substantiivi;39
lisäys;;substantiivi;39
litistys;;substantiivi;39
liudennus;;substantiivi;39
liukastus;;substantiivi;39
liuos;;substantiivi;39
liuotus;;substantiivi;39
liverrys;;substantiivi;39
lobbaus;;substantiivi;39
lohdutus;;substantiivi;39
loikkaus;;substantiivi;39
loilotus;;substantiivi;39
loimitus;;substantiivi;39
loimotus;;substantiivi;39
loiskahdus;;substantiivi;39
loiskaus;;substantiivi;39
loitonnus;;substantiivi;39
loivennus;;substantiivi;39
lojahdus;;substantiivi;39
loksahdus;;substantiivi;39
lomautus;;substantiivi;39
lomitus;;substantiivi;39
lonksutus;;substantiivi;39
lonkutus;;substantiivi;39
lootus;;substantiivi;39
lopetus;;substantiivi;39
lorahdus;;substantiivi;39
loraus;;substantiivi;39
louhos;;substantiivi;39
loukkaus;;substantiivi;39
loveus;;substantiivi;39
lovitus;;substantiivi;39
lues;;substantiivi;39
luiskahdus;;substantiivi;39
lukitus;;substantiivi;39
luksus;;substantiivi;39
lumetus;;substantiivi;39
lumous;;substantiivi;39
lunastus;;substantiivi;39
lunttaus;;substantiivi;39
luokitus;;substantiivi;39
luolamaalaus;;substantiivi;39
luomus;;substantiivi;39
luonnos;;substantiivi;39
luontumus;;substantiivi;39
luopumus;;substantiivi;39
luotaus;;substantiivi;39
luototus;;substantiivi;39
luotsaus;;substantiivi;39
luottamus;;substantiivi;39
luovutus;;substantiivi;39
lupaus;;substantiivi;39
luraus;;substantiivi;39
luritus;;substantiivi;39
lurjus;;substantiivi;39
lutkutus;;substantiivi;39
luudas;;substantiivi;39
luudutus;;substantiivi;39
luvitus;;substantiivi;39
lyhennys;;substantiivi;39
lykkäys;;substantiivi;39
lynkkaus;;substantiivi;39
lypsätys;;substantiivi;39
lähdetys;;substantiivi;39
lähetys;;substantiivi;39
läikytys;;substantiivi;39
läikähdys;;substantiivi;39
läimähdys;;substantiivi;39
läimäys;;substantiivi;39
läiskytys;;substantiivi;39
läiskähdys;;substantiivi;39
läiskäys;;substantiivi;39
läjitys;;substantiivi;39
läjähdys;;substantiivi;39
läjäys;1;substantiivi;39
läjäys;2;substantiivi;39
läksytys;;substantiivi;39
lällätys;;substantiivi;39
lämmitys;;substantiivi;39
läpsytys;;substantiivi;39
läpsähdys;;substantiivi;39
läpsäys;;substantiivi;39
läpsäytys;;substantiivi;39
läpytys;;substantiivi;39
läpätys;;substantiivi;39
läskimooses;;substantiivi;39
lässytys;;substantiivi;39
lätsähdys;;substantiivi;39
lävistys;;substantiivi;39
läähätys;;substantiivi;39
lääkis;;substantiivi;39
lääkitys;;substantiivi;39
läänitys;;substantiivi;39
lörpötys;;substantiivi;39
löydös;;substantiivi;39
löyhennys;;substantiivi;39
löylytys;;substantiivi;39
maadoitus;;substantiivi;39
maalaus;1;substantiivi;39
maalaus;2;substantiivi;39
maannos;;substantiivi;39
madallus;;substantiivi;39
madotus;;substantiivi;39
madras;;substantiivi;39
mahis;;substantiivi;39
mailaus;;substantiivi;39
mainos;;substantiivi;39
mainostus;;substantiivi;39
maisemamaalaus;;substantiivi;39
maiskahdus;;substantiivi;39
maiskaus;;substantiivi;39
maiskutus;;substantiivi;39
maistatus;;substantiivi;39
majoitus;;substantiivi;39
makaus;;substantiivi;39
makeutus;;substantiivi;39
maksatus;;substantiivi;39
makuus;;substantiivi;39
maljakkomaalaus;;substantiivi;39
mallastus;;substantiivi;39
mallinnos;;substantiivi;39
mallinnus;;substantiivi;39
mamis;;substantiivi;39
manaus;;substantiivi;39
mapitus;;substantiivi;39
marjastus;;substantiivi;39
marmatus;;substantiivi;39
masennus;;substantiivi;39
massaus;;substantiivi;39
matkustus;;substantiivi;39
mehustus;;substantiivi;39
meikkaus;;substantiivi;39
meilaus;;substantiivi;39
mekastus;;substantiivi;39
meleeraus;;substantiivi;39
mellastus;;substantiivi;39
mellotus;;substantiivi;39
menestys;;substantiivi;39
menetys;;substantiivi;39
mensikset;;substantiivi;39
merkitys;;substantiivi;39
merkkaus;;substantiivi;39
mestaus;;substantiivi;39
metsitys;;substantiivi;39
metsänleimaus;;substantiivi;39
metsästys;;substantiivi;39
miedonnos;;substantiivi;39
miedonnus;;substantiivi;39
miehitys;;substantiivi;39
mielenilmaus;;substantiivi;39
mielipiteenilmaus;;substantiivi;39
mieltymys;;substantiivi;39
miinoitus;;substantiivi;39
miksaus;;substantiivi;39
mimesis;;substantiivi;39
miniatyyrimaalaus;;substantiivi;39
mitoitus;;substantiivi;39
mittaus;;substantiivi;39
mobbaus;;substantiivi;39
modus;;substantiivi;39
moiskahdus;;substantiivi;39
moiskaus;;substantiivi;39
mojahdus;;substantiivi;39
mokaus;;substantiivi;39
moksahdus;;substantiivi;39
moksaus;;substantiivi;39
mollaus;;substantiivi;39
molotus;;substantiivi;39
molskahdus;;substantiivi;39
molskaus;;substantiivi;39
mongerrus;;substantiivi;39
monistus;;substantiivi;39
moppaus;;substantiivi;39
morkkaus;;substantiivi;39
morkkis;;substantiivi;39
morsetus;;substantiivi;39
moshaus;;substantiivi;39
muhennos;;substantiivi;39
muhennus;;substantiivi;39
muilutus;;substantiivi;39
muistelus;;substantiivi;39
muistutus;;substantiivi;39
muksahdus;;substantiivi;39
muksaus;;substantiivi;39
mulahdus;;substantiivi;39
muljahdus;;substantiivi;39
muljaus;;substantiivi;39
mullas;;substantiivi;39
mullistus;;substantiivi;39
mullitus;;substantiivi;39
mullos;;substantiivi;39
mulskahdus;;substantiivi;39
multaus;;substantiivi;39
munaus;;substantiivi;39
munitus;;substantiivi;39
muodostus;;substantiivi;39
muokkaus;;substantiivi;39
muonitus;;substantiivi;39
muotitus;;substantiivi;39
muotokuvamaalaus;;substantiivi;39
muovaus;;substantiivi;39
muovitus;;substantiivi;39
mupellus;;substantiivi;39
murahdus;;substantiivi;39
murennus;;substantiivi;39
murjotus;;substantiivi;39
murros;;substantiivi;39
murrostus;;substantiivi;39
murskaus;;substantiivi;39
mussutus;;substantiivi;39
mustis;;substantiivi;39
muunnos;;substantiivi;39
muuraus;;substantiivi;39
muutos;;substantiivi;39
myhähdys;;substantiivi;39
myllerrys;;substantiivi;39
myllytys;;substantiivi;39
mylvähdys;;substantiivi;39
myrkytys;;substantiivi;39
myönnytys;;substantiivi;39
myöntymys;;substantiivi;39
mädätys;;substantiivi;39
mäiskytys;;substantiivi;39
mäiskähdys;;substantiivi;39
mäiskäys;;substantiivi;39
mäjähdys;;substantiivi;39
mäjäys;;substantiivi;39
mäkätys;;substantiivi;39
mäsis;;substantiivi;39
mäskäys;;substantiivi;39
mässäys;;substantiivi;39
mätkähdys;;substantiivi;39
mätkäys;;substantiivi;39
mätkäytys;;substantiivi;39
mätästys;;substantiivi;39
määritys;;substantiivi;39
määräys;;substantiivi;39
möhläys;;substantiivi;39
mökellys;;substantiivi;39
mökötys;;substantiivi;39
mölähdys;;substantiivi;39
möläytys;;substantiivi;39
mölötys;;substantiivi;39
mörähdys;;substantiivi;39
möyhennys;;substantiivi;39
naapurukset;;substantiivi;39
naaraus;;substantiivi;39
naarmutus;;substantiivi;39
nahas;;substantiivi;39
nahjus;;substantiivi;39
nahoitus;;substantiivi;39
nakerrus;;substantiivi;39
naksahdus;;substantiivi;39
naksaus;;substantiivi;39
naksautus;;substantiivi;39
nakutus;;substantiivi;39
nalkutus;;substantiivi;39
napaus;;substantiivi;39
napautus;;substantiivi;39
napeeraus;;substantiivi;39
napitus;;substantiivi;39
napsahdus;;substantiivi;39
napsaus;;substantiivi;39
napsautus;;substantiivi;39
naputus;;substantiivi;39
narahdus;;substantiivi;39
narkkaus;;substantiivi;39
narkkis;;substantiivi;39
narraus;;substantiivi;39
narskahdus;;substantiivi;39
narskutus;;substantiivi;39
narutus;;substantiivi;39
nastaus;;substantiivi;39
nastoitus;;substantiivi;39
nauhoitus;;substantiivi;39
naulaus;;substantiivi;39
naurahdus;;substantiivi;39
neljännes;;substantiivi;39
neppaus;;substantiivi;39
neronleimaus;;substantiivi;39
nesteytys;;substantiivi;39
neulomus;;substantiivi;39
neulos;;substantiivi;39
neuvos;;substantiivi;39
nidos;;substantiivi;39
nielaus;;substantiivi;39
nietos;;substantiivi;39
niiaus;;substantiivi;39
niisitys;;substantiivi;39
niiskutus;;substantiivi;39
niittaus;;substantiivi;39
nikotus;;substantiivi;39
niksahdus;;substantiivi;39
niksaus;;substantiivi;39
nilkutus;;substantiivi;39
nillitys;;substantiivi;39
nimitys;;substantiivi;39
nipistys;;substantiivi;39
nipotus;;substantiivi;39
nipsahdus;;substantiivi;39
nipsaus;;substantiivi;39
niputus;;substantiivi;39
nirskutus;;substantiivi;39
niuhotus;;substantiivi;39
niukahdus;;substantiivi;39
nivus;;substantiivi;39
nokitus;;substantiivi;39
nollaus;;substantiivi;39
normitus;;substantiivi;39
nostatus;;substantiivi;39
noteeraus;;substantiivi;39
notkahdus;;substantiivi;39
nujerrus;;substantiivi;39
nukahdus;;substantiivi;39
nukitus;;substantiivi;39
nukkaus;;substantiivi;39
nukutus;;substantiivi;39
numerus;;substantiivi;39
nuntius;;substantiivi;39
nuohous;;substantiivi;39
nuorennus;;substantiivi;39
nuoritus;;substantiivi;39
nuorrutus;;substantiivi;39
nuotinnos;;substantiivi;39
nuotitus;;substantiivi;39
nuottaus;;substantiivi;39
nupoutus;;substantiivi;39
nurjahdus;;substantiivi;39
nurkkaus;;substantiivi;39
nuuttaus;;substantiivi;39
nykytys;;substantiivi;39
nykäys;;substantiivi;39
nypläys;;substantiivi;39
nyrjähdys;;substantiivi;39
nytkytys;;substantiivi;39
nytkähdys;;substantiivi;39
nytkäys;;substantiivi;39
nyyhkytys;;substantiivi;39
nyyhkäys;;substantiivi;39
nyökkäys;;substantiivi;39
nyökähdys;;substantiivi;39
nyöritys;;substantiivi;39
näivetys;;substantiivi;39
näkemys;;substantiivi;39
näkyvöitys;;substantiivi;39
näperrys;;substantiivi;39
näpistys;;substantiivi;39
näppis;;substantiivi;39
näppäys;;substantiivi;39
näpsäys;;substantiivi;39
näpsäytys;;substantiivi;39
näpäys;;substantiivi;39
näpäytys;;substantiivi;39
närkästys;;substantiivi;39
närästys;;substantiivi;39
näytös;;substantiivi;39
nääntymys;;substantiivi;39
nöyrtymys;;substantiivi;39
nöyryytys;;substantiivi;39
odotus;;substantiivi;39
ohennus;;substantiivi;39
ohitus;;substantiivi;39
ohjas;;substantiivi;39
ohjastus;;substantiivi;39
ohjaus;;substantiivi;39
ohjeistus;;substantiivi;39
ohjus;;substantiivi;39
oikeutus;;substantiivi;39
oikis;;substantiivi;39
oivallus;;substantiivi;39
ojennus;;substantiivi;39
ojitus;;substantiivi;39
oksennus;;substantiivi;39
oksetus;;substantiivi;39
olemus;;substantiivi;39
olettamus;;substantiivi;39
oletus;;substantiivi;39
omistus;;substantiivi;39
ompelus;;substantiivi;39
onnahdus;;substantiivi;39
onnenpotkaus;;substantiivi;39
ootraus;;substantiivi;39
opastus;;substantiivi;39
opetus;;substantiivi;39
opus;;substantiivi;39
orastus;;substantiivi;39
orjuutus;;substantiivi;39
ositus;;substantiivi;39
osoitus;;substantiivi;39
ostos;;substantiivi;39
otos;;substantiivi;39
otsis;;substantiivi;39
otus;;substantiivi;39
paalaus;;substantiivi;39
paalitus;;substantiivi;39
paalutus;;substantiivi;39
paanutus;;substantiivi;39
paapatus;;substantiivi;39
paatos;;substantiivi;39
paatumus;;substantiivi;39
pahennus;;substantiivi;39
pahis;;substantiivi;39
pahus;;substantiivi;39
paijaus;;substantiivi;39
paikannus;;substantiivi;39
paikkamaalaus;;substantiivi;39
paikkaus;;substantiivi;39
paikoitus;;substantiivi;39
paimennus;;substantiivi;39
painallus;;substantiivi;39
painatus;;substantiivi;39
paineistus;;substantiivi;39
painos;;substantiivi;39
painostus;;substantiivi;39
painotus;;substantiivi;39
paistos;;substantiivi;39
paisutus;;substantiivi;39
paitis;;substantiivi;39
pajatus;;substantiivi;39
pakastus;;substantiivi;39
pakerrus;;substantiivi;39
pakkaus;;substantiivi;39
paklaus;;substantiivi;39
pakotus;;substantiivi;39
paksunnos;;substantiivi;39
palautus;;substantiivi;39
paljastus;;substantiivi;39
palkkaus;;substantiivi;39
pallotus;;substantiivi;39
palstoitus;;substantiivi;39
palvaus;;substantiivi;39
palvelus;;substantiivi;39
pamahdus;;substantiivi;39
pamaus;;substantiivi;39
pamputus;;substantiivi;39
paneeraus;;substantiivi;39
pangasius;;substantiivi;39
panos;;substantiivi;39
panostus;;substantiivi;39
panttaus;;substantiivi;39
papatus;;substantiivi;39
papyrus;;substantiivi;39
parahdus;;substantiivi;39
parannus;;substantiivi;39
pareeraus;;substantiivi;39
paritus;;substantiivi;39
pariutus;;substantiivi;39
parjaus;;substantiivi;39
parkitus;;substantiivi;39
parkkeeraus;;substantiivi;39
parkkis;;substantiivi;39
parsimus;;substantiivi;39
paspis;;substantiivi;39
passitus;;substantiivi;39
passus;;substantiivi;39
pastellimaalaus;;substantiivi;39
pastis;;substantiivi;39
pasutus;;substantiivi;39
patistus;;substantiivi;39
patous;;substantiivi;39
paukahdus;;substantiivi;39
paukaus;;substantiivi;39
paukutus;;substantiivi;39
pauloitus;;substantiivi;39
pegasos;;substantiivi;39
peherrys;;substantiivi;39
pehmennys;;substantiivi;39
pehmis;;substantiivi;39
pehmitys;;substantiivi;39
pehmustus;;substantiivi;39
peilaus;;substantiivi;39
peippaus;;substantiivi;39
peitsaus;;substantiivi;39
peittaus;;substantiivi;39
pelastus;;substantiivi;39
pelkistys;;substantiivi;39
pelotus;;substantiivi;39
pelästys;;substantiivi;39
pengerrys;;substantiivi;39
penis;;substantiivi;39
penslaus;;substantiivi;39
perehdytys;;substantiivi;39
perehtymys;;substantiivi;39
perimys;;substantiivi;39
perkaus;;substantiivi;39
permis;;substantiivi;39
persaukset;;substantiivi;39
perspektiivimaalaus;;substantiivi;39
persukset;;substantiivi;39
persuukset;;substantiivi;39
perus;;substantiivi;39
perustus;;substantiivi;39
peruutus;;substantiivi;39
pesis;;substantiivi;39
pestaus;;substantiivi;39
petaus;;substantiivi;39
petkutus;;substantiivi;39
petos;;substantiivi;39
petraus;;substantiivi;39
petsaus;;substantiivi;39
pettymys;;substantiivi;39
pidennys;;substantiivi;39
pidätys;;substantiivi;39
pieles;;substantiivi;39
pielestys;;substantiivi;39
pielus;;substantiivi;39
pienennys;;substantiivi;39
pienennös;;substantiivi;39
pienoismaalaus;;substantiivi;39
pihahdus;;substantiivi;39
pihaus;;substantiivi;39
piikitys;;substantiivi;39
piikkaus;;substantiivi;39
piintymys;;substantiivi;39
piipahdus;;substantiivi;39
piiperrys;;substantiivi;39
piipitys;;substantiivi;39
piippaus;1;substantiivi;39
piippaus;2;substantiivi;39
piiritys;;substantiivi;39
piirros;;substantiivi;39
piirustus;;substantiivi;39
piiskaus;;substantiivi;39
pikeys;;substantiivi;39
pilates;;substantiivi;39
pilkahdus;;substantiivi;39
pilkistys;;substantiivi;39
pilkoitus;;substantiivi;39
pilkutus;;substantiivi;39
pimennys;;substantiivi;39
pimitys;;substantiivi;39
pimputus;;substantiivi;39
pingis;;substantiivi;39
pingotus;;substantiivi;39
pinnaus;;substantiivi;39
pinnistys;;substantiivi;39
pinnoitus;;substantiivi;39
piperrys;;substantiivi;39
pirahdus;;substantiivi;39
piraus;;substantiivi;39
piristys;;substantiivi;39
pirskahdus;;substantiivi;39
pirskotus;;substantiivi;39
pisteitys;;substantiivi;39
pistemaalaus;;substantiivi;39
pisteytys;;substantiivi;39
pistos;;substantiivi;39
pitennys;;substantiivi;39
pitkikset;;substantiivi;39
pitkitys;;substantiivi;39
pitkokset;;substantiivi;39
pitämys;;substantiivi;39
plankkaus;;substantiivi;39
plaseeraus;;substantiivi;39
pliseeraus;;substantiivi;39
plumpsahdus;;substantiivi;39
pläjäys;;substantiivi;39
pohjamaalaus;;substantiivi;39
pohjaus;;substantiivi;39
pohjus;;substantiivi;39
pohjustus;;substantiivi;39
poi’itus;;substantiivi;39
poijutus;;substantiivi;39
poikkeus;;substantiivi;39
poimutus;;substantiivi;39
poksahdus;;substantiivi;39
polotus;;substantiivi;39
polskahdus;;substantiivi;39
polskaus;;substantiivi;39
polttomaalaus;;substantiivi;39
pommitus;;substantiivi;39
pompahdus;;substantiivi;39
pompotus;;substantiivi;39
pomppaus;;substantiivi;39
ponnahdus;;substantiivi;39
ponnistus;;substantiivi;39
ponttaus;;substantiivi;39
poraus;;substantiivi;39
porotus;;substantiivi;39
porrastus;;substantiivi;39
porsitus;;substantiivi;39
posahdus;;substantiivi;39
posaus;;substantiivi;39
poseeraus;;substantiivi;39
posliinimaalaus;;substantiivi;39
posliininmaalaus;;substantiivi;39
postaus;;substantiivi;39
postitus;;substantiivi;39
potkaus;;substantiivi;39
poukahdus;;substantiivi;39
poukkaus;;substantiivi;39
povaus;;substantiivi;39
praksis;;substantiivi;39
preppaus;;substantiivi;39
priimas;;substantiivi;39
priimus;;substantiivi;39
printtaus;;substantiivi;39
pronssaus;;substantiivi;39
pronssitus;;substantiivi;39
prutkutus;;substantiivi;39
prässäys;;substantiivi;39
psoriasis;;substantiivi;39
psyykkaus;;substantiivi;39
pudistus;;substantiivi;39
pudotus;;substantiivi;39
puhallus;;substantiivi;39
puhallutus;;substantiivi;39
puhdistus;;substantiivi;39
puijaus;;substantiivi;39
puikkaus;;substantiivi;39
puistatus;;substantiivi;39
pujos;;substantiivi;39
pujotus;;substantiivi;39
pukkaus;;substantiivi;39
puksutus;;substantiivi;39
pulahdus;;substantiivi;39
pulaus;;substantiivi;39
pulautus;;substantiivi;39
puleeraus;;substantiivi;39
pullistus;;substantiivi;39
pullotus;;substantiivi;39
pulputus;;substantiivi;39
pulttaus;;substantiivi;39
pummaus;;substantiivi;39
pumppaus;;substantiivi;39
punastus;;substantiivi;39
punaus;;substantiivi;39
punerrus;;substantiivi;39
punnerrus;;substantiivi;39
punnitus;;substantiivi;39
punnus;;substantiivi;39
punoitus;;substantiivi;39
punos;;substantiivi;39
puntis;;substantiivi;39
puolaus;;substantiivi;39
puolitus;;substantiivi;39
puolustus;;substantiivi;39
puomitus;;substantiivi;39
pupellus;;substantiivi;39
puristus;;substantiivi;39
purjehdus;;substantiivi;39
purkaus;;substantiivi;39
purnaus;;substantiivi;39
purskahdus;;substantiivi;39
purskaus;;substantiivi;39
purskutus;;substantiivi;39
pursotus;;substantiivi;39
puserrus;;substantiivi;39
pussitus;;substantiivi;39
putkitus;;substantiivi;39
putous;;substantiivi;39
putputus;;substantiivi;39
putsaus;;substantiivi;39
puttaus;;substantiivi;39
puudutus;;substantiivi;39
puukotus;;substantiivi;39
puunaus;;substantiivi;39
puuskutus;;substantiivi;39
puutos;;substantiivi;39
puutumus;;substantiivi;39
puvustus;;substantiivi;39
pyhimys;;substantiivi;39
pyhitys;;substantiivi;39
pyllistys;;substantiivi;39
pyrkimys;;substantiivi;39
pyrskähdys;;substantiivi;39
pyrähdys;;substantiivi;39
pystis;;substantiivi;39
pystytys;;substantiivi;39
pysähdys;;substantiivi;39
pysäys;;substantiivi;39
pysäytys;;substantiivi;39
pyydys;;substantiivi;39
pyydystys;;substantiivi;39
pyykitys;;substantiivi;39
pyällys;;substantiivi;39
pyöristys;;substantiivi;39
pyöritys;;substantiivi;39
pyörrytys;;substantiivi;39
pyörähdys;;substantiivi;39
pyöräys;;substantiivi;39
päihtymys;;substantiivi;39
päivetys;;substantiivi;39
päivitys;;substantiivi;39
päivystys;;substantiivi;39
päiväys;;substantiivi;39
pälpätys;;substantiivi;39
pälätys;;substantiivi;39
pänttäys;;substantiivi;39
pärpätys;;substantiivi;39
pärskähdys;;substantiivi;39
pärähdys;;substantiivi;39
päähänpälkähdys;;substantiivi;39
päällys;;substantiivi;39
päällystys;;substantiivi;39
päännyökäytys;;substantiivi;39
päärmäys;;substantiivi;39
päätös;;substantiivi;39
pöhötys;;substantiivi;39
pöllytys;;substantiivi;39
pölpötys;;substantiivi;39
pölytys;;substantiivi;39
pölähdys;;substantiivi;39
pöläys;;substantiivi;39
pölötys;;substantiivi;39
pöntötys;;substantiivi;39
pönötys;;substantiivi;39
pössis;;substantiivi;39
raahaus;;substantiivi;39
raakimus;;substantiivi;39
raamitus;;substantiivi;39
raaputus;;substantiivi;39
rabies;;substantiivi;39
radeeraus;;substantiivi;39
rahastus;;substantiivi;39
rahditus;;substantiivi;39
rahjus;;substantiivi;39
rahoitus;;substantiivi;39
rahtaus;;substantiivi;39
raidoitus;;substantiivi;39
rainaus;;substantiivi;39
raiskaus;;substantiivi;39
raivaus;;substantiivi;39
rajaus;;substantiivi;39
rajoitus;;substantiivi;39
rakennus;;substantiivi;39
rakenteistus;;substantiivi;39
raksahdus;;substantiivi;39
raksutus;;substantiivi;39
rallatus;;substantiivi;39
rangaistus;;substantiivi;39
rankkaus;;substantiivi;39
ranskannos;;substantiivi;39
ranskis;;substantiivi;39
rappaus;;substantiivi;39
rapsahdus;;substantiivi;39
rapsaus;;substantiivi;39
rapsutus;;substantiivi;39
rasahdus;;substantiivi;39
rasitus;;substantiivi;39
rassaus;;substantiivi;39
rasvaus;;substantiivi;39
rasvis;;substantiivi;39
ratsastus;;substantiivi;39
raudoitus;;substantiivi;39
rauhoitus;;substantiivi;39
raukkis;;substantiivi;39
ravitsemus;;substantiivi;39
ravustus;;substantiivi;39
reesus;;substantiivi;39
rehustus;;substantiivi;39
rei’itys;;substantiivi;39
reititys;;substantiivi;39
reittaus;;substantiivi;39
reivaus;;substantiivi;39
rellestys;;substantiivi;39
remahdus;;substantiivi;39
rengastus;;substantiivi;39
renkutus;;substantiivi;39
rentoutus;;substantiivi;39
repsahdus;;substantiivi;39
retkahdus;;substantiivi;39
reunus;;substantiivi;39
reunustus;;substantiivi;39
revitys;;substantiivi;39
revähdys;;substantiivi;39
rhesus;;substantiivi;39
riemastus;;substantiivi;39
rienaus;;substantiivi;39
riepotus;;substantiivi;39
rihlaus;;substantiivi;39
riimitys;;substantiivi;39
riimutus;;substantiivi;39
riipus;;substantiivi;39
riiputus;;substantiivi;39
rikastus;;substantiivi;39
rikkomus;;substantiivi;39
rikos;;substantiivi;39
rimoitus;;substantiivi;39
rimputus;;substantiivi;39
rinnastus;;substantiivi;39
rinnus;;substantiivi;39
rintamus;;substantiivi;39
ripaus;;substantiivi;39
ripellys;;substantiivi;39
ripitys;;substantiivi;39
rippis;;substantiivi;39
ripsahdus;;substantiivi;39
ripsaus;;substantiivi;39
ripustus;;substantiivi;39
risahdus;;substantiivi;39
risaus;;substantiivi;39
risteys;;substantiivi;39
risteytys;;substantiivi;39
rivitys;;substantiivi;39
rohdos;;substantiivi;39
roiskahdus;;substantiivi;39
roiskaus;;substantiivi;39
roiskutus;;substantiivi;39
rojahdus;;substantiivi;39
rojaus;;substantiivi;39
rokastus;;substantiivi;39
rokotus;;substantiivi;39
romahdus;;substantiivi;39
romutus;;substantiivi;39
roolitus;;substantiivi;39
ropsahdus;;substantiivi;39
ropsaus;;substantiivi;39
roskis;;substantiivi;39
rouskutus;;substantiivi;39
ruikutus;;substantiivi;39
ruiskahdus;;substantiivi;39
ruiskaus;;substantiivi;39
ruiskumaalaus;;substantiivi;39
ruiskutus;;substantiivi;39
rukkaus;;substantiivi;39
rukous;;substantiivi;39
rullaus;;substantiivi;39
rumennus;;substantiivi;39
rumilus;;substantiivi;39
rummutus;;substantiivi;39
runkkaus;;substantiivi;39
ruodis;;substantiivi;39
ruokis;;substantiivi;39
ruoppaus;;substantiivi;39
ruotsinnos;;substantiivi;39
rusahdus;;substantiivi;39
rusaus;;substantiivi;39
rusennus;;substantiivi;39
rusketus;;substantiivi;39
ruskistus;;substantiivi;39
ruskotus;;substantiivi;39
rusotus;;substantiivi;39
rustaus;;substantiivi;39
rutistus;;substantiivi;39
ruudutus;;substantiivi;39
ruukutus;;substantiivi;39
ryhmitys;;substantiivi;39
ryhtymys;;substantiivi;39
rymistys;;substantiivi;39
rymähdys;;substantiivi;39
rynkytys;;substantiivi;39
rynnistys;;substantiivi;39
ryntäys;;substantiivi;39
rypistys;;substantiivi;39
rypytys;;substantiivi;39
ryskytys;;substantiivi;39
rysähdys;;substantiivi;39
rysäys;;substantiivi;39
rytkytys;;substantiivi;39
rytmitys;;substantiivi;39
ryysis;;substantiivi;39
ryöppäys;;substantiivi;39
ryöpsähdys;;substantiivi;39
ryöpsäys;;substantiivi;39
ryöpytys;;substantiivi;39
ryöväys;;substantiivi;39
rähähdys;;substantiivi;39
rähätys;;substantiivi;39
räiskytys;;substantiivi;39
räiskähdys;;substantiivi;39
räiskäys;;substantiivi;39
räjähdys;;substantiivi;39
räjäytys;;substantiivi;39
räknäys;;substantiivi;39
räksytys;;substantiivi;39
räkytys;;substantiivi;39
räkätys;;substantiivi;39
rämistys;;substantiivi;39
rämpytys;;substantiivi;39
rämähdys;;substantiivi;39
rämäys;;substantiivi;39
räpellys;;substantiivi;39
räpsytys;;substantiivi;39
räpsähdys;;substantiivi;39
räpsäys;;substantiivi;39
räpytys;;substantiivi;39
räpäys;;substantiivi;39
räsähdys;;substantiivi;39
räsäys;;substantiivi;39
rätkytys;;substantiivi;39
rätkähdys;;substantiivi;39
räyskytys;;substantiivi;39
rääkkäys;;substantiivi;39
röhähdys;;substantiivi;39
rökitys;;substantiivi;39
rötös;;substantiivi;39
röyhistys;;substantiivi;39
röyhtäys;;substantiivi;39
röyhtäytys;;substantiivi;39
röyhähdys;;substantiivi;39
röykytys;;substantiivi;39
saalistus;;substantiivi;39
saamennos;;substantiivi;39
saarros;;substantiivi;39
saarrostus;;substantiivi;39
saastutus;;substantiivi;39
saavutus;;substantiivi;39
sadannes;;substantiivi;39
sadatus;;substantiivi;39
saddukeus;;substantiivi;39
sadetus;;substantiivi;39
sadutus;;substantiivi;39
safkis;;substantiivi;39
sahaus;;substantiivi;39
sakeutus;;substantiivi;39
sakkaus;;substantiivi;39
šakkaus;;substantiivi;39
sakkautus;;substantiivi;39
sakotus;;substantiivi;39
saksannos;;substantiivi;39
saksaus;;substantiivi;39
salamanleimaus;;substantiivi;39
salaus;;substantiivi;39
sallimus;;substantiivi;39
salpaus;;substantiivi;39
salvos;;substantiivi;39
samankaltaistus;;substantiivi;39
samastus;;substantiivi;39
sammallus;;substantiivi;39
sammutus;;substantiivi;39
samplaus;;substantiivi;39
sanastus;;substantiivi;39
saneeraus;;substantiivi;39
sannoitus;;substantiivi;39
sanoitus;;substantiivi;39
sanomus;;substantiivi;39
santsaus;;substantiivi;39
saos;;substantiivi;39
saostus;;substantiivi;39
sarastus;;substantiivi;39
sarjis;;substantiivi;39
sarjoitus;;substantiivi;39
sarkaus;;substantiivi;39
satsaus;;substantiivi;39
sattumus;;substantiivi;39
saumaus;;substantiivi;39
saunotus;;substantiivi;39
saves;;substantiivi;39
savetus;;substantiivi;39
saveus;;substantiivi;39
savustus;;substantiivi;39
savutus;;substantiivi;39
seinus;;substantiivi;39
seinämaalaus;;substantiivi;39
seinäsyvennys;;substantiivi;39
seisahdus;;substantiivi;39
seisaus;;substantiivi;39
seisotus;;substantiivi;39
seitsemännes;;substantiivi;39
seivästys;;substantiivi;39
sekaannus;;substantiivi;39
sekoitus;;substantiivi;39
šektaus;;substantiivi;39
selaus;;substantiivi;39
selitys;;substantiivi;39
selkeytys;;substantiivi;39
selkiytys;;substantiivi;39
selkkaus;;substantiivi;39
selkämys;;substantiivi;39
selostus;;substantiivi;39
selus;;substantiivi;39
selvennys;;substantiivi;39
selvennös;;substantiivi;39
selvitys;;substantiivi;39
selys;;substantiivi;39
selätys;;substantiivi;39
senttaus;;substantiivi;39
seos;;substantiivi;39
seostus;;substantiivi;39
sepalus;;substantiivi;39
sepellys;;substantiivi;39
sepitys;;substantiivi;39
sepsis;;substantiivi;39
sepustus;;substantiivi;39
serkus;;substantiivi;39
seulos;;substantiivi;39
seuraamus;;substantiivi;39
seuraus;;substantiivi;39
sheikkaus;;substantiivi;39
sheivaus;;substantiivi;39
sidos;;substantiivi;39
sidotus;;substantiivi;39
siedätys;;substantiivi;39
sielutus;;substantiivi;39
siemaus;;substantiivi;39
siemennys;;substantiivi;39
sienestys;;substantiivi;39
sieppaus;;substantiivi;39
sievennys;;substantiivi;39
signeeraus;;substantiivi;39
sihahdus;;substantiivi;39
sihaus;;substantiivi;39
sihtaus;1;substantiivi;39
sihtaus;2;substantiivi;39
siimes;;substantiivi;39
siirros;;substantiivi;39
siirrostus;;substantiivi;39
siirtokuormaus;;substantiivi;39
siistaus;;substantiivi;39
siitos;;substantiivi;39
sijaus;;substantiivi;39
sijoitus;;substantiivi;39
silaus;;substantiivi;39
silitys;;substantiivi;39
silloitus;;substantiivi;39
silmus;;substantiivi;39
silmutus;;substantiivi;39
silmäys;;substantiivi;39
silotus;;substantiivi;39
simahdus;;substantiivi;39
simputus;;substantiivi;39
sinerrys;;substantiivi;39
singlaus;;substantiivi;39
sinistys;;substantiivi;39
sinkitys;;substantiivi;39
sinkkaus;;substantiivi;39
sintraus;;substantiivi;39
sipaus;;substantiivi;39
sipsutus;;substantiivi;39
sirahdus;;substantiivi;39
siristys;;substantiivi;39
siritys;;substantiivi;39
sirklaus;;substantiivi;39
sirkus;;substantiivi;39
sirkutus;;substantiivi;39
sirotus;;substantiivi;39
sirutus;;substantiivi;39
sisarekset;;substantiivi;39
sisarus;;substantiivi;39
sisennys;;substantiivi;39
siskokset;;substantiivi;39
siskos;;substantiivi;39
sisus;;substantiivi;39
sisustus;;substantiivi;39
sisäistys;;substantiivi;39
sisällys;;substantiivi;39
sisälmykset;;substantiivi;39
sisämaalaus;;substantiivi;39
siteeraus;;substantiivi;39
sitoumus;;substantiivi;39
sitoutus;;substantiivi;39
siunaus;;substantiivi;39
sivallus;;substantiivi;39
sivistys;;substantiivi;39
sivuutus;;substantiivi;39
skaalaus;;substantiivi;39
skalpeeraus;;substantiivi;39
skandeeraus;;substantiivi;39
skannaus;;substantiivi;39
skeittaus;;substantiivi;39
skepsis;;substantiivi;39
skimbaus;;substantiivi;39
skimmaus;;substantiivi;39
skoolaus;;substantiivi;39
skrollaus;;substantiivi;39
skräppäys;;substantiivi;39
slammaus;;substantiivi;39
slanginnos;;substantiivi;39
sliippaus;;substantiivi;39
snorklaus;;substantiivi;39
soimaus;;substantiivi;39
soinnahdus;;substantiivi;39
soinnutus;;substantiivi;39
soitinnus;;substantiivi;39
sokellus;;substantiivi;39
solahdus;;substantiivi;39
solkkaus;;substantiivi;39
solkotus;;substantiivi;39
solusitkos;;substantiivi;39
solutus;;substantiivi;39
solvaus;;substantiivi;39
somistus;;substantiivi;39
sonnustus;;substantiivi;39
soperrus;;substantiivi;39
sopeutus;;substantiivi;39
sopimus;;substantiivi;39
sorahdus;;substantiivi;39
sorastus;;substantiivi;39
soraus;;substantiivi;39
soritus;;substantiivi;39
sormitus;;substantiivi;39
sormus;;substantiivi;39
sorsastus;;substantiivi;39
sorvaus;;substantiivi;39
sotamaalaus;;substantiivi;39
soteeraus;;substantiivi;39
sotkos;;substantiivi;39
soukennus;;substantiivi;39
sovellus;;substantiivi;39
sovellutus;;substantiivi;39
sovitus;;substantiivi;39
sparraus;;substantiivi;39
spesies;;substantiivi;39
spiikkaus;;substantiivi;39
spinnaus;;substantiivi;39
spiritus;;substantiivi;39
splittaus;;substantiivi;39
sponssaus;;substantiivi;39
stailaus;;substantiivi;39
starttaus;;substantiivi;39
status;;substantiivi;39
steppaus;;substantiivi;39
stondis;;substantiivi;39
stradivarius;;substantiivi;39
striimaus;;substantiivi;39
suhahdus;;substantiivi;39
suhaus;1;substantiivi;39
suhaus;2;substantiivi;39
suhditus;;substantiivi;39
suihkaus;;substantiivi;39
suihkutus;;substantiivi;39
suitsutus;;substantiivi;39
sujahdus;;substantiivi;39
sujaus;;substantiivi;39
sukellus;;substantiivi;39
sukitus;;substantiivi;39
sukkikset;;substantiivi;39
sukurutsaus;;substantiivi;39
sulatus;;substantiivi;39
sulitus;;substantiivi;39
sulputus;;substantiivi;39
sulutus;;substantiivi;39
summaus;;substantiivi;39
sumplaus;;substantiivi;39
sumputus;;substantiivi;39
sumutus;;substantiivi;39
suntis;;substantiivi;39
suodatus;;substantiivi;39
suodos;;substantiivi;39
suojaus;;substantiivi;39
suojelus;;substantiivi;39
suojus;;substantiivi;39
suolaus;;substantiivi;39
suomennos;;substantiivi;39
suomennus;;substantiivi;39
suomus;;substantiivi;39
suomustus;;substantiivi;39
suonitus;;substantiivi;39
suoristus;;substantiivi;39
suoritus;;substantiivi;39
suositus;;substantiivi;39
suostumus;;substantiivi;39
supatus;;substantiivi;39
supistus;;substantiivi;39
suppaus;;substantiivi;39
surfaus;;substantiivi;39
surffaus;;substantiivi;39
surkimus;;substantiivi;39
survos;;substantiivi;39
sutkaus;;substantiivi;39
suunnistus;;substantiivi;39
suuntaus;;substantiivi;39
suurennos;;substantiivi;39
suurennus;;substantiivi;39
suursiivous;;substantiivi;39
suurus;;substantiivi;39
suurustus;;substantiivi;39
suuttumus;;substantiivi;39
sydämys;;substantiivi;39
syfilis;;substantiivi;39
sykähdys;;substantiivi;39
sykäys;;substantiivi;39
sylys;;substantiivi;39
synnytys;;substantiivi;39
synopsis;;substantiivi;39
syrjäytys;;substantiivi;39
sysäys;;substantiivi;39
sytkytys;;substantiivi;39
sytytys;;substantiivi;39
syvennys;;substantiivi;39
syvyytys;;substantiivi;39
syväys;;substantiivi;39
syynäys;;substantiivi;39
syyssiivous;;substantiivi;39
syytös;;substantiivi;39
syöksähdys;;substantiivi;39
syönnös;;substantiivi;39
syötitys;;substantiivi;39
syötös;;substantiivi;39
syövytys;;substantiivi;39
sädetys;;substantiivi;39
säestys;;substantiivi;39
sähellys;;substantiivi;39
sähköistys;;substantiivi;39
sähkötys;;substantiivi;39
sähläys;;substantiivi;39
sähähdys;;substantiivi;39
säikähdys;;substantiivi;39
säikäys;;substantiivi;39
säilytys;;substantiivi;39
säkitys;;substantiivi;39
säksätys;;substantiivi;39
säkätys;;substantiivi;39
sälytys;;substantiivi;39
sälähdys;;substantiivi;39
sämpläys;;substantiivi;39
säpsähdys;;substantiivi;39
särmäys;;substantiivi;39
särähdys;;substantiivi;39
säteilytys;;substantiivi;39
sätkytys;;substantiivi;39
sätkätys;;substantiivi;39
sävellys;;substantiivi;39
sävytys;;substantiivi;39
sävähdys;;substantiivi;39
säväys;;substantiivi;39
säädätys;;substantiivi;39
säädös;;substantiivi;39
säännös;;substantiivi;39
säärys;;substantiivi;39
sönkötys;;substantiivi;39
söpötys;;substantiivi;39
sössötys;;substantiivi;39
taantumus;;substantiivi;39
tahdistus;;substantiivi;39
tahditus;;substantiivi;39
tahdonilmaus;;substantiivi;39
taimaus;;substantiivi;39
taimetus;;substantiivi;39
tainnutus;;substantiivi;39
taipumus;;substantiivi;39
taitos;;substantiivi;39
taivallus;;substantiivi;39
taivutus;;substantiivi;39
takamus;;substantiivi;39
takaus;;substantiivi;39
takerrus;;substantiivi;39
taklaus;;substantiivi;39
taksoitus;;substantiivi;39
talamus;;substantiivi;39
tallaus;;substantiivi;39
tallennus;;substantiivi;39
talletus;;substantiivi;39
talttaus;;substantiivi;39
talvetus;;substantiivi;39
talveutus;;substantiivi;39
tamppaus;;substantiivi;39
tangeeraus;;substantiivi;39
tankkaus;1;substantiivi;39
tankkaus;2;substantiivi;39
tanskannos;;substantiivi;39
taos;;substantiivi;39
tapas;;substantiivi;39
tapatus;;substantiivi;39
tapaus;;substantiivi;39
tapitus;;substantiivi;39
tappelus;;substantiivi;39
taputus;;substantiivi;39
tarhaus;;substantiivi;39
tarjous;;substantiivi;39
tarkastus;;substantiivi;39
tarkastusleimaus;;substantiivi;39
tarkennus;;substantiivi;39
tarkistus;;substantiivi;39
tarkoitus;;substantiivi;39
tartutus;;substantiivi;39
tasapuolistus;;substantiivi;39
tasaus;;substantiivi;39
tasautus;;substantiivi;39
tasoitus;;substantiivi;39
tasoitusmaalaus;;substantiivi;39
tasoutus;;substantiivi;39
tauotus;;substantiivi;39
taus;;substantiivi;39
taustoitus;;substantiivi;39
tavis;;substantiivi;39
tavoitus;;substantiivi;39
tavutus;;substantiivi;39
teelmys;;substantiivi;39
teemoitus;;substantiivi;39
tehostus;;substantiivi;39
tehotus;;substantiivi;39
teikkaus;;substantiivi;39
teilaus;;substantiivi;39
teippaus;;substantiivi;39
tekstaus;;substantiivi;39
tekstinnös;;substantiivi;39
tekstitys;;substantiivi;39
teloitus;;substantiivi;39
temmellys;;substantiivi;39
tempaus;;substantiivi;39
temperamaalaus;;substantiivi;39
tempus;;substantiivi;39
tennis;;substantiivi;39
tenttaus;;substantiivi;39
teos;;substantiivi;39
tepsutus;;substantiivi;39
teritys;;substantiivi;39
termos;;substantiivi;39
teroitus;;substantiivi;39
tervas;;substantiivi;39
tervaus;;substantiivi;39
tervehdys;;substantiivi;39
terveytys;;substantiivi;39
teräs;;substantiivi;39
terästys;;substantiivi;39
tesaurus;;substantiivi;39
testamenttaus;;substantiivi;39
testaus;;substantiivi;39
tetanus;;substantiivi;39
teurastus;;substantiivi;39
tiedotus;;substantiivi;39
tietämys;;substantiivi;39
tihennys;;substantiivi;39
tihutus;;substantiivi;39
tiimellys;;substantiivi;39
tiivistys;;substantiivi;39
tikkaus;;substantiivi;39
tilaus;;substantiivi;39
tilitys;;substantiivi;39
tilkitys;;substantiivi;39
tilus;;substantiivi;39
tilutus;;substantiivi;39
tinaus;;substantiivi;39
tinnitus;;substantiivi;39
tinnitys;;substantiivi;39
tipahdus;;substantiivi;39
tipsutus;;substantiivi;39
tiputus;;substantiivi;39
tirahdus;;substantiivi;39
tiraus;;substantiivi;39
tiristys;;substantiivi;39
tirkistys;;substantiivi;39
tirskahdus;;substantiivi;39
tirskaus;;substantiivi;39
tirskutus;;substantiivi;39
tiskaus;;substantiivi;39
tislaus;;substantiivi;39
titraus;;substantiivi;39
todennus;;substantiivi;39
todistus;;substantiivi;39
toilaus;;substantiivi;39
toimitus;;substantiivi;39
toisinnos;;substantiivi;39
toitotus;;substantiivi;39
toivomus;;substantiivi;39
toivotus;;substantiivi;39
toljotus;;substantiivi;39
tolkutus;;substantiivi;39
tollotus;;substantiivi;39
tomutus;;substantiivi;39
tontitus;;substantiivi;39
tonus;;substantiivi;39
toppaus;;substantiivi;39
toppis;;substantiivi;39
toppuutus;;substantiivi;39
torkahdus;;substantiivi;39
torkutus;;substantiivi;39
tornitus;;substantiivi;39
toteamus;;substantiivi;39
toteutus;;substantiivi;39
tottumus;;substantiivi;39
touhotus;;substantiivi;39
toverukset;;substantiivi;39
transeeraus;;substantiivi;39
treenaus;;substantiivi;39
trikomoonas;;substantiivi;39
trimmaus;;substantiivi;39
trokaus;;substantiivi;39
troolaus;;substantiivi;39
tsekkaus;;substantiivi;39
tsättäys;;substantiivi;39
tuhahdus;;substantiivi;39
tuhaus;;substantiivi;39
tuherrus;;substantiivi;39
tuhkaus;;substantiivi;39
tuhkis;;substantiivi;39
tuhlaus;;substantiivi;39
tuhutus;;substantiivi;39
tuijotus;;substantiivi;39
tuikahdus;;substantiivi;39
tuikkaus;;substantiivi;39
tuikutus;;substantiivi;39
tuiverrus;;substantiivi;39
tujaus;;substantiivi;39
tukistus;;substantiivi;39
tukos;;substantiivi;39
tulehdus;;substantiivi;39
tulistus;;substantiivi;39
tulitus;;substantiivi;39
tulkkaus;;substantiivi;39
tullaus;;substantiivi;39
tulos;;substantiivi;39
tulostus;;substantiivi;39
tuloutus;;substantiivi;39
tulukset;;substantiivi;39
tummennos;;substantiivi;39
tummennus;;substantiivi;39
tungos;;substantiivi;39
tunneilmaus;;substantiivi;39
tunnistus;;substantiivi;39
tunnus;;substantiivi;39
tunnustus;;substantiivi;39
tunnutus;;substantiivi;39
tunteenilmaus;;substantiivi;39
tuntemus;;substantiivi;39
tuohus;;substantiivi;39
tuoksahdus;;substantiivi;39
tuotos;;substantiivi;39
tuottamus;;substantiivi;39
tuotteistus;;substantiivi;39
tupeeraus;;substantiivi;39
tuprahdus;;substantiivi;39
tupraus;;substantiivi;39
tuprutus;;substantiivi;39
tupsahdus;;substantiivi;39
tupsutus;;substantiivi;39
tuputus;;substantiivi;39
turhennus;;substantiivi;39
turistus;;substantiivi;39
turkis;;substantiivi;39
turmelus;;substantiivi;39
turnaus;;substantiivi;39
turrutus;;substantiivi;39
turtumus;;substantiivi;39
turvotus;;substantiivi;39
tuseeraus;;substantiivi;39
tussahdus;;substantiivi;39
tussaus;;substantiivi;39
tutkaus;;substantiivi;39
tutkimus;;substantiivi;39
tuttavukset;;substantiivi;39
tuuhennus;;substantiivi;39
tuulahdus;;substantiivi;39
tuuletus;;substantiivi;39
tuumaus;;substantiivi;39
tuunaus;;substantiivi;39
tuuttaus;;substantiivi;39
twerkkaus;;substantiivi;39
tyhjennys;;substantiivi;39
tykitys;;substantiivi;39
tykytys;;substantiivi;39
tylpistys;;substantiivi;39
tylsimys;;substantiivi;39
tylytys;;substantiivi;39
typerrys;;substantiivi;39
typerys;;substantiivi;39
typetys;;substantiivi;39
tyrannosaurus;;substantiivi;39
tyrmistys;;substantiivi;39
tyrmäys;;substantiivi;39
tyrskähdys;;substantiivi;39
tyräys;;substantiivi;39
tyssäys;;substantiivi;39
tyveys;;substantiivi;39
tyydytys;;substantiivi;39
tyyfus;;substantiivi;39
tyypitys;;substantiivi;39
tyyttäys;;substantiivi;39
työllistys;;substantiivi;39
tähdennys;;substantiivi;39
tähtäys;;substantiivi;39
tähystys;;substantiivi;39
täplämaalaus;;substantiivi;39
täristys;;substantiivi;39
tärkkelys;;substantiivi;39
tärskähdys;;substantiivi;39
tärskäys;;substantiivi;39
tärytys;;substantiivi;39
tärähdys;;substantiivi;39
täräys;;substantiivi;39
täsmennys;;substantiivi;39
täsmäys;;substantiivi;39
täsmäytys;;substantiivi;39
täydennys;;substantiivi;39
täyttymys;;substantiivi;39
töherrys;;substantiivi;39
tölkitys;;substantiivi;39
töllötys;;substantiivi;39
tölväys;;substantiivi;39
tömähdys;;substantiivi;39
tömäys;;substantiivi;39
töppäys;;substantiivi;39
töpötys;;substantiivi;39
törkimys;;substantiivi;39
törmäys;;substantiivi;39
törmäytys;;substantiivi;39
törrötys;;substantiivi;39
törsäys;;substantiivi;39
törähdys;;substantiivi;39
töräys;;substantiivi;39
töyssähdys;;substantiivi;39
töytäys;;substantiivi;39
uhkaus;;substantiivi;39
uhraus;;substantiivi;39
uikutus;;substantiivi;39
uinahdus;;substantiivi;39
ujellus;;substantiivi;39
ujutus;;substantiivi;39
ulahdus;;substantiivi;39
ulkoilutus;;substantiivi;39
ulkoistus;;substantiivi;39
ulkomaalaus;;substantiivi;39
ulonnus;;substantiivi;39
ulostus;;substantiivi;39
ulvahdus;;substantiivi;39
ummetus;;substantiivi;39
unkarinnos;;substantiivi;39
unnutus;;substantiivi;39
unohdus;;substantiivi;39
upotus;;substantiivi;39
urahdus;;substantiivi;39
uritus;;substantiivi;39
urputus;;substantiivi;39
uskallus;;substantiivi;39
uskis;;substantiivi;39
uskomus;;substantiivi;39
usutus;;substantiivi;39
uudennos;;substantiivi;39
uudennus;;substantiivi;39
uudistus;;substantiivi;39
uupumus;;substantiivi;39
uurastus;;substantiivi;39
uurros;;substantiivi;39
uurrostus;;substantiivi;39
uuvahdus;;substantiivi;39
uuvutus;;substantiivi;39
vaahdotus;;substantiivi;39
vaaitus;;substantiivi;39
vaalennus;;substantiivi;39
vaaputus;;substantiivi;39
vaarnaus;;substantiivi;39
vaatetus;;substantiivi;39
vaatimus;;substantiivi;39
vaellus;;substantiivi;39
vahaus;;substantiivi;39
vahvennos;;substantiivi;39
vahvennus;;substantiivi;39
vahvistus;;substantiivi;39
vaiennus;;substantiivi;39
vaihdos;;substantiivi;39
vaiheistus;;substantiivi;39
vaikerrus;;substantiivi;39
vaikeutus;;substantiivi;39
vaikutus;;substantiivi;39
vaimennus;;substantiivi;39
vaivaus;;substantiivi;39
vaivutus;;substantiivi;39
vajaus;;substantiivi;39
vajennus;;substantiivi;39
vakaumus;;substantiivi;39
vakaus;2;substantiivi;39
vakautus;;substantiivi;39
vakiinnutus;;substantiivi;39
vakuutus;;substantiivi;39
valahdus;;substantiivi;39
valaistus;;substantiivi;39
valannos;;substantiivi;39
valastus;;substantiivi;39
valistus;;substantiivi;39
valitus;;substantiivi;39
valjastus;;substantiivi;39
valkkaus;;substantiivi;39
valloitus;;substantiivi;39
valmennus;;substantiivi;39
valmistus;;substantiivi;39
valonleimaus;;substantiivi;39
valos;;substantiivi;39
valotus;;substantiivi;39
valssaus;1;substantiivi;39
valssaus;2;substantiivi;39
valtaus;;substantiivi;39
valtavirtaistus;;substantiivi;39
valtuutus;;substantiivi;39
valutus;;substantiivi;39
valvotus;;substantiivi;39
vamppaus;;substantiivi;39
vanhennus;;substantiivi;39
vanhus;;substantiivi;39
vankennus;;substantiivi;39
vankistus;;substantiivi;39
vannotus;;substantiivi;39
vanutus;;substantiivi;39
vapahdus;;substantiivi;39
vapautus;;substantiivi;39
varaus;;substantiivi;39
varhennus;;substantiivi;39
varis;;substantiivi;39
varistus;;substantiivi;39
varjelus;;substantiivi;39
varjostus;;substantiivi;39
varmennus;;substantiivi;39
varmistus;;substantiivi;39
varoitus;;substantiivi;39
varppaus;;substantiivi;39
varrennos;;substantiivi;39
varrennus;;substantiivi;39
varsotus;;substantiivi;39
varus;;substantiivi;39
varustus;;substantiivi;39
vaskaus;;substantiivi;39
vasoitus;;substantiivi;39
vastas;;substantiivi;39
vastaus;;substantiivi;39
vastus;;substantiivi;39
vastustus;;substantiivi;39
vatkaus;;substantiivi;39
vatkutus;;substantiivi;39
vauhditus;;substantiivi;39
vavahdus;;substantiivi;39
vavistus;;substantiivi;39
vedenpaisumus;;substantiivi;39
vedos;;substantiivi;39
vedostus;;substantiivi;39
vedätys;;substantiivi;39
vehtaus;;substantiivi;39
veikkaus;;substantiivi;39
veisaus;;substantiivi;39
veistos;;substantiivi;39
veivaus;;substantiivi;39
vekkaus;;substantiivi;39
veljes;;substantiivi;39
velkomus;;substantiivi;39
veloitus;;substantiivi;39
velvoitus;;substantiivi;39
vemputus;;substantiivi;39
venytys;;substantiivi;39
venähdys;;substantiivi;39
venäjännös;;substantiivi;39
venäytys;;substantiivi;39
verestys;;substantiivi;39
verhous;;substantiivi;39
veritankkaus;;substantiivi;39
verkotus;;substantiivi;39
vernissaus;;substantiivi;39
verotus;;substantiivi;39
verrytys;;substantiivi;39
vertaus;;substantiivi;39
vesaus;;substantiivi;39
vesitys;;substantiivi;39
vesivärimaalaus;;substantiivi;39
vetelys;;substantiivi;39
vetoomus;;substantiivi;39
vetreytys;;substantiivi;39
vetristys;;substantiivi;39
viehtymys;;substantiivi;39
viehätys;;substantiivi;39
viekoitus;;substantiivi;39
vieritys;;substantiivi;39
vieroitus;;substantiivi;39
vierus;;substantiivi;39
vierähdys;;substantiivi;39
viestitys;;substantiivi;39
viettelys;;substantiivi;39
viettymys;;substantiivi;39
vihannes;;substantiivi;39
vihastus;;substantiivi;39
vihdas;;substantiivi;39
vihellys;;substantiivi;39
viherrys;;substantiivi;39
vihjaus;;substantiivi;39
vihjeistys;;substantiivi;39
vihjeitys;;substantiivi;39
vihjeytys;;substantiivi;39
vihkimys;;substantiivi;39
viidennes;;substantiivi;39
viihdytys;;substantiivi;39
viihtymys;;substantiivi;39
viikkaus;;substantiivi;39
viikkosiivous;;substantiivi;39
viilaus;;substantiivi;39
viilennys;;substantiivi;39
viiletys;;substantiivi;39
viillos;;substantiivi;39
viilutus;;substantiivi;39
viimeistys;;substantiivi;39
viinakset;;substantiivi;39
viipotus;;substantiivi;39
viitoitus;;substantiivi;39
viittaus;;substantiivi;39
viivaus;;substantiivi;39
viivoitus;;substantiivi;39
viivytys;;substantiivi;39
viivästys;;substantiivi;39
vikellys;;substantiivi;39
vilahdus;;substantiivi;39
vilaus;;substantiivi;39
vilautus;;substantiivi;39
viljelys;;substantiivi;39
vilkahdus;;substantiivi;39
vilkaus;;substantiivi;39
vilkutus;;substantiivi;39
villitys;;substantiivi;39
villoitus;;substantiivi;39
vilutus;;substantiivi;39
vilvoitus;;substantiivi;39
vimmastus;;substantiivi;39
vingahdus;;substantiivi;39
vingutus;;substantiivi;39
vinkaus;;substantiivi;39
vinksahdus;;substantiivi;39
vipatus;;substantiivi;39
vipellys;;substantiivi;39
vippaus;;substantiivi;39
viritys;;substantiivi;39
virkistys;;substantiivi;39
virkkaus;;substantiivi;39
virnistys;;substantiivi;39
vironnos;;substantiivi;39
virroitus;;substantiivi;39
virtaus;;substantiivi;39
virtaviivaistus;;substantiivi;39
virus;;substantiivi;39
virutus;;substantiivi;39
virvoitus;;substantiivi;39
viserrys;;substantiivi;39
vislaus;;substantiivi;39
vispaus;;substantiivi;39
vitsas;;substantiivi;39
vitsaus;;substantiivi;39
vitutus;;substantiivi;39
viuhahdus;;substantiivi;39
vivahdus;;substantiivi;39
voimistus;;substantiivi;39
voipumus;;substantiivi;39
voivotus;;substantiivi;39
voivutus;;substantiivi;39
vokkaus;;substantiivi;39
wokkaus;;substantiivi;39
vollotus;;substantiivi;39
vouhotus;;substantiivi;39
vuodatus;;substantiivi;39
vuokraus;;substantiivi;39
vuoraus;;substantiivi;39
vuoritus;;substantiivi;39
vuorotus;;substantiivi;39
vyörytys;;substantiivi;39
vähennys;;substantiivi;39
väijytys;;substantiivi;39
väitös;;substantiivi;39
väkerrys;;substantiivi;39
välistys;;substantiivi;39
välitys;;substantiivi;39
väljennys;;substantiivi;39
välkähdys;;substantiivi;39
välppäys;;substantiivi;39
välys;;substantiivi;39
välähdys;;substantiivi;39
väläys;;substantiivi;39
väpätys;;substantiivi;39
väristys;;substantiivi;39
väritys;;substantiivi;39
värjäys;;substantiivi;39
värkkäys;;substantiivi;39
värväys;;substantiivi;39
värähdys;;substantiivi;39
väsymys;;substantiivi;39
väsytys;;substantiivi;39
väsähdys;;substantiivi;39
väsäys;;substantiivi;39
vätys;;substantiivi;39
väännös;;substantiivi;39
väärennys;;substantiivi;39
väärennös;;substantiivi;39
vääristys;;substantiivi;39
yhdeksännes;;substantiivi;39
yhdensuuntaistus;;substantiivi;39
yhdistys;;substantiivi;39
yhteytys;;substantiivi;39
yleistys;;substantiivi;39
ylennys;;substantiivi;39
ylevöitys;;substantiivi;39
ylikansoitus;;substantiivi;39
ylimys;;substantiivi;39
ylistys;;substantiivi;39
ylitys;;substantiivi;39
yllytys;;substantiivi;39
yllätys;;substantiivi;39
ylösnousemus;;substantiivi;39
ymmärrys;;substantiivi;39
ymmärtämys;;substantiivi;39
ymppäys;;substantiivi;39
ympärys;;substantiivi;39
ynnäys;;substantiivi;39
ynähdys;;substantiivi;39
yritys;;substantiivi;39
yskähdys;;substantiivi;39
yskös;;substantiivi;39
ystävykset;;substantiivi;39
yökkäys;;substantiivi;39
zoomaus;;substantiivi;39
äestys;;substantiivi;39
ähellys;;substantiivi;39
äkseeraus;;substantiivi;39
äkämys;;substantiivi;39
ällistys;;substantiivi;39
ällötys;;substantiivi;39
älytys;;substantiivi;39
älähdys;;substantiivi;39
änkytys;;substantiivi;39
ärjähdys;;substantiivi;39
ärsytys;;substantiivi;39
ärtymys;;substantiivi;39
ärähdys;;substantiivi;39
äänes;;substantiivi;39
äänestys;;substantiivi;39
äänitys;;substantiivi;39
äännähdys;;substantiivi;39
ääntämys;;substantiivi;39
öljymaalaus;;substantiivi;39
öljyvärimaalaus;;substantiivi;39
örvellys;;substantiivi;39
örähdys;;substantiivi;39
herkkis;;substantiivi, adjektiivi;39
pissis;;substantiivi, adjektiivi;39
aakkosellisuus;;substantiivi;40
aalloittaisuus;;substantiivi;40
aasialaisuus;;substantiivi;40
aasimaisuus;;substantiivi;40
aatelisuus;;substantiivi;40
aateluus;;substantiivi;40
aatteellisuus;;substantiivi;40
aavemaisuus;;substantiivi;40
abnormius;;substantiivi;40
absoluuttisuus;;substantiivi;40
abstraktisuus;;substantiivi;40
abstraktius;;substantiivi;40
absurdius;;substantiivi;40
adekvaattius;;substantiivi;40
adjektiivisuus;;substantiivi;40
adverbiaalisuus;;substantiivi;40
adverbisuus;;substantiivi;40
adversatiivisuus;;substantiivi;40
affektiivisuus;;substantiivi;40
affektisuus;;substantiivi;40
afrikkalaisuus;;substantiivi;40
aggressiivisuus;;substantiivi;40
agnostisuus;;substantiivi;40
agraarisuus;;substantiivi;40
ahdasrajaisuus;;substantiivi;40
ahdistuneisuus;;substantiivi;40
ahkeruus;;substantiivi;40
ahnaus;;substantiivi;40
ahneus;;substantiivi;40
ahtaus;1;substantiivi;40
aiheellisuus;;substantiivi;40
aiheettomuus;;substantiivi;40
aikaisuus;;substantiivi;40
aikuisuus;;substantiivi;40
aineellisuus;;substantiivi;40
aineettomuus;;substantiivi;40
ainutkertaisuus;;substantiivi;40
aistikkuus;;substantiivi;40
aistillisuus;;substantiivi;40
aitous;;substantiivi;40
aivottomuus;;substantiivi;40
ajallisuus;;substantiivi;40
ajanmukaisuus;;substantiivi;40
ajantasaisuus;;substantiivi;40
ajattelemattomuus;;substantiivi;40
ajattomuus;;substantiivi;40
ajatuksettomuus;;substantiivi;40
ajettavuus;;substantiivi;40
ajoittaisuus;;substantiivi;40
akateemisuus;;substantiivi;40
akkamaisuus;;substantiivi;40
aksiaalisuus;;substantiivi;40
aksiomaattisuus;;substantiivi;40
aktiivisuus;;substantiivi;40
aktuaalisuus;;substantiivi;40
alaisuus;;substantiivi;40
alakuloisuus;;substantiivi;40
alamaisuus;;substantiivi;40
alastomuus;;substantiivi;40
alavuus;;substantiivi;40
alemmuus;;substantiivi;40
alentuvaisuus;;substantiivi;40
alentuvuus;;substantiivi;40
alhaisuus;;substantiivi;40
alisteisuus;;substantiivi;40
alistuvaisuus;;substantiivi;40
alistuvuus;;substantiivi;40
alkalisuus;;substantiivi;40
alkeellisuus;;substantiivi;40
alkiolaisuus;;substantiivi;40
allegorisuus;;substantiivi;40
allergeenisuus;;substantiivi;40
allergeenisyys;;substantiivi;40
allergisuus;;substantiivi;40
aloitteellisuus;;substantiivi;40
alttius;;substantiivi;40
amatöörimäisyys;;substantiivi;40
amatööriys;;substantiivi;40
amerikkalaisuus;;substantiivi;40
ammatillisuus;;substantiivi;40
ammattilaisuus;;substantiivi;40
ammattimaisuus;;substantiivi;40
amorfisuus;;substantiivi;40
anakronistisuus;;substantiivi;40
analgeettisuus;;substantiivi;40
analogisuus;;substantiivi;40
analyyttisuus;;substantiivi;40
analyyttisyys;;substantiivi;40
anarkistisuus;;substantiivi;40
aneemisuus;;substantiivi;40
animaalisuus;;substantiivi;40
ankaruus;;substantiivi;40
ankeus;;substantiivi;40
anomaalisuus;;substantiivi;40
anonyymius;;substantiivi;40
anonyymiys;;substantiivi;40
ansiokkuus;;substantiivi;40
ansiottomuus;;substantiivi;40
antaumuksellisuus;;substantiivi;40
anteeksiantamattomuus;;substantiivi;40
anteliaisuus;;substantiivi;40
antoisuus;;substantiivi;40
apaattisuus;;substantiivi;40
apeus;;substantiivi;40
apokryfisuus;;substantiivi;40
apokryfisyys;;substantiivi;40
aposteriorisuus;;substantiivi;40
apriorisuus;;substantiivi;40
aristokraattisuus;;substantiivi;40
arkaistisuus;;substantiivi;40
arkipäiväisyys;;substantiivi;40
arkisuus;;substantiivi;40
arkuus;;substantiivi;40
armeliaisuus;;substantiivi;40
armollisuus;;substantiivi;40
armottomuus;;substantiivi;40
aromikkuus;;substantiivi;40
arpisuus;;substantiivi;40
artistisuus;;substantiivi;40
arvaamattomuus;;substantiivi;40
arveluttavuus;;substantiivi;40
arvoisuus;;substantiivi;40
arvoituksellisuus;;substantiivi;40
arvokkuus;;substantiivi;40
arvottomuus;;substantiivi;40
arvovaltaisuus;;substantiivi;40
arvoväritteisyys;;substantiivi;40
aseettomuus;;substantiivi;40
asenteellisuus;;substantiivi;40
aseptisuus;;substantiivi;40
asiakkuus;;substantiivi;40
asiallisuus;;substantiivi;40
asiapainotteisuus;;substantiivi;40
asiattomuus;;substantiivi;40
askeettisuus;;substantiivi;40
asosiaalisuus;;substantiivi;40
asteittaisuus;;substantiivi;40
asunnottomuus;;substantiivi;40
asymmetrisyys;;substantiivi;40
atavistisuus;;substantiivi;40
ateistisuus;;substantiivi;40
atleettisuus;;substantiivi;40
atomistisuus;;substantiivi;40
atonaalisuus;;substantiivi;40
attraktiivisuus;;substantiivi;40
auktoritatiivisuus;;substantiivi;40
aulius;;substantiivi;40
aurinkoisuus;;substantiivi;40
autenttisuus;;substantiivi;40
autius;;substantiivi;40
automaattisuus;;substantiivi;40
autoritaarisuus;;substantiivi;40
autoritäärisyys;;substantiivi;40
autottomuus;;substantiivi;40
auttavaisuus;;substantiivi;40
autuaallisuus;;substantiivi;40
autuus;;substantiivi;40
avaruus;;substantiivi;40
‑avioisuus;;substantiivi;40
avoimuus;;substantiivi;40
avonaisuus;;substantiivi;40
avuliaisuus;;substantiivi;40
avuttomuus;;substantiivi;40
bakteerittomuus;;substantiivi;40
balttilaisuus;;substantiivi;40
banaalius;;substantiivi;40
barbaarimaisuus;;substantiivi;40
barbaarisuus;;substantiivi;40
baskilaisuus;;substantiivi;40
bilateraalisuus;;substantiivi;40
biodynaamisuus;;substantiivi;40
biogeenisuus;;substantiivi;40
biogeenisyys;;substantiivi;40
biohajoavuus;;substantiivi;40
biseksuaalisuus;;substantiivi;40
brahmalaisuus;;substantiivi;40
brežneviläisyys;;substantiivi;40
brittiläisyys;;substantiivi;40
brutaalius;;substantiivi;40
buddhalaisuus;;substantiivi;40
byrokraattisuus;;substantiivi;40
bysanttilaisuus;;substantiivi;40
deduktiivisuus;;substantiivi;40
defensiivisyys;;substantiivi;40
definiittisyys;;substantiivi;40
definitiivisyys;;substantiivi;40
dekoratiivisuus;;substantiivi;40
demagogisuus;;substantiivi;40
demokraattisuus;;substantiivi;40
demonisuus;;substantiivi;40
demonstratiivisuus;;substantiivi;40
depressiivisyys;;substantiivi;40
deskriptiivisyys;;substantiivi;40
despoottisuus;;substantiivi;40
diagnostisuus;;substantiivi;40
digitaalisuus;;substantiivi;40
diktatorisuus;;substantiivi;40
diplomaattisuus;;substantiivi;40
dogmaattisuus;;substantiivi;40
draamallisuus;;substantiivi;40
dramaattisuus;;substantiivi;40
drastisuus;;substantiivi;40
dualistisuus;;substantiivi;40
dynaamisuus;;substantiivi;40
edistyksellisyys;;substantiivi;40
edistyneisyys;;substantiivi;40
edullisuus;;substantiivi;40
edustajuus;;substantiivi;40
edustavuus;;substantiivi;40
eettisyys;;substantiivi;40
efektiivisyys;;substantiivi;40
egoistisuus;;substantiivi;40
egosentrisyys;;substantiivi;40
ehdokkuus;;substantiivi;40
ehdollisuus;;substantiivi;40
ehdottomuus;;substantiivi;40
eheys;;substantiivi;40
ehjyys;;substantiivi;40
‑ehtoisuus;;substantiivi;40
ekonomisuus;;substantiivi;40
eksaktius;;substantiivi;40
eksentrisyys;;substantiivi;40
eksklusiivisuus;;substantiivi;40
eksogeenisuus;;substantiivi;40
eksogeenisyys;;substantiivi;40
eksoottisuus;;substantiivi;40
ekspansiivisuus;;substantiivi;40
eksplisiittisyys;;substantiivi;40
eksponentiaalisuus;;substantiivi;40
ekspressiivisyys;;substantiivi;40
ekstaattisuus;;substantiivi;40
ekumeenisuus;;substantiivi;40
elastisuus;;substantiivi;40
eleettömyys;;substantiivi;40
eleganttius;;substantiivi;40
elegisyys;;substantiivi;40
‑eleisyys;;substantiivi;40
elementaarisuus;;substantiivi;40
elimellisyys;;substantiivi;40
elinkelvottomuus;;substantiivi;40
elintärkeys;;substantiivi;40
elitistisyys;;substantiivi;40
elliptisyys;;substantiivi;40
eloisuus;;substantiivi;40
elollisuus;;substantiivi;40
elottomuus;;substantiivi;40
eläimellisyys;;substantiivi;40
elämyksellisyys;;substantiivi;40
elävyys;;substantiivi;40
emotionaalisuus;;substantiivi;40
empaattisuus;;substantiivi;40
empiirisyys;;substantiivi;40
emäksisyys;;substantiivi;40
emännyys;;substantiivi;40
endeemisyys;;substantiivi;40
endogeenisuus;;substantiivi;40
endogeenisyys;;substantiivi;40
enemmyys;;substantiivi;40
energisyys;;substantiivi;40
englantilaisuus;;substantiivi;40
ennakkoluulottomuus;;substantiivi;40
ennakoitavuus;;substantiivi;40
ennalta-arvattavuus;;substantiivi;40
ennustavuus;;substantiivi;40
ennustettavuus;;substantiivi;40
ennätyksellisyys;;substantiivi;40
enteellisyys;;substantiivi;40
entisyys;;substantiivi;40
epikurolaisuus;;substantiivi;40
epähistoriallisuus;;substantiivi;40
epäilevyys;;substantiivi;40
epäileväisyys;;substantiivi;40
epäilyttävyys;;substantiivi;40
epäkeskisyys;;substantiivi;40
epäsointuisuus;;substantiivi;40
epäsäätyisyys;;substantiivi;40
epätoivoisuus;;substantiivi;40
epätyydyttävyys;;substantiivi;40
epäurheilijamaisuus;;substantiivi;40
epävakaisuus;;substantiivi;40
epävakaus;;substantiivi;40
epäämättömyys;;substantiivi;40
erehtymättömyys;;substantiivi;40
erehtyväisyys;;substantiivi;40
ergonomisuus;;substantiivi;40
erheellisyys;;substantiivi;40
erikoisuus;;substantiivi;40
erikokoisuus;;substantiivi;40
erikorkuisuus;;substantiivi;40
erilaisuus;;substantiivi;40
erillisyys;;substantiivi;40
eriluonteisuus;;substantiivi;40
erimunaisuus;;substantiivi;40
erinimisyys;;substantiivi;40
erinomaisuus;;substantiivi;40
eriparisuus;;substantiivi;40
eripituisuus;;substantiivi;40
eripuraisuus;;substantiivi;40
eriseuraisuus;;substantiivi;40
erisivuisuus;;substantiivi;40
eristeisyys;;substantiivi;40
eristyneisyys;;substantiivi;40
erisuuruisuus;;substantiivi;40
erisäätyisyys;;substantiivi;40
eritasoisuus;;substantiivi;40
erityyppisyys;;substantiivi;40
eroavaisuus;;substantiivi;40
eroavuus;;substantiivi;40
eroottisuus;;substantiivi;40
esiintyvyys;;substantiivi;40
esineellisyys;;substantiivi;40
esittävyys;;substantiivi;40
espanjalaisuus;;substantiivi;40
esteellisyys;;substantiivi;40
esteettisyys;;substantiivi;40
esteettömyys;;substantiivi;40
estoisuus;;substantiivi;40
estottomuus;;substantiivi;40
estyneisyys;;substantiivi;40
eteerisyys;;substantiivi;40
etevyys;;substantiivi;40
etevämmyys;;substantiivi;40
etnisyys;;substantiivi;40
etuisuus;;substantiivi;40
etupainoisuus;;substantiivi;40
etupainotteisuus;;substantiivi;40
etuus;;substantiivi;40
etäisyys;;substantiivi;40
eurooppalaisuus;;substantiivi;40
evakkous;;substantiivi;40
fakultatiivisuus;;substantiivi;40
falskius;;substantiivi;40
fanaattisuus;;substantiivi;40
fantastisuus;;substantiivi;40
farisealaisuus;;substantiivi;40
fataalisuus;;substantiivi;40
fataalius;;substantiivi;40
fatalistisuus;;substantiivi;40
feminiinisyys;;substantiivi;40
fennistisyys;;substantiivi;40
fenomenaalisuus;;substantiivi;40
feodaalisuus;;substantiivi;40
feodalistisuus;;substantiivi;40
fertiiliys;;substantiivi;40
figuratiivisuus;;substantiivi;40
fiksuus;;substantiivi;40
fiktiivisyys;;substantiivi;40
filmaattisuus;;substantiivi;40
finaalisuus;;substantiivi;40
finiittisyys;;substantiivi;40
flegmaattisuus;;substantiivi;40
formaalisuus;;substantiivi;40
formaalius;;substantiivi;40
formalistisuus;;substantiivi;40
fragmentaarisuus;;substantiivi;40
freudilaisuus;;substantiivi;40
frigidiys;;substantiivi;40
fundamentaalisuus;;substantiivi;40
funktionaalisuus;;substantiivi;40
funktionalistisuus;;substantiivi;40
futuristisuus;;substantiivi;40
fysiologisuus;;substantiivi;40
fyysisyys;;substantiivi;40
gallialaisuus;;substantiivi;40
geneerisyys;;substantiivi;40
geometrisuus;;substantiivi;40
giganttisuus;;substantiivi;40
globaalisuus;;substantiivi;40
globaalius;;substantiivi;40
gnostilaisuus;;substantiivi;40
goottilaisuus;;substantiivi;40
haaleus;;substantiivi;40
haaraisuus;;substantiivi;40
haastavuus;;substantiivi;40
haasteellisuus;;substantiivi;40
haaveellisuus;;substantiivi;40
haavoittuvuus;;substantiivi;40
haikeus;;substantiivi;40
hailakkuus;;substantiivi;40
haitallisuus;;substantiivi;40
haitattomuus;;substantiivi;40
hajanaisuus;;substantiivi;40
‑hajuisuus;;substantiivi;40
hajuttomuus;;substantiivi;40
‑hakuisuus;;substantiivi;40
hallitsevuus;;substantiivi;40
hallittavuus;;substantiivi;40
halpamaisuus;;substantiivi;40
halpuus;;substantiivi;40
halukkuus;;substantiivi;40
haluttomuus;;substantiivi;40
hampaattomuus;;substantiivi;40
hanakkuus;;substantiivi;40
hankaluus;;substantiivi;40
hapekkuus;;substantiivi;40
hapokkuus;;substantiivi;40
happamuus;;substantiivi;40
happoisuus;;substantiivi;40
harjaantuneisuus;;substantiivi;40
harkitsemattomuus;;substantiivi;40
harkitsevaisuus;;substantiivi;40
harkitsevuus;;substantiivi;40
harmaus;;substantiivi;40
harmillisuus;;substantiivi;40
harrastuneisuus;;substantiivi;40
hartaus;;substantiivi;40
harvinaisuus;;substantiivi;40
harvuus;;substantiivi;40
hataruus;;substantiivi;40
hauraus;;substantiivi;40
haureellisuus;;substantiivi;40
haureus;;substantiivi;40
hauskuus;;substantiivi;40
havainnollisuus;;substantiivi;40
havaittavuus;;substantiivi;40
hedelmällisyys;;substantiivi;40
hedelmättömyys;;substantiivi;40
hehkeys;;substantiivi;40
heikkous;;substantiivi;40
heimolaisuus;;substantiivi;40
heimous;;substantiivi;40
hektisyys;;substantiivi;40
hekumallisuus;;substantiivi;40
helakkuus;;substantiivi;40
heleys;;substantiivi;40
hellittämättömyys;;substantiivi;40
helluntailaisuus;;substantiivi;40
hellyys;;substantiivi;40
helppolukuisuus;;substantiivi;40
helppotöisyys;;substantiivi;40
helppous;;substantiivi;40
helteisyys;;substantiivi;40
hempeys;;substantiivi;40
hengellisyys;;substantiivi;40
hengettömyys;;substantiivi;40
henkevyys;;substantiivi;40
henkilöllisyys;;substantiivi;40
henkilöys;;substantiivi;40
henkisyys;;substantiivi;40
hentous;;substantiivi;40
heppoisuus;;substantiivi;40
hereys;;substantiivi;40
herkeämättömyys;;substantiivi;40
herkkyys;;substantiivi;40
herkkähipiäisyys;;substantiivi;40
herkullisuus;;substantiivi;40
‑hermoisuus;;substantiivi;40
hermostuneisuus;;substantiivi;40
herraus;;substantiivi;40
herrnhutilaisuus;;substantiivi;40
herruus;;substantiivi;40
herttaisuus;;substantiivi;40
hervottomuus;;substantiivi;40
herännäisyys;;substantiivi;40
heterogeenisuus;;substantiivi;40
heterogeenisyys;;substantiivi;40
hidastuvuus;;substantiivi;40
hienostuneisuus;;substantiivi;40
hienous;;substantiivi;40
hierarkkisuus;;substantiivi;40
hikevyys;;substantiivi;40
hikisyys;;substantiivi;40
hiljaisuus;;substantiivi;40
hilpeys;;substantiivi;40
himmeys;;substantiivi;40
himokkuus;;substantiivi;40
hindulaisuus;;substantiivi;40
hintavakaus;;substantiivi;40
hintelyys;;substantiivi;40
hinttiys;;substantiivi;40
hirmuisuus;;substantiivi;40
hirveys;;substantiivi;40
hirvittävyys;;substantiivi;40
historiattomuus;;substantiivi;40
hitaus;;substantiivi;40
hohdokkuus;;substantiivi;40
hoikkuus;;substantiivi;40
‑hoitoisuus;;substantiivi;40
holtittomuus;;substantiivi;40
homofiilisuus;;substantiivi;40
homofiilisyys;;substantiivi;40
homofiilius;;substantiivi;40
homofiiliys;;substantiivi;40
homogeenisuus;;substantiivi;40
homogeenisyys;;substantiivi;40
homous;;substantiivi;40
horjuvaisuus;;substantiivi;40
horjuvuus;;substantiivi;40
huikentelevaisuus;;substantiivi;40
huikentelevuus;;substantiivi;40
huimaavuus;;substantiivi;40
huimapäisyys;;substantiivi;40
hullunkurisuus;;substantiivi;40
hulluus;;substantiivi;40
humaanisuus;;substantiivi;40
humaanius;;substantiivi;40
humoristisuus;;substantiivi;40
huokeus;;substantiivi;40
huokoisuus;;substantiivi;40
huolehtivaisuus;;substantiivi;40
huolellisuus;;substantiivi;40
huolestuneisuus;;substantiivi;40
huolettomuus;;substantiivi;40
huolimattomuus;;substantiivi;40
huoltajuus;;substantiivi;40
huomaamattomuus;;substantiivi;40
huomaavaisuus;;substantiivi;40
huonokuuloisuus;;substantiivi;40
huonommuus;;substantiivi;40
huonous;;substantiivi;40
huoruus;;substantiivi;40
hupsuus;;substantiivi;40
hurjapäisyys;;substantiivi;40
hurjuus;;substantiivi;40
hurskaus;;substantiivi;40
huvittavuus;;substantiivi;40
hygieenisyys;;substantiivi;40
hyveellisyys;;substantiivi;40
hyvyys;;substantiivi;40
hyväksyttävyys;;substantiivi;40
hyvänsuopuus;;substantiivi;40
hyväntekeväisyys;;substantiivi;40
hyödyllisyys;;substantiivi;40
hyödyttömyys;;substantiivi;40
hyökkäävyys;;substantiivi;40
häijyys;;substantiivi;40
häikäilemättömyys;;substantiivi;40
häilyvyys;;substantiivi;40
häilyväisyys;;substantiivi;40
häiriöttömyys;;substantiivi;40
hämillisyys;;substantiivi;40
hämäläisyys;;substantiivi;40
hämäryys;;substantiivi;40
häpeämättömyys;;substantiivi;40
härkäpäisyys;;substantiivi;40
härmäläisyys;;substantiivi;40
härskiys;;substantiivi;40
häveliäisyys;;substantiivi;40
häviämättömyys;;substantiivi;40
hävyttömyys;;substantiivi;40
höllyys;;substantiivi;40
hölmöys;;substantiivi;40
höperyys;;substantiivi;40
iankaikkisuus;;substantiivi;40
ideaalisuus;;substantiivi;40
identtisyys;;substantiivi;40
idioottimaisuus;;substantiivi;40
idyllisyys;;substantiivi;40
ihanteellisuus;;substantiivi;40
ihanuus;;substantiivi;40
ihmeellisyys;;substantiivi;40
ihmisyys;;substantiivi;40
‑ihoisuus;;substantiivi;40
ikonisuus;;substantiivi;40
ikuisuus;;substantiivi;40
‑ikäisyys;;substantiivi;40
ikävystyneisyys;;substantiivi;40
ikävystyttävyys;;substantiivi;40
ikävyys;;substantiivi;40
iljettävyys;;substantiivi;40
ilkeys;;substantiivi;40
ilkikurisuus;;substantiivi;40
illuusiottomuus;;substantiivi;40
ilmaantuvuus;;substantiivi;40
ilmavuus;;substantiivi;40
ilmeettömyys;;substantiivi;40
ilmeikkyys;;substantiivi;40
ilmiömäisyys;;substantiivi;40
iloisuus;;substantiivi;40
ilottomuus;;substantiivi;40
imelyys;;substantiivi;40
immuunius;;substantiivi;40
impivaaralaisuus;;substantiivi;40
implisiittisyys;;substantiivi;40
impulsiivisuus;;substantiivi;40
infantiilius;;substantiivi;40
inhimillisyys;;substantiivi;40
inhottavuus;;substantiivi;40
inklusiivisuus;;substantiivi;40
innokkuus;;substantiivi;40
innostuneisuus;;substantiivi;40
innottomuus;;substantiivi;40
innovatiivisuus;;substantiivi;40
intensiivisyys;;substantiivi;40
intertekstuaalisuus;;substantiivi;40
intiimiys;;substantiivi;40
intohimoisuus;;substantiivi;40
intohimottomuus;;substantiivi;40
intuitiivisuus;;substantiivi;40
invalidius;;substantiivi;40
ironisuus;;substantiivi;40
irrallisuus;;substantiivi;40
irrationaalisuus;;substantiivi;40
irreaalisuus;;substantiivi;40
irstaus;;substantiivi;40
irtonaisuus;;substantiivi;40
irvokkuus;;substantiivi;40
iskevyys;;substantiivi;40
islamilaisuus;;substantiivi;40
isous;;substantiivi;40
istuvuus;;substantiivi;40
isyys;;substantiivi;40
isännyys;;substantiivi;40
itaruus;;substantiivi;40
itsekkyys;;substantiivi;40
itsenäisyys;;substantiivi;40
itsepäisyys;;substantiivi;40
itsevaltius;;substantiivi;40
itseys;;substantiivi;40
itävyys;;substantiivi;40
iäisyys;;substantiivi;40
iäkkyys;;substantiivi;40
jaksoittaisuus;;substantiivi;40
jaksollisuus;;substantiivi;40
jalkavuus;;substantiivi;40
jaollisuus;;substantiivi;40
jatkavuus;;substantiivi;40
jatkuvuus;;substantiivi;40
johtajuus;;substantiivi;40
johtavuus;;substantiivi;40
jokapäiväisyys;;substantiivi;40
jouheus;;substantiivi;40
jouhevuus;;substantiivi;40
joustavuus;;substantiivi;40
joutilaisuus;;substantiivi;40
juhlallisuus;;substantiivi;40
juhlavuus;;substantiivi;40
julkeus;;substantiivi;40
julkisuus;;substantiivi;40
julmuus;;substantiivi;40
jumalisuus;;substantiivi;40
jumaluus;;substantiivi;40
junttius;;substantiivi;40
juoheus;;substantiivi;40
juohevuus;;substantiivi;40
juoksevuus;;substantiivi;40
juonikkuus;;substantiivi;40
juoppous;;substantiivi;40
juppius;;substantiivi;40
jurous;;substantiivi;40
juurettomuus;;substantiivi;40
juurevuus;;substantiivi;40
juutalaisuus;;substantiivi;40
jyhkeys;;substantiivi;40
jykevyys;;substantiivi;40
jylhyys;;substantiivi;40
jyrkkyys;;substantiivi;40
jähmeys;;substantiivi;40
jäljitettävyys;;substantiivi;40
jälkeenjääneisyys;;substantiivi;40
jälkijättöisyys;;substantiivi;40
jämeryys;;substantiivi;40
jämäkkyys;;substantiivi;40
jännitteisyys;;substantiivi;40
jännittyneisyys;;substantiivi;40
jännittävyys;;substantiivi;40
jänteisyys;;substantiivi;40
jäntevyys;;substantiivi;40
jänteys;;substantiivi;40
järeys;;substantiivi;40
järjellisyys;;substantiivi;40
järjestelmällisyys;;substantiivi;40
järjettömyys;;substantiivi;40
järkevyys;;substantiivi;40
järkkymättömyys;;substantiivi;40
järkyttävyys;;substantiivi;40
järkähtämättömyys;;substantiivi;40
jäsenyys;;substantiivi;40
jäyhyys;;substantiivi;40
jäykkyys;;substantiivi;40
jääräpäisyys;;substantiivi;40
jääviys;;substantiivi;40
kaameus;;substantiivi;40
kaarevuus;;substantiivi;40
kaavamaisuus;;substantiivi;40
kaavoittuneisuus;;substantiivi;40
kahleettomuus;;substantiivi;40
kahtalaisuus;;substantiivi;40
kahutähkäisyys;;substantiivi;40
kaikkeus;;substantiivi;40
kaikkivoipuus;;substantiivi;40
kaikuisuus;;substantiivi;40
kaikuvuus;;substantiivi;40
kainous;;substantiivi;40
kaksijakoisuus;;substantiivi;40
kaksikasvoisuus;;substantiivi;40
kaksikotisuus;;substantiivi;40
kaksinaamaisuus;;substantiivi;40
kaksineuvoisuus;;substantiivi;40
kaksisukupuolisuus;;substantiivi;40
kaksosuus;;substantiivi;40
kalaisuus;;substantiivi;40
kalastavuus;;substantiivi;40
kaljupäisyys;;substantiivi;40
kaljuus;;substantiivi;40
kalleus;;substantiivi;40
kalpeus;;substantiivi;40
kalseus;;substantiivi;40
kaltaisuus;;substantiivi;40
kaltevuus;;substantiivi;40
kalvakkuus;;substantiivi;40
kalvinilaisuus;;substantiivi;40
kamaluus;;substantiivi;40
kammottavuus;;substantiivi;40
kampurajalkaisuus;;substantiivi;40
kanamaisuus;;substantiivi;40
kankeus;;substantiivi;40
kannattavuus;;substantiivi;40
kansainvälisyys;;substantiivi;40
kansalaisuudettomuus;;substantiivi;40
kansalaisuus;;substantiivi;40
kansallisuus;;substantiivi;40
‑kantaisuus;;substantiivi;40
kantavuus;;substantiivi;40
kantoisuus;;substantiivi;40
kapeus;;substantiivi;40
kapillaarisuus;;substantiivi;40
kapinallisuus;;substantiivi;40
karakteristisuus;;substantiivi;40
karheus;;substantiivi;40
karikkoisuus;;substantiivi;40
karioottisuus;;substantiivi;40
karisuus;;substantiivi;40
karjalaisuus;;substantiivi;40
karkeus;;substantiivi;40
karkuruus;;substantiivi;40
karmeus;;substantiivi;40
karsaus;;substantiivi;40
karsinogeenisuus;;substantiivi;40
karsinogeenisyys;;substantiivi;40
karskius;;substantiivi;40
karuus;;substantiivi;40
karvaisuus;;substantiivi;40
karvaus;1;substantiivi;40
kasvillisuus;;substantiivi;40
kasvottomuus;;substantiivi;40
‑kasvuisuus;;substantiivi;40
kasvullisuus;;substantiivi;40
kataluus;;substantiivi;40
katastrofaalisuus;;substantiivi;40
kateellisuus;;substantiivi;40
kategorisuus;;substantiivi;40
kateus;;substantiivi;40
katkelmallisuus;;substantiivi;40
katkeruus;;substantiivi;40
katkonaisuus;;substantiivi;40
katoamattomuus;;substantiivi;40
katoavaisuus;;substantiivi;40
katoavuus;;substantiivi;40
katolilaisuus;;substantiivi;40
katolisuus;;substantiivi;40
‑katseisuus;;substantiivi;40
kattavuus;;substantiivi;40
kauheus;;substantiivi;40
kaukaisuus;;substantiivi;40
kaukokatseisuus;;substantiivi;40
kaunaisuus;;substantiivi;40
kauneus;;substantiivi;40
kaunopuheisuus;;substantiivi;40
kaupallisuus;;substantiivi;40
kausaalisuus;;substantiivi;40
kavaluus;;substantiivi;40
kaveruus;;substantiivi;40
kehittymättömyys;;substantiivi;40
kehittyneisyys;;substantiivi;40
kehnous;;substantiivi;40
kehollisuus;;substantiivi;40
keisarius;;substantiivi;40
kekseliäisyys;;substantiivi;40
keljumaisuus;;substantiivi;40
keljuus;;substantiivi;40
kelluvuus;;substantiivi;40
kelmeys;;substantiivi;40
kelpoisuus;;substantiivi;40
keltaisuus;;substantiivi;40
kelvollisuus;;substantiivi;40
kelvottomuus;;substantiivi;40
kepeys;;substantiivi;40
kerettiläisyys;;substantiivi;40
kerjäläisyys;;substantiivi;40
kerkeys;;substantiivi;40
kerrallisuus;;substantiivi;40
kerroksellisuus;;substantiivi;40
kerroksisuus;;substantiivi;40
kerrosteisuus;;substantiivi;40
keskeisyys;;substantiivi;40
keskeneräisyys;;substantiivi;40
keskinkertaisuus;;substantiivi;40
keskinäisyys;;substantiivi;40
keskipakoisuus;;substantiivi;40
keskosuus;;substantiivi;40
kestämättömyys;;substantiivi;40
kestävyys;;substantiivi;40
kesyttömyys;;substantiivi;40
kesyys;;substantiivi;40
ketteryys;;substantiivi;40
keveys;;substantiivi;40
kiehtovuus;;substantiivi;40
‑kielisyys;;substantiivi;40
kielteisyys;;substantiivi;40
kierous;;substantiivi;40
kieroutuneisuus;;substantiivi;40
kierteisyys;;substantiivi;40
kiertolaisuus;;substantiivi;40
kieryys;;substantiivi;40
kiharuus;;substantiivi;40
kiihkeys;;substantiivi;40
kiihkoisuus;;substantiivi;40
kiihkottomuus;;substantiivi;40
kiihottuneisuus;;substantiivi;40
kiihottuvuus;;substantiivi;40
kiihtyneisyys;;substantiivi;40
kiihtyvyys;;substantiivi;40
kiikkeryys;;substantiivi;40
kiiltokuvamaisuus;;substantiivi;40
kiiltävyys;;substantiivi;40
kiimattomuus;;substantiivi;40
kiinnostavuus;;substantiivi;40
kiinteys;;substantiivi;40
kiintoisuus;;substantiivi;40
kiintyneisyys;;substantiivi;40
kiireellisyys;;substantiivi;40
kiireettömyys;;substantiivi;40
kiireisyys;;substantiivi;40
kiireys;;substantiivi;40
kiistattomuus;;substantiivi;40
kiistämättömyys;;substantiivi;40
kiitettävyys;;substantiivi;40
kiitollisuus;;substantiivi;40
kiittämättömyys;;substantiivi;40
kiivaus;;substantiivi;40
kiltteys;;substantiivi;40
kilttiys;;substantiivi;40
kimakkuus;;substantiivi;40
kimeys;;substantiivi;40
kimmoisuus;;substantiivi;40
kimmottomuus;;substantiivi;40
kipakkuus;;substantiivi;40
kiperyys;;substantiivi;40
kipeys;;substantiivi;40
kireys;;substantiivi;40
kirjallisuus;;substantiivi;40
kirjavuus;;substantiivi;40
kirkkaus;;substantiivi;40
kirkollisuus;;substantiivi;40
kirpeys;;substantiivi;40
kiteisyys;;substantiivi;40
kitkeryys;;substantiivi;40
kitsaus;;substantiivi;40
kituliaisuus;;substantiivi;40
kiukkuisuus;;substantiivi;40
kiusallisuus;;substantiivi;40
kiveryys;;substantiivi;40
kivettyneisyys;;substantiivi;40
kivikkoisuus;;substantiivi;40
kivisyys;;substantiivi;40
kivulloisuus;;substantiivi;40
kivuttomuus;;substantiivi;40
klassisuus;;substantiivi;40
kodikkuus;;substantiivi;40
kodittomuus;;substantiivi;40
‑kohtaisuus;;substantiivi;40
kohtalokkuus;;substantiivi;40
kohteliaisuus;;substantiivi;40
kohtuullisuus;;substantiivi;40
kohtuus;;substantiivi;40
kohtuuttomuus;;substantiivi;40
koiruus;;substantiivi;40
kokemattomuus;;substantiivi;40
kokeneisuus;;substantiivi;40
kokonaisuus;;substantiivi;40
koleus;;substantiivi;40
kolkkous;;substantiivi;40
kollektiivisuus;;substantiivi;40
kolmijakoisuus;;substantiivi;40
kolminaisuus;;substantiivi;40
komeus;;substantiivi;40
kompleksisuus;;substantiivi;40
koneellisuus;;substantiivi;40
konfutselaisuus;;substantiivi;40
konkreettisuus;;substantiivi;40
konnuus;;substantiivi;40
konsekutiivisuus;;substantiivi;40
konservatiivisuus;;substantiivi;40
konstikkuus;;substantiivi;40
koomisuus;;substantiivi;40
kopeus;;substantiivi;40
koppavuus;;substantiivi;40
koreus;;substantiivi;40
koristeellisuus;;substantiivi;40
korkeus;;substantiivi;40
korosteisuus;;substantiivi;40
korrektius;;substantiivi;40
korskeus;;substantiivi;40
koruttomuus;;substantiivi;40
koskemattomuus;;substantiivi;40
koskisuus;;substantiivi;40
kosmopoliittisuus;;substantiivi;40
kosteus;;substantiivi;40
kotimaisuus;;substantiivi;40
kotoisuus;;substantiivi;40
kovakorvaisuus;;substantiivi;40
kovakouraisuus;;substantiivi;40
kovaäänisyys;;substantiivi;40
koveruus;;substantiivi;40
kovuus;;substantiivi;40
kreikkalaisuus;;substantiivi;40
kriittisyys;;substantiivi;40
kristillisyys;;substantiivi;40
kritiikittömyys;;substantiivi;40
kroonisuus;;substantiivi;40
kuivakiskoisuus;;substantiivi;40
kuivuus;;substantiivi;40
kukkeus;;substantiivi;40
kulmikkuus;;substantiivi;40
kultaisuus;;substantiivi;40
kuluneisuus;;substantiivi;40
kumaruus;;substantiivi;40
kummallisuus;;substantiivi;40
kummius;;substantiivi;40
kumoamattomuus;;substantiivi;40
kumouksellisuus;;substantiivi;40
kumppanuus;;substantiivi;40
kungfutselaisuus;;substantiivi;40
kuninkaallisuus;;substantiivi;40
kuninkuus;;substantiivi;40
kunniakkuus;;substantiivi;40
kunniallisuus;;substantiivi;40
kunnioitettavuus;;substantiivi;40
kunnollisuus;;substantiivi;40
kuntoisuus;;substantiivi;40
kuohkeus;;substantiivi;40
kuolemattomuus;;substantiivi;40
kuolettavuus;;substantiivi;40
kuolevaisuus;;substantiivi;40
kuolevuus;;substantiivi;40
kuolleisuus;;substantiivi;40
kurittomuus;;substantiivi;40
kurjuus;;substantiivi;40
kurvikkuus;;substantiivi;40
kutistuvuus;;substantiivi;40
kuulakkuus;;substantiivi;40
kuulaus;;substantiivi;40
kuulemattomuus;;substantiivi;40
kuuliaisuus;;substantiivi;40
kuultavuus;1;substantiivi;40
kuultavuus;2;substantiivi;40
kuuluisuus;;substantiivi;40
kuuluvuus;;substantiivi;40
kuumuus;;substantiivi;40
kuurous;;substantiivi;40
kuutiomaisuus;;substantiivi;40
kuvallisuus;;substantiivi;40
kykenemättömyys;;substantiivi;40
kykenevyys;;substantiivi;40
kykyisyys;;substantiivi;40
kyllyys;;substantiivi;40
kylläisyys;;substantiivi;40
kylmyys;;substantiivi;40
kylmäkiskoisuus;;substantiivi;40
kylmäpäisyys;;substantiivi;40
kyltymättömyys;;substantiivi;40
kypsymättömyys;;substantiivi;40
kypsyys;;substantiivi;40
kyvykkyys;;substantiivi;40
kyvyttömyys;;substantiivi;40
kyynisyys;;substantiivi;40
kädettömyys;;substantiivi;40
käheys;;substantiivi;40
kähäryys;;substantiivi;40
känsäisyys;;substantiivi;40
käpykaartilaisuus;;substantiivi;40
käreys;;substantiivi;40
kärjekkyys;;substantiivi;40
kärkevyys;;substantiivi;40
kärkkäys;;substantiivi;40
kärsimättömyys;;substantiivi;40
kärsivällisyys;;substantiivi;40
kärttyisyys;;substantiivi;40
käsiteltävyys;;substantiivi;40
käsitettävyys;;substantiivi;40
käsitteellisyys;;substantiivi;40
käsittämättömyys;;substantiivi;40
kätevyys;;substantiivi;40
kätisyys;;substantiivi;40
käynnistyvyys;;substantiivi;40
käypyys;;substantiivi;40
käyryys;;substantiivi;40
käytettävyys;;substantiivi;40
käytännöllisyys;;substantiivi;40
käyvyys;;substantiivi;40
kömpelyys;;substantiivi;40
körttiläisyys;;substantiivi;40
köyhtyneisyys;;substantiivi;40
köyhyys;;substantiivi;40
köykäisyys;;substantiivi;40
laadukkuus;;substantiivi;40
laajuus;;substantiivi;40
‑laatuisuus;;substantiivi;40
labiilius;;substantiivi;40
‑lahjaisuus;;substantiivi;40
lahjakkuus;;substantiivi;40
lahjattomuus;;substantiivi;40
lahjomattomuus;;substantiivi;40
lahjottavuus;;substantiivi;40
lahkolaisuus;;substantiivi;40
lahous;;substantiivi;40
laihuus;;substantiivi;40
laikkuisuus;;substantiivi;40
laillisuus;;substantiivi;40
laimeus;;substantiivi;40
lainomaisuus;;substantiivi;40
laiskuus;;substantiivi;40
laittomuus;;substantiivi;40
lakeus;;substantiivi;40
lakoisuus;;substantiivi;40
lakonisuus;;substantiivi;40
lamaantuneisuus;;substantiivi;40
lamalaisuus;;substantiivi;40
lammasmaisuus;;substantiivi;40
lankous;;substantiivi;40
lantaisuus;;substantiivi;40
lapsekkuus;;substantiivi;40
lapsellisuus;;substantiivi;40
lapsettomuus;;substantiivi;40
lapseus;;substantiivi;40
lapsuus;;substantiivi;40
latautuneisuus;;substantiivi;40
latteus;;substantiivi;40
lauhkeus;;substantiivi;40
laupeus;;substantiivi;40
legitiimiys;;substantiivi;40
lehtevyys;;substantiivi;40
leikillisyys;;substantiivi;40
leikkaavuus;;substantiivi;40
leikkisyys;;substantiivi;40
leipoutuvuus;;substantiivi;40
lemmekkyys;;substantiivi;40
lempeys;;substantiivi;40
leniniläisyys;;substantiivi;40
lenkous;;substantiivi;40
lennokkuus;;substantiivi;40
leppeys;;substantiivi;40
leppoisuus;;substantiivi;40
leppymättömyys;;substantiivi;40
lepsuus;;substantiivi;40
lesbolaisuus;;substantiivi;40
lesbous;;substantiivi;40
leskeys;;substantiivi;40
lestadiolaisuus;;substantiivi;40
letkeys;;substantiivi;40
leuhkuus;;substantiivi;40
leukavuus;;substantiivi;40
leutous;;substantiivi;40
leveys;;substantiivi;40
levinneisyys;;substantiivi;40
levollisuus;;substantiivi;40
levottomuus;;substantiivi;40
liberaalisuus;;substantiivi;40
liberaalius;;substantiivi;40
liejuisuus;;substantiivi;40
liereys;;substantiivi;40
lievyys;;substantiivi;40
lihaksikkuus;;substantiivi;40
lihavuus;;substantiivi;40
liiallisuus;;substantiivi;40
‑liikkeisyys;;substantiivi;40
liikkumattomuus;;substantiivi;40
liikkuvuus;;substantiivi;40
liikuttavuus;;substantiivi;40
liittolaisuus;;substantiivi;40
liittoutumattomuus;;substantiivi;40
likaisuus;;substantiivi;40
likeisyys;;substantiivi;40
linjakkuus;;substantiivi;40
lipevyys;;substantiivi;40
lisälyöntisyys;;substantiivi;40
lisääntyvyys;;substantiivi;40
litteys;;substantiivi;40
liukenemattomuus;;substantiivi;40
liukenevuus;;substantiivi;40
liukkaus;;substantiivi;40
liukoisuus;;substantiivi;40
liukuvuus;;substantiivi;40
liuskeisuus;;substantiivi;40
lohduttomuus;;substantiivi;40
lohkeavuus;;substantiivi;40
loistavuus;;substantiivi;40
loisteliaisuus;;substantiivi;40
loivuus;;substantiivi;40
lojaalisuus;;substantiivi;40
lojaalius;;substantiivi;40
lokaalisuus;;substantiivi;40
loogisuus;;substantiivi;40
lopullisuus;;substantiivi;40
loputtomuus;;substantiivi;40
luettavuus;;substantiivi;40
lujuus;;substantiivi;40
lukeneisuus;;substantiivi;40
luokattomuus;;substantiivi;40
‑luokkaisuus;;substantiivi;40
luonnikkuus;;substantiivi;40
luonnollisuus;;substantiivi;40
luonnottomuus;;substantiivi;40
luonteenomaisuus;;substantiivi;40
luonteettomuus;;substantiivi;40
luonteisuus;;substantiivi;40
luontevuus;;substantiivi;40
luontoisuus;;substantiivi;40
luotettavuus;;substantiivi;40
luottamuksellisuus;;substantiivi;40
luottavaisuus;;substantiivi;40
luovuus;;substantiivi;40
lupsakkuus;;substantiivi;40
luterilaisuus;;substantiivi;40
‑luuloisuus;;substantiivi;40
luutuneisuus;;substantiivi;40
luvallisuus;;substantiivi;40
luvattomuus;;substantiivi;40
lyhykäisyys;;substantiivi;40
lyhytpinnaisuus;;substantiivi;40
lyhyys;;substantiivi;40
lystikkyys;;substantiivi;40
lyyrisyys;;substantiivi;40
läheisyys;;substantiivi;40
lähekkäisyys;;substantiivi;40
‑lähtöisyys;;substantiivi;40
lämpimyys;;substantiivi;40
länsimaisuus;;substantiivi;40
läpikuultamattomuus;;substantiivi;40
läpikuultavuus;;substantiivi;40
läpäisemättömyys;;substantiivi;40
läpäisevyys;;substantiivi;40
löperyys;;substantiivi;40
löyhyys;;substantiivi;40
löysyys;;substantiivi;40
maagisuus;;substantiivi;40
maailmallisuus;;substantiivi;40
maailmanlaajuisuus;;substantiivi;40
maalaismaisuus;;substantiivi;40
maalaisuus;;substantiivi;40
maalauksellisuus;;substantiivi;40
maallisuus;;substantiivi;40
magneetittomuus;;substantiivi;40
magneettisuus;;substantiivi;40
mahdikkuus;;substantiivi;40
mahdollisuus;;substantiivi;40
mahdottomuus;;substantiivi;40
mahous;;substantiivi;40
mahtavuus;;substantiivi;40
mahtipontisuus;;substantiivi;40
maineikkuus;;substantiivi;40
maireus;;substantiivi;40
majesteettisuus;;substantiivi;40
majesteettius;;substantiivi;40
makeus;;substantiivi;40
maksuttomuus;;substantiivi;40
mallikkuus;;substantiivi;40
maltillisuus;;substantiivi;40
maltittomuus;;substantiivi;40
malttamattomuus;;substantiivi;40
maneerimaisuus;;substantiivi;40
mannermaisuus;;substantiivi;40
mantereisuus;;substantiivi;40
maolaisuus;;substantiivi;40
marksilaisuus;;substantiivi;40
martous;;substantiivi;40
marttyyrius;;substantiivi;40
marttyyriys;;substantiivi;40
marxilaisuus;;substantiivi;40
masentuneisuus;;substantiivi;40
maskuliinisuus;;substantiivi;40
massiivisuus;;substantiivi;40
mataluus;;substantiivi;40
maukkaus;;substantiivi;40
maukkuus;;substantiivi;40
mauttomuus;;substantiivi;40
mehevyys;;substantiivi;40
mehukkuus;;substantiivi;40
mekaanisuus;;substantiivi;40
melankolisuus;;substantiivi;40
melodisuus;;substantiivi;40
meluisuus;;substantiivi;40
menestyksekkyys;;substantiivi;40
menestyksellisyys;;substantiivi;40
menneisyys;;substantiivi;40
merellisyys;;substantiivi;40
merkillisyys;;substantiivi;40
merkitsevyys;;substantiivi;40
merkittävyys;;substantiivi;40
merkityksellisyys;;substantiivi;40
‑merkityksisyys;;substantiivi;40
mestarillisuus;;substantiivi;40
mestarius;;substantiivi;40
mestaruus;;substantiivi;40
metsäisyys;;substantiivi;40
metsäkaartilaisuus;;substantiivi;40
miehekkyys;;substantiivi;40
miehevyys;;substantiivi;40
mieheys;;substantiivi;40
miehisyys;;substantiivi;40
miehuullisuus;;substantiivi;40
miehuus;;substantiivi;40
miehyys;;substantiivi;40
mielekkyys;;substantiivi;40
mielenkiintoisuus;;substantiivi;40
mielettömyys;;substantiivi;40
mielikuvituksellisuus;;substantiivi;40
mielipuolisuus;;substantiivi;40
‑mielisyys;;substantiivi;40
miellyttävyys;;substantiivi;40
mieluisuus;;substantiivi;40
miesmäisyys;;substantiivi;40
mietous;;substantiivi;40
mietteliäisyys;;substantiivi;40
ministeriys;;substantiivi;40
minuus;;substantiivi;40
misseys;;substantiivi;40
missiys;;substantiivi;40
mittaamattomuus;;substantiivi;40
mittavuus;;substantiivi;40
mitättömyys;;substantiivi;40
modernius;;substantiivi;40
moitittavuus;;substantiivi;40
moitteettomuus;;substantiivi;40
molaalisuus;;substantiivi;40
molaarisuus;;substantiivi;40
molemminpuolisuus;;substantiivi;40
monenkeskisyys;;substantiivi;40
monenvälisyys;;substantiivi;40
moneus;;substantiivi;40
monijumalaisuus;;substantiivi;40
monikanavaisuus;;substantiivi;40
monikollisuus;;substantiivi;40
monikulttuurisuus;;substantiivi;40
monilukuisuus;;substantiivi;40
moninaisuus;;substantiivi;40
monipersoonaisuus;;substantiivi;40
monipuolisuus;;substantiivi;40
monisäikeisyys;;substantiivi;40
monisärmäisyys;;substantiivi;40
monitaiteisuus;;substantiivi;40
monitasoisuus;;substantiivi;40
monitieteisyys;;substantiivi;40
monivaimoisuus;;substantiivi;40
monokulttuurisuus;;substantiivi;40
monotonisuus;;substantiivi;40
monumentaalisuus;;substantiivi;40
moolisuus;;substantiivi;40
moraalisuus;;substantiivi;40
moraalittomuus;;substantiivi;40
moskaisuus;;substantiivi;40
moukkamaisuus;;substantiivi;40
muhamettilaisuus;;substantiivi;40
muhevuus;;substantiivi;40
muhkeus;;substantiivi;40
muinaisuus;;substantiivi;40
muistamattomuus;;substantiivi;40
‑muistisuus;;substantiivi;40
muistittomuus;;substantiivi;40
mukaansatempaavuus;;substantiivi;40
mukaisuus;;substantiivi;40
mukautuvaisuus;;substantiivi;40
mukautuvuus;;substantiivi;40
mukavuus;;substantiivi;40
mullistavuus;;substantiivi;40
multavuus;;substantiivi;40
munattomuus;;substantiivi;40
munkkius;;substantiivi;40
muodikkuus;;substantiivi;40
muodollisuus;;substantiivi;40
muodottomuus;;substantiivi;40
muokattavuus;;substantiivi;40
muokkautuvuus;;substantiivi;40
muotoisuus;;substantiivi;40
muovautuvuus;;substantiivi;40
mureus;;substantiivi;40
murheellisuus;;substantiivi;40
murteellisuus;;substantiivi;40
murtumattomuus;;substantiivi;40
murtuvuus;;substantiivi;40
musikaalisuus;;substantiivi;40
mustasukkaisuus;;substantiivi;40
mustuus;;substantiivi;40
mutageenisuus;;substantiivi;40
mutageenisyys;;substantiivi;40
mutkikkuus;;substantiivi;40
muukalaisuus;;substantiivi;40
muusikkous;;substantiivi;40
muuttumattomuus;;substantiivi;40
muuttuvaisuus;;substantiivi;40
muuttuvuus;;substantiivi;40
mykkyys;;substantiivi;40
myrkyllisyys;;substantiivi;40
myrskyisyys;;substantiivi;40
mystisyys;;substantiivi;40
myyttisyys;;substantiivi;40
myönteisyys;;substantiivi;40
myöntymättömyys;;substantiivi;40
myöntyvyys;;substantiivi;40
myöntyväisyys;;substantiivi;40
‑myötäisyys;;substantiivi;40
mädännäisyys;;substantiivi;40
mäkisyys;;substantiivi;40
märkyys;;substantiivi;40
määräisyys;;substantiivi;40
naapuruus;;substantiivi;40
‑nahkaisuus;;substantiivi;40
naiivius;;substantiivi;40
naimattomuus;;substantiivi;40
naisellisuus;;substantiivi;40
naiseus;;substantiivi;40
naismaisuus;;substantiivi;40
naisuus;;substantiivi;40
napaisuus;;substantiivi;40
narratiivisuus;;substantiivi;40
narrimaisuus;;substantiivi;40
narrius;;substantiivi;40
narsistisuus;;substantiivi;40
nasaalisuus;;substantiivi;40
nasevuus;;substantiivi;40
naurettavuus;;substantiivi;40
nautinnollisuus;;substantiivi;40
nautittavuus;;substantiivi;40
navakkuus;;substantiivi;40
navallisuus;;substantiivi;40
negatiivisuus;;substantiivi;40
neitseellisyys;;substantiivi;40
neitsyys;;substantiivi;40
nenäkkyys;;substantiivi;40
nerokkuus;;substantiivi;40
nerous;;substantiivi;40
neuroottisuus;;substantiivi;40
neutraalisuus;;substantiivi;40
neutraalius;;substantiivi;40
neuvokkuus;;substantiivi;40
neuvottomuus;;substantiivi;40
nihkeys;;substantiivi;40
niljakkuus;;substantiivi;40
nimekkyys;;substantiivi;40
nimettömyys;;substantiivi;40
niukkuus;;substantiivi;40
noituus;;substantiivi;40
nokkavuus;;substantiivi;40
nokkeluus;;substantiivi;40
nolous;;substantiivi;40
nopeus;;substantiivi;40
normaalisuus;;substantiivi;40
normaalius;;substantiivi;40
normatiivisuus;;substantiivi;40
nostalgisuus;;substantiivi;40
notkeus;;substantiivi;40
nousukasmaisuus;;substantiivi;40
nuhraantuneisuus;;substantiivi;40
nuhteettomuus;;substantiivi;40
nuivuus;;substantiivi;40
nuorekkuus;;substantiivi;40
nuoruus;;substantiivi;40
nurjamielisyys;;substantiivi;40
nurkkakuntaisuus;;substantiivi;40
nuukuus;;substantiivi;40
nykyisyys;;substantiivi;40
nyreys;;substantiivi;40
nyrpeys;;substantiivi;40
nähtävyys;;substantiivi;40
näkymättömyys;;substantiivi;40
näkyvyys;;substantiivi;40
näkyväisyys;;substantiivi;40
näköalattomuus;;substantiivi;40
näköisyys;;substantiivi;40
näppäryys;;substantiivi;40
nöyryys;;substantiivi;40
objektiivisuus;;substantiivi;40
ohjattavuus;;substantiivi;40
ohjautuvuus;;substantiivi;40
ohjelmallisuus;;substantiivi;40
ohuus;;substantiivi;40
oikeellisuus;;substantiivi;40
oikeistolaisuus;;substantiivi;40
oikeus;;substantiivi;40
oikukkuus;;substantiivi;40
oikullisuus;;substantiivi;40
oivallisuus;;substantiivi;40
oksaisuus;;substantiivi;40
oleellisuus;;substantiivi;40
olemattomuus;;substantiivi;40
olennaisuus;;substantiivi;40
olevaisuus;;substantiivi;40
oma-aloitteisuus;;substantiivi;40
omahyväisyys;;substantiivi;40
omaisuus;;substantiivi;40
‑omaisuus;;substantiivi;40
omalakisuus;;substantiivi;40
omaleimaisuus;;substantiivi;40
omapäisyys;;substantiivi;40
omatoimisuus;;substantiivi;40
ominaisuus;;substantiivi;40
omintakeisuus;;substantiivi;40
omituisuus;;substantiivi;40
ongelmallisuus;;substantiivi;40
onkogeenisuus;;substantiivi;40
onkogeenisyys;;substantiivi;40
onnekkuus;;substantiivi;40
onnellisuus;;substantiivi;40
onnettomuus;;substantiivi;40
onnistuneisuus;;substantiivi;40
onttous;;substantiivi;40
opettavaisuus;;substantiivi;40
opettavuus;;substantiivi;40
oppineisuus;;substantiivi;40
‑oppisuus;;substantiivi;40
optimistisuus;;substantiivi;40
originaalisuus;;substantiivi;40
orjuus;;substantiivi;40
orpous;;substantiivi;40
ortodoksisuus;;substantiivi;40
‑osaisuus;;substantiivi;40
osakkuus;;substantiivi;40
osallisuus;;substantiivi;40
osattomuus;;substantiivi;40
osuus;;substantiivi;40
osuvuus;;substantiivi;40
otollisuus;;substantiivi;40
outous;;substantiivi;40
oveluus;;substantiivi;40
paatoksellisuus;;substantiivi;40
paatuneisuus;;substantiivi;40
paavius;;substantiivi;40
pahamaineisuus;;substantiivi;40
pahanilkisyys;;substantiivi;40
pahankurisuus;;substantiivi;40
pahansuopaisuus;;substantiivi;40
pahansuopuus;;substantiivi;40
paheellisuus;;substantiivi;40
pahuus;;substantiivi;40
paikallisuus;;substantiivi;40
paimentolaisuus;;substantiivi;40
painavuus;;substantiivi;40
‑painoisuus;;substantiivi;40
painokkuus;;substantiivi;40
‑painotteisuus;;substantiivi;40
painottomuus;;substantiivi;40
pakanuus;;substantiivi;40
pakolaisuus;;substantiivi;40
pakollisuus;;substantiivi;40
pakottomuus;;substantiivi;40
paksuus;;substantiivi;40
paljous;;substantiivi;40
‑palkkaisuus;;substantiivi;40
papillisuus;;substantiivi;40
pappeus;;substantiivi;40
paradoksaalisuus;;substantiivi;40
paradoksisuus;;substantiivi;40
paralleelisuus;;substantiivi;40
paralleelius;;substantiivi;40
parantumattomuus;;substantiivi;40
paremmuus;;substantiivi;40
parlamentaarisuus;;substantiivi;40
parodisuus;;substantiivi;40
pasifistisuus;;substantiivi;40
passiivisuus;;substantiivi;40
pateettisuus;;substantiivi;40
pedagogisuus;;substantiivi;40
pedanttisuus;;substantiivi;40
pehmeys;;substantiivi;40
pelkuruus;;substantiivi;40
pelokkuus;;substantiivi;40
pelottavuus;;substantiivi;40
pelottomuus;;substantiivi;40
penikkamaisuus;;substantiivi;40
penkereisyys;;substantiivi;40
pensasmaisuus;;substantiivi;40
penseys;;substantiivi;40
pentumaisuus;;substantiivi;40
perehtyneisyys;;substantiivi;40
periaatteettomuus;;substantiivi;40
perifeerisyys;;substantiivi;40
perinnöllisyys;;substantiivi;40
perinteellisyys;;substantiivi;40
perinteisyys;;substantiivi;40
periodisuus;;substantiivi;40
peripohjalaisuus;;substantiivi;40
persoonallisuus;;substantiivi;40
persoonattomuus;;substantiivi;40
perusteellisuus;;substantiivi;40
perusteettomuus;;substantiivi;40
peruuttamattomuus;;substantiivi;40
perverssiys;;substantiivi;40
‑peräisyys;;substantiivi;40
peräkkäisyys;;substantiivi;40
perättäisyys;;substantiivi;40
perättömyys;;substantiivi;40
peräänantamattomuus;;substantiivi;40
pessimistisyys;;substantiivi;40
petollisuus;;substantiivi;40
petomaisuus;;substantiivi;40
petturuus;;substantiivi;40
pidäkkeettömyys;;substantiivi;40
pidättyvyys;;substantiivi;40
pidättyväisyys;;substantiivi;40
pienipiirteisyys;;substantiivi;40
pienuus;;substantiivi;40
piheys;;substantiivi;40
pihiys;;substantiivi;40
pihtipolvisuus;;substantiivi;40
piikikkyys;;substantiivi;40
piilevyys;;substantiivi;40
piilokiveksisyys;;substantiivi;40
piinallisuus;;substantiivi;40
piispuus;;substantiivi;40
piittaamattomuus;;substantiivi;40
pikanttius;;substantiivi;40
pikkumaisuus;;substantiivi;40
pilkallisuus;;substantiivi;40
pilvisyys;;substantiivi;40
pimeys;;substantiivi;40
pinnallisuus;;substantiivi;40
‑pintaisuus;;substantiivi;40
pintapuolisuus;;substantiivi;40
pirstaleisuus;;substantiivi;40
pirteys;;substantiivi;40
pirullisuus;;substantiivi;40
pisteliäisyys;;substantiivi;40
pitkäpiimäisyys;;substantiivi;40
pitkäpinnaisuus;;substantiivi;40
pitkästyttävyys;;substantiivi;40
pitkätukkaisuus;;substantiivi;40
pitkäveteisyys;;substantiivi;40
pitoisuus;;substantiivi;40
pituus;;substantiivi;40
pitävyys;;substantiivi;40
piukkuus;;substantiivi;40
plastisuus;;substantiivi;40
platonilaisuus;;substantiivi;40
‑pohjaisuus;;substantiivi;40
poikamaisuus;;substantiivi;40
poikkeavuus;;substantiivi;40
poikkeuksellisuus;;substantiivi;40
poikuus;;substantiivi;40
polaarisuus;;substantiivi;40
polanteisuus;;substantiivi;40
poleemisuus;;substantiivi;40
poliittisuus;;substantiivi;40
ponnekkuus;;substantiivi;40
pontevuus;;substantiivi;40
populaarius;;substantiivi;40
porrasteisuus;;substantiivi;40
porvarillisuus;;substantiivi;40
positiivisuus;;substantiivi;40
pragmaattisuus;;substantiivi;40
prameus;;substantiivi;40
presidenttiys;;substantiivi;40
preussilaisuus;;substantiivi;40
primaarisuus;;substantiivi;40
primaarius;;substantiivi;40
primitiivisyys;;substantiivi;40
problemaattisuus;;substantiivi;40
produktiivisuus;;substantiivi;40
profeetallisuus;;substantiivi;40
profylaktisuus;;substantiivi;40
progressiivisuus;;substantiivi;40
proosallisuus;;substantiivi;40
protestanttisuus;;substantiivi;40
provokatiivisuus;;substantiivi;40
provokatorisuus;;substantiivi;40
psykoottisuus;;substantiivi;40
puhdasrotuisuus;;substantiivi;40
puheliaisuus;;substantiivi;40
puhtaus;;substantiivi;40
puhumattomuus;;substantiivi;40
puisevuus;;substantiivi;40
pulmallisuus;;substantiivi;40
punaisuus;;substantiivi;40
punakkuus;;substantiivi;40
puolalaisuus;;substantiivi;40
puolinaisuus;;substantiivi;40
puolivillaisuus;;substantiivi;40
puolueellisuus;;substantiivi;40
puolueettomuus;;substantiivi;40
puolustuksellisuus;;substantiivi;40
purevuus;;substantiivi;40
puristeisuus;;substantiivi;40
puristisuus;;substantiivi;40
puristuvuus;;substantiivi;40
puritaanisuus;;substantiivi;40
puuhakkuus;;substantiivi;40
puuskittaisuus;;substantiivi;40
puutteellisuus;;substantiivi;40
pyhyys;;substantiivi;40
pyrkyryys;;substantiivi;40
pystypäisyys;;substantiivi;40
pystyvyys;;substantiivi;40
pysyvyys;;substantiivi;40
pysähtyneisyys;;substantiivi;40
pyylevyys;;substantiivi;40
pyyteellisyys;;substantiivi;40
pyöreys;;substantiivi;40
pätemättömyys;;substantiivi;40
pätevyys;;substantiivi;40
päällekkäisyys;;substantiivi;40
päällikkyys;;substantiivi;40
päättämättömyys;;substantiivi;40
päättävyys;;substantiivi;40
päättäväisyys;;substantiivi;40
päättömyys;;substantiivi;40
pölyisyys;;substantiivi;40
pönäkkyys;;substantiivi;40
pöyheys;;substantiivi;40
pöyhkeys;;substantiivi;40
raadollisuus;;substantiivi;40
raakalaisuus;;substantiivi;40
raakilemaisuus;;substantiivi;40
raakuus;;substantiivi;40
radikaalisuus;;substantiivi;40
radikaalius;;substantiivi;40
raflaavuus;;substantiivi;40
rahattomuus;;substantiivi;40
raihnaisuus;;substantiivi;40
raihnaus;;substantiivi;40
raikkaus;;substantiivi;40
railakkuus;;substantiivi;40
raisuus;;substantiivi;40
raittius;;substantiivi;40
raivokkuus;;substantiivi;40
rajallisuus;;substantiivi;40
rajattomuus;;substantiivi;40
rajuus;;substantiivi;40
rakeisuus;;substantiivi;40
rakenteisuus;;substantiivi;40
rakkaudellisuus;;substantiivi;40
rakkaudettomuus;;substantiivi;40
rakkaus;;substantiivi;40
rampuus;;substantiivi;40
rangaistavuus;;substantiivi;40
rapeus;;substantiivi;40
rasistisuus;;substantiivi;40
rasittavuus;;substantiivi;40
raskaus;;substantiivi;40
rasvaisuus;;substantiivi;40
rationaalisuus;;substantiivi;40
rauhallisuus;;substantiivi;40
rauhattomuus;;substantiivi;40
raukeus;;substantiivi;40
raukkamaisuus;;substantiivi;40
ravinteisuus;;substantiivi;40
ravitsevuus;;substantiivi;40
realistisuus;;substantiivi;40
reflektorisuus;;substantiivi;40
rehellisyys;;substantiivi;40
rehevyys;;substantiivi;40
rehtiys;;substantiivi;40
rehtorius;;substantiivi;40
rehvakkuus;;substantiivi;40
reiluus;;substantiivi;40
reippaus;;substantiivi;40
rempseys;;substantiivi;40
rentous;;substantiivi;40
repaleisuus;;substantiivi;40
repäisevyys;;substantiivi;40
resistiivisyys;;substantiivi;40
responsiivisuus;;substantiivi;40
retorisuus;;substantiivi;40
riehakkuus;;substantiivi;40
riemukkuus;;substantiivi;40
riettaus;;substantiivi;40
rigoristisuus;;substantiivi;40
riippumattomuus;;substantiivi;40
riippuvaisuus;;substantiivi;40
riippuvuus;;substantiivi;40
riitaisuus;;substantiivi;40
riittoisuus;;substantiivi;40
riittämättömyys;;substantiivi;40
riittävyys;;substantiivi;40
rikkaus;;substantiivi;40
rikkinäisyys;;substantiivi;40
rikkomattomuus;;substantiivi;40
rikollisuus;;substantiivi;40
rinnakkaisuus;;substantiivi;40
rinnasteisuus;;substantiivi;40
rintavuus;;substantiivi;40
ripeys;;substantiivi;40
ristikkäisyys;;substantiivi;40
ritarillisuus;;substantiivi;40
riuskuus;;substantiivi;40
rivakkuus;;substantiivi;40
rivous;;substantiivi;40
rohkeus;;substantiivi;40
roistomaisuus;;substantiivi;40
romanttisuus;;substantiivi;40
roskaisuus;;substantiivi;40
rosoisuus;;substantiivi;40
ruhtinaallisuus;;substantiivi;40
rujous;;substantiivi;40
rukoilevaisuus;;substantiivi;40
rumuus;;substantiivi;40
runollisuus;;substantiivi;40
runottomuus;;substantiivi;40
runous;;substantiivi;40
runsaus;;substantiivi;40
ruokaisuus;;substantiivi;40
‑ruokaisuus;;substantiivi;40
ruokottomuus;;substantiivi;40
ruosteisuus;;substantiivi;40
ruotsalaisuus;;substantiivi;40
rutiinimaisuus;;substantiivi;40
ruuhkaisuus;;substantiivi;40
ruumiillisuus;;substantiivi;40
ryhdikkyys;;substantiivi;40
ryhdittömyys;;substantiivi;40
ryppyisyys;;substantiivi;40
ryppyotsaisuus;;substantiivi;40
rytmikkyys;;substantiivi;40
rytmillisyys;;substantiivi;40
rytmisyys;;substantiivi;40
räikeys;;substantiivi;40
rämeys;;substantiivi;40
rämäkkyys;;substantiivi;40
rämäpäisyys;;substantiivi;40
räväkkyys;;substantiivi;40
räävittömyys;;substantiivi;40
rääväsuisuus;;substantiivi;40
römeys;;substantiivi;40
röyhkeys;;substantiivi;40
saamattomuus;;substantiivi;40
saamelaisuus;;substantiivi;40
saastaisuus;;substantiivi;40
saasteettomuus;;substantiivi;40
saasteisuus;;substantiivi;40
saatavuus;;substantiivi;40
saavutettavuus;;substantiivi;40
sadistisuus;;substantiivi;40
sairaalloisuus;;substantiivi;40
sairastavuus;;substantiivi;40
sairastuvuus;;substantiivi;40
sairaus;;substantiivi;40
saituus;;substantiivi;40
salaisuus;;substantiivi;40
salakähmäisyys;;substantiivi;40
salamyhkäisyys;;substantiivi;40
salavihkaisuus;;substantiivi;40
salavuoteus;;substantiivi;40
sallivuus;;substantiivi;40
samanhintaisuus;;substantiivi;40
samankeskisyys;;substantiivi;40
samanlaisuus;;substantiivi;40
sameus;;substantiivi;40
samuus;;substantiivi;40
‑sanaisuus;;substantiivi;40
sanattomuus;;substantiivi;40
sankarillisuus;;substantiivi;40
sankarius;;substantiivi;40
sankaruus;;substantiivi;40
sankkuus;;substantiivi;40
sapekkuus;;substantiivi;40
sarkastisuus;;substantiivi;40
sateisuus;;substantiivi;40
satoisuus;;substantiivi;40
sattuvuus;;substantiivi;40
satunnaisuus;;substantiivi;40
saumattomuus;;substantiivi;40
savolaisuus;;substantiivi;40
savuttomuus;;substantiivi;40
seesteisyys;;substantiivi;40
seismisyys;;substantiivi;40
sekaisuus;;substantiivi;40
sekakoosteisuus;;substantiivi;40
sekalaisuus;;substantiivi;40
sekapäisyys;;substantiivi;40
sekarotuisuus;;substantiivi;40
sekasortoisuus;;substantiivi;40
sekavuus;;substantiivi;40
seksikkyys;;substantiivi;40
seksuaalisuus;;substantiivi;40
sekularistisuus;;substantiivi;40
sekundaarisuus;;substantiivi;40
sekundaarius;;substantiivi;40
selektiivisyys;;substantiivi;40
selittämättömyys;;substantiivi;40
selkeys;;substantiivi;40
‑selkäisyys;;substantiivi;40
selkärangattomuus;;substantiivi;40
selvyys;;substantiivi;40
selväpiirteisyys;;substantiivi;40
seniiliys;;substantiivi;40
sensitiivisyys;;substantiivi;40
sensuaalisuus;;substantiivi;40
sentimentaalisuus;;substantiivi;40
separatistisuus;;substantiivi;40
seremoniallisuus;;substantiivi;40
serkkuus;;substantiivi;40
setämäisyys;;substantiivi;40
seurallisuus;;substantiivi;40
shiialaisuus;;substantiivi;40
shintolaisuus;;substantiivi;40
sidoksisuus;;substantiivi;40
sidonnaisuus;;substantiivi;40
sidosteisuus;;substantiivi;40
siedettävyys;;substantiivi;40
siekailemattomuus;;substantiivi;40
‑sieluisuus;;substantiivi;40
sielukkuus;;substantiivi;40
sietämättömyys;;substantiivi;40
sievyys;;substantiivi;40
sihteeriys;;substantiivi;40
šiialaisuus;;substantiivi;40
siirtolaisuus;;substantiivi;40
siisteys;;substantiivi;40
siivottomuus;;substantiivi;40
sijaisuus;;substantiivi;40
sikamaisuus;;substantiivi;40
sikeys;;substantiivi;40
sikhiläisyys;;substantiivi;40
sikiävyys;;substantiivi;40
sileys;;substantiivi;40
siliävyys;;substantiivi;40
silmiinpistävyys;;substantiivi;40
‑silmäisyys;;substantiivi;40
siloisuus;;substantiivi;40
simultaanisuus;;substantiivi;40
simultaanius;;substantiivi;40
sinisyys;;substantiivi;40
sinkkuus;;substantiivi;40
sinnikkyys;;substantiivi;40
šintolaisuus;;substantiivi;40
sisaruus;;substantiivi;40
siskous;;substantiivi;40
sisukkuus;;substantiivi;40
sisäryhmäavioliittoisuus;;substantiivi;40
sisäsiittoisuus;;substantiivi;40
sitkeys;;substantiivi;40
sitoutumattomuus;;substantiivi;40
sitovuus;;substantiivi;40
siunauksellisuus;;substantiivi;40
siveellisyys;;substantiivi;40
siveettömyys;;substantiivi;40
siveys;;substantiivi;40
sivistymättömyys;;substantiivi;40
sivistyneisyys;;substantiivi;40
sivullisuus;;substantiivi;40
skeptisyys;;substantiivi;40
slaavilaisuus;;substantiivi;40
snobistisuus;;substantiivi;40
soikeus;;substantiivi;40
soinnikkuus;;substantiivi;40
soinnillisuus;;substantiivi;40
soinnittomuus;;substantiivi;40
soinnukkuus;;substantiivi;40
soinnullisuus;;substantiivi;40
soisuus;;substantiivi;40
sokeus;;substantiivi;40
sokkeloisuus;;substantiivi;40
solakkuus;;substantiivi;40
solidaarisuus;;substantiivi;40
solidius;;substantiivi;40
sopeutumattomuus;;substantiivi;40
sopeutuvaisuus;;substantiivi;40
sopeutuvuus;;substantiivi;40
sopimattomuus;;substantiivi;40
sopivaisuus;;substantiivi;40
sopivuus;;substantiivi;40
sopuisuus;;substantiivi;40
sopusointuisuus;;substantiivi;40
soreus;;substantiivi;40
sosiaalisuus;;substantiivi;40
sotaisuus;;substantiivi;40
sotilaallisuus;;substantiivi;40
sotkuisuus;;substantiivi;40
soveliaisuus;;substantiivi;40
soveltuvuus;;substantiivi;40
sovinistisuus;;substantiivi;40
sovinnaisuus;;substantiivi;40
sovinnollisuus;;substantiivi;40
spastisuus;;substantiivi;40
spatiaalisuus;;substantiivi;40
spirituaalisuus;;substantiivi;40
spontaanisuus;;substantiivi;40
spontaanius;;substantiivi;40
sporadisuus;;substantiivi;40
sporttisuus;;substantiivi;40
staattisuus;;substantiivi;40
stabiilius;;substantiivi;40
stereotyyppisyys;;substantiivi;40
steriilisyys;;substantiivi;40
steriiliys;;substantiivi;40
stoalaisuus;;substantiivi;40
subjektiivisuus;;substantiivi;40
suggeroitavuus;;substantiivi;40
suggestiivisuus;;substantiivi;40
‑suhtaisuus;;substantiivi;40
suhteellisuus;;substantiivi;40
suhteettomuus;;substantiivi;40
sujuvuus;;substantiivi;40
sukkeluus;;substantiivi;40
‑sukuisuus;;substantiivi;40
sukulaisuus;;substantiivi;40
sukupuolisuus;;substantiivi;40
sulavuus;;substantiivi;40
sulkeutuneisuus;;substantiivi;40
suloisuus;;substantiivi;40
sulokkuus;;substantiivi;40
sulottomuus;;substantiivi;40
sulous;;substantiivi;40
sumeus;;substantiivi;40
summaarisuus;;substantiivi;40
summattomuus;;substantiivi;40
summittaisuus;;substantiivi;40
sunnalaisuus;;substantiivi;40
suolaisuus;;substantiivi;40
suomalaisuus;;substantiivi;40
suomettuneisuus;;substantiivi;40
suopeus;;substantiivi;40
suorasukaisuus;;substantiivi;40
suoruus;;substantiivi;40
suosiollisuus;;substantiivi;40
suosittuus;;substantiivi;40
suosituimmuus;;substantiivi;40
suotavuus;;substantiivi;40
suotuisuus;;substantiivi;40
superlatiivisuus;;substantiivi;40
suppeus;;substantiivi;40
surkeus;;substantiivi;40
surullisuus;;substantiivi;40
suruttomuus;;substantiivi;40
suufilaisuus;;substantiivi;40
suulaus;;substantiivi;40
suullisuus;;substantiivi;40
suunnattomuus;;substantiivi;40
suunnitelmallisuus;;substantiivi;40
suunnittelemattomuus;;substantiivi;40
suuntaisuus;;substantiivi;40
suuntautuneisuus;;substantiivi;40
suurellisuus;;substantiivi;40
suurenmoisuus;;substantiivi;40
suurieleisyys;;substantiivi;40
suurisuisuus;;substantiivi;40
suuritöisyys;;substantiivi;40
suuriäänisyys;;substantiivi;40
suurpiirteisyys;;substantiivi;40
suuruus;;substantiivi;40
suvaitsemattomuus;;substantiivi;40
suvaitsevaisuus;;substantiivi;40
suvaitsevuus;;substantiivi;40
suvereenisuus;;substantiivi;40
suvereenius;;substantiivi;40
suvullisuus;;substantiivi;40
suvuttomuus;;substantiivi;40
sydämellisyys;;substantiivi;40
sydämettömyys;;substantiivi;40
‑sydämisyys;;substantiivi;40
‑sykkeisyys;;substantiivi;40
symbioottisuus;;substantiivi;40
symbolisuus;;substantiivi;40
symmetrisyys;;substantiivi;40
sympaattisuus;;substantiivi;40
synkeys;;substantiivi;40
synkkyys;;substantiivi;40
synnillisyys;;substantiivi;40
synnynnäisyys;;substantiivi;40
synteettisyys;;substantiivi;40
syntisyys;;substantiivi;40
‑syntyisyys;;substantiivi;40
syntyneisyys;;substantiivi;40
syntyvyys;;substantiivi;40
syrjäisyys;;substantiivi;40
systeemisyys;;substantiivi;40
systemaattisuus;;substantiivi;40
syttyvyys;;substantiivi;40
syvyys;;substantiivi;40
syvällisyys;;substantiivi;40
syyllisyys;;substantiivi;40
syyntakeettomuus;;substantiivi;40
syyntakeisuus;;substantiivi;40
syyttömyys;;substantiivi;40
syömättömyys;;substantiivi;40
syöppöys;;substantiivi;40
syöpymättömyys;;substantiivi;40
sähäkkyys;;substantiivi;40
säikeisyys;;substantiivi;40
säilyvyys;;substantiivi;40
säntillisyys;;substantiivi;40
särmikkyys;;substantiivi;40
säröisyys;;substantiivi;40
sävyisyys;;substantiivi;40
sävykkyys;;substantiivi;40
säyseys;;substantiivi;40
säädyllisyys;;substantiivi;40
säädyttömyys;;substantiivi;40
säälimättömyys;;substantiivi;40
säällisyys;;substantiivi;40
säännöllisyys;;substantiivi;40
säännöttömyys;;substantiivi;40
‑säärisyys;;substantiivi;40
säästeliäisyys;;substantiivi;40
säästävyys;;substantiivi;40
säästäväisyys;;substantiivi;40
taajuus;;substantiivi;40
taantumuksellisuus;;substantiivi;40
tahallisuus;;substantiivi;40
tahattomuus;;substantiivi;40
tahdikkuus;;substantiivi;40
tahdittomuus;;substantiivi;40
tahmeus;;substantiivi;40
tahraisuus;;substantiivi;40
‑tahtoisuus;;substantiivi;40
taidokkuus;;substantiivi;40
taidottomuus;;substantiivi;40
taikuus;;substantiivi;40
taipuisuus;;substantiivi;40
taipumattomuus;;substantiivi;40
taipuvaisuus;;substantiivi;40
taipuvuus;;substantiivi;40
taistolaisuus;;substantiivi;40
taitamattomuus;;substantiivi;40
taitavuus;;substantiivi;40
taiteellisuus;;substantiivi;40
taitteisuus;;substantiivi;40
‑taittoisuus;;substantiivi;40
taiturillisuus;;substantiivi;40
taiturimaisuus;;substantiivi;40
taituruus;;substantiivi;40
taivaallisuus;;substantiivi;40
tajuisuus;;substantiivi;40
tajuttomuus;;substantiivi;40
takapajuisuus;;substantiivi;40
takaperoisuus;;substantiivi;40
takkuisuus;;substantiivi;40
taktisuus;;substantiivi;40
taloudellisuus;;substantiivi;40
talous;;substantiivi;40
tanakkuus;;substantiivi;40
tanttamaisuus;;substantiivi;40
taolaisuus;;substantiivi;40
taottavuus;;substantiivi;40
tapaisuus;;substantiivi;40
tapaturmaisuus;;substantiivi;40
tappiollisuus;;substantiivi;40
tarkkaamattomuus;;substantiivi;40
tarkkaavaisuus;;substantiivi;40
tarkkaavuus;;substantiivi;40
tarkkarajaisuus;;substantiivi;40
tarkkuus;;substantiivi;40
tarkoituksellisuus;;substantiivi;40
tarkoituksettomuus;;substantiivi;40
tarmokkuus;;substantiivi;40
tarpeellisuus;;substantiivi;40
tarpeettomuus;;substantiivi;40
tasaisuus;;substantiivi;40
tasajakoisuus;;substantiivi;40
tasajatkuisuus;;substantiivi;40
tasakokoisuus;;substantiivi;40
tasakoosteisuus;;substantiivi;40
tasamittaisuus;;substantiivi;40
tasapituisuus;;substantiivi;40
tasapuolisuus;;substantiivi;40
tasapäisyys;;substantiivi;40
tasareunaisuus;;substantiivi;40
tasatahtisuus;;substantiivi;40
tasaväkisyys;;substantiivi;40
tasavälisyys;;substantiivi;40
tauottomuus;;substantiivi;40
tautisuus;;substantiivi;40
tavallisuus;;substantiivi;40
tavattomuus;;substantiivi;40
tavoittamattomuus;;substantiivi;40
tavoittavuus;;substantiivi;40
tavoitteellisuus;;substantiivi;40
teatraalisuus;;substantiivi;40
teennäisyys;;substantiivi;40
teeskentelemättömyys;;substantiivi;40
tehdasmaisuus;;substantiivi;40
tehoisuus;;substantiivi;40
tehokkuus;;substantiivi;40
tehottomuus;;substantiivi;40
teknisyys;;substantiivi;40
‑tekoisuus;;substantiivi;40
temperamenttisuus;;substantiivi;40
teollisuus;;substantiivi;40
teoreettisuus;;substantiivi;40
terhakkuus;;substantiivi;40
terveellisyys;;substantiivi;40
tervejärkisyys;;substantiivi;40
terveys;;substantiivi;40
terävyys;;substantiivi;40
teräväjärkisyys;;substantiivi;40
tiedostamattomuus;;substantiivi;40
tiedottomuus;;substantiivi;40
tieteellisyys;;substantiivi;40
tietoisuus;;substantiivi;40
tietous;;substantiivi;40
tietämättömyys;;substantiivi;40
tietävyys;;substantiivi;40
tiheys;;substantiivi;40
tiheälyöntisyys;;substantiivi;40
tiheävirtsaisuus;;substantiivi;40
tiineys;;substantiivi;40
tiiveys;;substantiivi;40
tiiviys;;substantiivi;40
tilaisuus;;substantiivi;40
tilanahtaus;;substantiivi;40
tilapäisyys;;substantiivi;40
tilavuus;;substantiivi;40
tinkimättömyys;;substantiivi;40
tiukkapipoisuus;;substantiivi;40
tiukkuus;;substantiivi;40
todellisuus;;substantiivi;40
todellisuuspakoisuus;;substantiivi;40
todisteellisuus;;substantiivi;40
toimekkuus;;substantiivi;40
toimeliaisuus;;substantiivi;40
toiminnallisuus;;substantiivi;40
toimivuus;;substantiivi;40
toipilaisuus;;substantiivi;40
toiseus;;substantiivi;40
toisteisuus;;substantiivi;40
toistuvuus;;substantiivi;40
toiveikkuus;;substantiivi;40
toivottomuus;;substantiivi;40
tolkuttomuus;;substantiivi;40
tolstoilaisuus;;substantiivi;40
tomeruus;;substantiivi;40
tonaalisuus;;substantiivi;40
topakkuus;;substantiivi;40
tosikkomaisuus;;substantiivi;40
totaalisuus;;substantiivi;40
totalitaarisuus;;substantiivi;40
totisuus;;substantiivi;40
tottelemattomuus;;substantiivi;40
tottelevaisuus;;substantiivi;40
tottumattomuus;;substantiivi;40
tottuneisuus;;substantiivi;40
totuudellisuus;;substantiivi;40
totuus;;substantiivi;40
touhukkuus;;substantiivi;40
toverillisuus;;substantiivi;40
toveruus;;substantiivi;40
traagisuus;;substantiivi;40
traditionaalisuus;;substantiivi;40
transvestisuus;;substantiivi;40
trendikkyys;;substantiivi;40
triviaalius;;substantiivi;40
trotskilaisuus;;substantiivi;40
tuhmuus;;substantiivi;40
tuhoisuus;;substantiivi;40
tuholaisuus;;substantiivi;40
tuhruisuus;;substantiivi;40
tuikeus;;substantiivi;40
tuimuus;;substantiivi;40
tukaluus;;substantiivi;40
tukevuus;;substantiivi;40
tukkoisuus;;substantiivi;40
tulevaisuus;;substantiivi;40
tulisuus;;substantiivi;40
‑tulkintaisuus;;substantiivi;40
tullittomuus;;substantiivi;40
tuloksekkuus;;substantiivi;40
tuloksellisuus;;substantiivi;40
tungettelevuus;;substantiivi;40
tunkeilevuus;;substantiivi;40
tunkkaisuus;;substantiivi;40
tunnettavuus;;substantiivi;40
tunnettuisuus;;substantiivi;40
tunnettuus;;substantiivi;40
tunnokkuus;;substantiivi;40
tunnollisuus;;substantiivi;40
tunnottomuus;;substantiivi;40
tunnustuksellisuus;;substantiivi;40
tunteellisuus;;substantiivi;40
tunteettomuus;;substantiivi;40
tunteikkuus;;substantiivi;40
‑tunteisuus;;substantiivi;40
tuntemattomuus;;substantiivi;40
‑tuntoisuus;;substantiivi;40
tuntuisuus;;substantiivi;40
tuntuvuus;;substantiivi;40
tuoreus;;substantiivi;40
tuottamattomuus;;substantiivi;40
tuottamuksellisuus;;substantiivi;40
tuottavuus;;substantiivi;40
tuotteliaisuus;;substantiivi;40
tuottoisuus;;substantiivi;40
tupakoimattomuus;;substantiivi;40
turhamaisuus;;substantiivi;40
turhuus;;substantiivi;40
turmeltumattomuus;;substantiivi;40
turmiollisuus;;substantiivi;40
turvallisuus;;substantiivi;40
turvattomuus;;substantiivi;40
tuskaisuus;;substantiivi;40
tuskallisuus;;substantiivi;40
tuskattomuus;;substantiivi;40
tutkimattomuus;;substantiivi;40
tuttavallisuus;;substantiivi;40
tuttavuus;;substantiivi;40
tuttuus;;substantiivi;40
tuulisuus;;substantiivi;40
tyhjentävyys;;substantiivi;40
tyhjyys;;substantiivi;40
tyhjänpäiväisyys;;substantiivi;40
tyhmyys;;substantiivi;40
tylppyys;;substantiivi;40
tylsyys;;substantiivi;40
tylyys;;substantiivi;40
tympeys;;substantiivi;40
typeryys;;substantiivi;40
tyrannimaisuus;;substantiivi;40
tyrannius;;substantiivi;40
tyttömäisyys;;substantiivi;40
tyttöys;;substantiivi;40
tyvekkyys;;substantiivi;40
tyylikkyys;;substantiivi;40
tyylisyys;;substantiivi;40
tyylittömyys;;substantiivi;40
tyyneys;;substantiivi;40
tyypillisyys;;substantiivi;40
tyytymättömyys;;substantiivi;40
tyytyväisyys;;substantiivi;40
työllisyys;;substantiivi;40
työläys;;substantiivi;40
työteliäisyys;;substantiivi;40
työttömyys;;substantiivi;40
tähdellisyys;;substantiivi;40
tähteys;;substantiivi;40
täplikkyys;;substantiivi;40
täpläisyys;;substantiivi;40
täpäryys;;substantiivi;40
tärkeys;;substantiivi;40
täsmällisyys;;substantiivi;40
tätimäisyys;;substantiivi;40
täydellisyys;;substantiivi;40
täysikokoisuus;;substantiivi;40
täysilukuisuus;;substantiivi;40
täysimittaisuus;;substantiivi;40
täysinäisyys;;substantiivi;40
täysipäiväisyys;;substantiivi;40
täyspäisyys;;substantiivi;40
täyspäiväisyys;;substantiivi;40
täyteläisyys;;substantiivi;40
täyteys;;substantiivi;40
törkeys;;substantiivi;40
törkyisyys;;substantiivi;40
töykeys;;substantiivi;40
uhkaavuus;;substantiivi;40
uhkeus;;substantiivi;40
uhmakkuus;;substantiivi;40
uhmapäisyys;;substantiivi;40
uhrautuvuus;;substantiivi;40
ujostelemattomuus;;substantiivi;40
ujous;;substantiivi;40
uljaus;;substantiivi;40
uljuus;;substantiivi;40
ulkomaisuus;;substantiivi;40
ulkoryhmäavioliittoisuus;;substantiivi;40
ulotteisuus;;substantiivi;40
ulottuvuus;;substantiivi;40
ummehtuneisuus;;substantiivi;40
umpimähkäisyys;;substantiivi;40
umpinaisuus;;substantiivi;40
uneliaisuus;;substantiivi;40
unettomuus;;substantiivi;40
unisuus;;substantiivi;40
unohtavaisuus;;substantiivi;40
upeus;;substantiivi;40
uppiniskaisuus;;substantiivi;40
urasuuntautuneisuus;;substantiivi;40
urbaanisuus;;substantiivi;40
urbaanius;;substantiivi;40
urheus;;substantiivi;40
urhoollisuus;;substantiivi;40
useus;;substantiivi;40
uskaliaisuus;;substantiivi;40
‑uskoisuus;;substantiivi;40
uskollisuus;;substantiivi;40
uskomattomuus;;substantiivi;40
uskonnollisuus;;substantiivi;40
uskonnottomuus;;substantiivi;40
uskottavuus;;substantiivi;40
uskottomuus;;substantiivi;40
uskovaisuus;;substantiivi;40
usvaisuus;;substantiivi;40
uteliaisuus;;substantiivi;40
utopistisuus;;substantiivi;40
uupumattomuus;;substantiivi;40
uurteisuus;;substantiivi;40
uutteruus;;substantiivi;40
uutuus;;substantiivi;40
vaahtoisuus;;substantiivi;40
vaaleus;;substantiivi;40
vaarallisuus;;substantiivi;40
vaarattomuus;;substantiivi;40
vaateliaisuus;;substantiivi;40
vaatimattomuus;;substantiivi;40
vaativuus;;substantiivi;40
wahhabilaisuus;;substantiivi;40
vahingollisuus;;substantiivi;40
vahvuus;;substantiivi;40
vaihdettavuus;;substantiivi;40
vaiheikkuus;;substantiivi;40
vaihtuvuus;;substantiivi;40
vaikeaselkoisuus;;substantiivi;40
vaikeus;;substantiivi;40
vaikuttavuus;;substantiivi;40
‑vaikutteisuus;;substantiivi;40
vaillinaisuus;;substantiivi;40
vainoharhaisuus;;substantiivi;40
‑vaistoisuus;;substantiivi;40
vaistomaisuus;;substantiivi;40
vaisuus;;substantiivi;40
vaiteliaisuus;;substantiivi;40
vaitonaisuus;;substantiivi;40
vaivaisuus;;substantiivi;40
vaivalloisuus;;substantiivi;40
vaivattomuus;;substantiivi;40
vajaakäyttöisyys;;substantiivi;40
vajaalämpöisyys;;substantiivi;40
vajaamittaisuus;;substantiivi;40
vajaasärmäisyys;;substantiivi;40
vajanaisuus;;substantiivi;40
vajauksellisuus;;substantiivi;40
vajavaisuus;;substantiivi;40
vajavuus;;substantiivi;40
vakaumuksellisuus;;substantiivi;40
vakaus;1;substantiivi;40
vakavuus;;substantiivi;40
vakinaisuus;;substantiivi;40
vakioisuus;;substantiivi;40
vakuus;;substantiivi;40
vakuuttavuus;;substantiivi;40
valapattoisuus;;substantiivi;40
valheellisuus;;substantiivi;40
validius;;substantiivi;40
valinnaisuus;;substantiivi;40
valitettavuus;;substantiivi;40
valjuus;;substantiivi;40
valkeus;;substantiivi;40
valkoisuus;;substantiivi;40
valkopälvisyys;;substantiivi;40
valkosormisuus;;substantiivi;40
valkotähkäisyys;;substantiivi;40
valkuaisvirtsaisuus;;substantiivi;40
vallattomuus;;substantiivi;40
valmius;;substantiivi;40
valoisuus;;substantiivi;40
valokuvauksellisuus;;substantiivi;40
valopakoisuus;;substantiivi;40
valppaus;;substantiivi;40
valtaisuus;;substantiivi;40
valtakunnallisuus;;substantiivi;40
valtavuus;;substantiivi;40
valtius;;substantiivi;40
valtuus;;substantiivi;40
vammaisuus;;substantiivi;40
vanhahtavuus;;substantiivi;40
vanhemmuus;;substantiivi;40
vanhoillisuus;;substantiivi;40
vanhurskaus;;substantiivi;40
vanhuus;;substantiivi;40
vankeus;;substantiivi;40
vankkumattomuus;;substantiivi;40
vankkuus;;substantiivi;40
vantteruus;;substantiivi;40
vanumattomuus;;substantiivi;40
vapaamuurarius;;substantiivi;40
vapaus;;substantiivi;40
‑varaisuus;;substantiivi;40
varakkuus;;substantiivi;40
varallisuus;;substantiivi;40
varattomuus;;substantiivi;40
varauksellisuus;;substantiivi;40
varautuvuus;;substantiivi;40
varhaisuus;;substantiivi;40
varjoisuus;;substantiivi;40
varkaus;;substantiivi;40
varmuus;;substantiivi;40
varomattomuus;;substantiivi;40
varovaisuus;;substantiivi;40
varovuus;;substantiivi;40
vartevuus;;substantiivi;40
vasallius;;substantiivi;40
vasemmistolaisuus;;substantiivi;40
vastaanottavaisuus;;substantiivi;40
vastaanottavuus;;substantiivi;40
vastaavuus;;substantiivi;40
vastahakoisuus;;substantiivi;40
vastahankaisuus;;substantiivi;40
vastaisuus;;substantiivi;40
vastakkaisuus;;substantiivi;40
vastavuoroisuus;;substantiivi;40
vastikkeellisuus;;substantiivi;40
vastikkeettomuus;;substantiivi;40
vastuksellisuus;;substantiivi;40
vastustamattomuus;;substantiivi;40
vastuullisuus;;substantiivi;40
vastuuttomuus;;substantiivi;40
vatsakkuus;;substantiivi;40
vauhdikkuus;;substantiivi;40
vauraus;;substantiivi;40
vedekkyys;;substantiivi;40
vehmaus;;substantiivi;40
vehreys;;substantiivi;40
veikeys;;substantiivi;40
veistoksellisuus;;substantiivi;40
veitikkamaisuus;;substantiivi;40
velattomuus;;substantiivi;40
veljellisyys;;substantiivi;40
veljeys;;substantiivi;40
veljyys;;substantiivi;40
velkaisuus;;substantiivi;40
velttous;;substantiivi;40
velvoittavuus;;substantiivi;40
velvollisuus;;substantiivi;40
venyvyys;;substantiivi;40
venäläisyys;;substantiivi;40
verekkyys;;substantiivi;40
verenhimoisuus;;substantiivi;40
verisyys;;substantiivi;40
verivirtsaisuus;;substantiivi;40
verkkaisuus;;substantiivi;40
veroisuus;;substantiivi;40
verollisuus;;substantiivi;40
verottomuus;;substantiivi;40
verrannollisuus;;substantiivi;40
verrattomuus;;substantiivi;40
vertaisuus;;substantiivi;40
vesakkoisuus;;substantiivi;40
vesipäisyys;;substantiivi;40
vetelyys;;substantiivi;40
vetoisuus;;substantiivi;40
vetävyys;;substantiivi;40
viallisuus;;substantiivi;40
viattomuus;;substantiivi;40
viehkeys;;substantiivi;40
viehättävyys;;substantiivi;40
viekkaus;;substantiivi;40
vienous;;substantiivi;40
vieraantuneisuus;;substantiivi;40
vieraus;;substantiivi;40
vierekkäisyys;;substantiivi;40
viettelevyys;;substantiivi;40
vihaisuus;;substantiivi;40
viheliäisyys;;substantiivi;40
vihollisuus;;substantiivi;40
vihreys;;substantiivi;40
viihteellisyys;;substantiivi;40
viihtyisyys;;substantiivi;40
viihtyvyys;;substantiivi;40
viileys;;substantiivi;40
viimeistelemättömyys;;substantiivi;40
viisaus;;substantiivi;40
viistous;;substantiivi;40
viitseliäisyys;;substantiivi;40
viitteellisyys;;substantiivi;40
‑viivaisuus;;substantiivi;40
‑vikaisuus;;substantiivi;40
vikkelyys;;substantiivi;40
viktoriaanisuus;;substantiivi;40
viljavuus;;substantiivi;40
vilkkaus;;substantiivi;40
villeys;;substantiivi;40
villiys;;substantiivi;40
vilpittömyys;;substantiivi;40
vilpoisuus;;substantiivi;40
vimmaisuus;;substantiivi;40
vinkeys;;substantiivi;40
vinous;;substantiivi;40
virallisuus;;substantiivi;40
‑vireisyys;;substantiivi;40
vireys;;substantiivi;40
virheellisyys;;substantiivi;40
virheettömyys;;substantiivi;40
virikkeisyys;;substantiivi;40
virkeys;;substantiivi;40
virtuaalisuus;;substantiivi;40
virtuoosisuus;;substantiivi;40
viskoosisuus;;substantiivi;40
viskoosius;;substantiivi;40
visuaalisuus;;substantiivi;40
vitaalisuus;;substantiivi;40
vitaalius;;substantiivi;40
vitsikkyys;;substantiivi;40
vittumaisuus;;substantiivi;40
viuhkamaisuus;;substantiivi;40
vivahteettomuus;;substantiivi;40
vivahteikkuus;;substantiivi;40
‑voimaisuus;;substantiivi;40
voimakkuus;;substantiivi;40
voimallisuus;;substantiivi;40
voimattomuus;;substantiivi;40
‑vointisuus;;substantiivi;40
voitokkuus;;substantiivi;40
voittamattomuus;;substantiivi;40
voittoisuus;;substantiivi;40
vuolaus;;substantiivi;40
vuoristoisuus;;substantiivi;40
vuoroittaisuus;;substantiivi;40
vyöhykkeisyys;;substantiivi;40
vähemmyys;;substantiivi;40
vähyys;;substantiivi;40
vähäeleisyys;;substantiivi;40
vähäilmeisyys;;substantiivi;40
vähäjärkisyys;;substantiivi;40
vähälukuisuus;;substantiivi;40
vähäpätöisyys;;substantiivi;40
vähäpäästöisyys;;substantiivi;40
väistämättömyys;;substantiivi;40
väkevyys;;substantiivi;40
väkinäisyys;;substantiivi;40
välillisyys;;substantiivi;40
välinpitämättömyys;;substantiivi;40
välittömyys;;substantiivi;40
väljyys;;substantiivi;40
välttämättömyys;;substantiivi;40
värikkyys;;substantiivi;40
värillisyys;;substantiivi;40
värisyys;;substantiivi;40
värittömyys;;substantiivi;40
väsymättömyys;;substantiivi;40
vääjäämättömyys;;substantiivi;40
vääryys;;substantiivi;40
yhteenkuuluvaisuus;;substantiivi;40
yhteiskunnallisuus;;substantiivi;40
yhteismitattomuus;;substantiivi;40
yhteistoimivuus;;substantiivi;40
yhteisyys;;substantiivi;40
yhteisöllisyys;;substantiivi;40
yhtenevyys;;substantiivi;40
yhtenäisyys;;substantiivi;40
yhteys;;substantiivi;40
yhtäjaksoisuus;;substantiivi;40
yhtäkkisyys;;substantiivi;40
yhtäläisyys;;substantiivi;40
yhtämittaisuus;;substantiivi;40
ykseys;;substantiivi;40
yksijumalaisuus;;substantiivi;40
yksikotisuus;;substantiivi;40
yksilöllisyys;;substantiivi;40
yksilöys;;substantiivi;40
yksineuvoisuus;;substantiivi;40
yksinkertaisuus;;substantiivi;40
yksinäisyys;;substantiivi;40
yksioikoisuus;;substantiivi;40
yksipuolisuus;;substantiivi;40
yksiselitteisyys;;substantiivi;40
yksitoikkoisuus;;substantiivi;40
yksittäisyys;;substantiivi;40
yksituumaisuus;;substantiivi;40
yksityisyys;;substantiivi;40
yksivaimoisuus;;substantiivi;40
yksivakaisuus;;substantiivi;40
yleisyys;;substantiivi;40
ylellisyys;;substantiivi;40
ylemmyys;;substantiivi;40
ylenkatseellisuus;;substantiivi;40
ylenpalttisuus;;substantiivi;40
ylettömyys;;substantiivi;40
ylevyys;;substantiivi;40
ylhäisyys;;substantiivi;40
ylimalkaisuus;;substantiivi;40
ylimyksellisyys;;substantiivi;40
yliolkaisuus;;substantiivi;40
ylisukupolvisuus;;substantiivi;40
yllättävyys;;substantiivi;40
yllätyksellisyys;;substantiivi;40
ylpeys;;substantiivi;40
yltiöpäisyys;;substantiivi;40
ylväys;;substantiivi;40
ymmärrettävyys;;substantiivi;40
‑ymmärteisyys;;substantiivi;40
ymmärtämättömyys;;substantiivi;40
ymmärtäväisyys;;substantiivi;40
ynseys;;substantiivi;40
yritteliäisyys;;substantiivi;40
yrittäjyys;;substantiivi;40
yrmeys;;substantiivi;40
ystävyys;;substantiivi;40
ystävällisyys;;substantiivi;40
ytimekkyys;;substantiivi;40
äidillisyys;;substantiivi;40
äitelyys;;substantiivi;40
äitiys;;substantiivi;40
äkeys;;substantiivi;40
äkillisyys;;substantiivi;40
äkkipikaisuus;;substantiivi;40
äksyys;;substantiivi;40
äkäisyys;;substantiivi;40
‑älyisyys;;substantiivi;40
älykkyys;;substantiivi;40
älyllisyys;;substantiivi;40
älyttömyys;;substantiivi;40
äreys;;substantiivi;40
ärhäkkyys;;substantiivi;40
ärtyisyys;;substantiivi;40
ärtyneisyys;;substantiivi;40
ärtyvyys;;substantiivi;40
äveriäisyys;;substantiivi;40
ääliömäisyys;;substantiivi;40
äänekkyys;;substantiivi;40
äänettömyys;;substantiivi;40
äänisyys;;substantiivi;40
äärellisyys;;substantiivi;40
äärettömyys;;substantiivi;40
äärevyys;;substantiivi;40
äärimmäisyys;;substantiivi;40
öykkärimäisyys;;substantiivi;40
ahnas;;adjektiivi;41
antelias;;adjektiivi;41
armelias;;adjektiivi;41
armias;;adjektiivi;41
aulis;;adjektiivi;41
avulias;;adjektiivi;41
hauras;;adjektiivi;41
hurskas;;adjektiivi;41
häveliäs;;adjektiivi;41
irstas;;adjektiivi;41
joutilas;;adjektiivi;41
kallis;;adjektiivi;41
kalvas;;adjektiivi;41
karsas;;adjektiivi;41
karvas;;adjektiivi;41
kaunis;;adjektiivi;41
kekseliäs;;adjektiivi;41
kiivas;;adjektiivi;41
kitsas;;adjektiivi;41
kitulias;;adjektiivi;41
kivulias;;adjektiivi;41
kohtelias;;adjektiivi;41
köynneliäs;;adjektiivi;41
laupias;;adjektiivi;41
loistelias;;adjektiivi;41
mietteliäs;;adjektiivi;41
paljas;;adjektiivi;41
paras;;adjektiivi;41
pisteliäs;;adjektiivi;41
puhelias;;adjektiivi;41
raihnas;;adjektiivi;41
raskas;;adjektiivi;41
runsas;;adjektiivi;41
sitkas;;adjektiivi;41
sovelias;;adjektiivi;41
suulas;;adjektiivi;41
säästeliäs;;adjektiivi;41
tiivis;;adjektiivi;41
toimelias;;adjektiivi;41
tuottelias;;adjektiivi;41
tyyris;;adjektiivi;41
työläs;;adjektiivi;41
työteliäs;;adjektiivi;41
uljas;;adjektiivi;41
unelias;;adjektiivi;41
uskalias;;adjektiivi;41
uuras;;adjektiivi;41
vaatelias;;adjektiivi;41
vaitelias;;adjektiivi;41
vanhurskas;;adjektiivi;41
vauras;;adjektiivi;41
vehmas;;adjektiivi;41
viitseliäs;;adjektiivi;41
vuolas;;adjektiivi;41
‑vuotias;;adjektiivi;41
ylväs;;adjektiivi;41
yritteliäs;;adjektiivi;41
armas;;adjektiivi, substantiivi;41
autuas;;adjektiivi, substantiivi;41
kuulas;;adjektiivi, substantiivi;41
raavas;;adjektiivi, substantiivi;41
sairas;;adjektiivi, substantiivi;41
utelias;;adjektiivi, substantiivi;41
valmis;;adjektiivi, substantiivi;41
vieras;;adjektiivi, substantiivi;41
viisas;;adjektiivi, substantiivi;41
äveriäs;;adjektiivi, substantiivi;41
eräs;;pronomini;41
monias;;pronomini;41
ankerias;;substantiivi;41
ansas;;substantiivi;41
eväs;;substantiivi;41
hirvas;;substantiivi;41
kaplas;;substantiivi;41
kaskas;;substantiivi;41
katras;;substantiivi;41
kauppias;;substantiivi;41
kauris;;substantiivi;41
keihäs;;substantiivi;41
kirves;;substantiivi;41
kokelas;;substantiivi;41
kuhilas;;substantiivi;41
kunnas;;substantiivi;41
kuohilas;;substantiivi;41
kynnäs;;substantiivi;41
köriläs;;substantiivi;41
lounas;;substantiivi;41
lunnaat;;substantiivi;41
lähettiläs;;substantiivi;41
messias;;substantiivi;41
naaras;;substantiivi;41
nauris;;substantiivi;41
oinas;;substantiivi;41
oppilas;;substantiivi;41
oras;;substantiivi;41
patsas;;substantiivi;41
pensas;;substantiivi;41
piiras;;substantiivi;41
porsas;;substantiivi;41
potilas;;substantiivi;41
purilas;;substantiivi;41
pylväs;;substantiivi;41
rahvas;;substantiivi;41
rastas;;substantiivi;41
ruhtinas;;substantiivi;41
ruumis;;substantiivi;41
rynttyyt;;substantiivi;41
räystäs;;substantiivi;41
saalis;;substantiivi;41
sotilas;;substantiivi;41
taivas;;substantiivi;41
talas;;substantiivi;41
teuras;;substantiivi;41
toipilas;;substantiivi;41
turilas;;substantiivi;41
tursas;;substantiivi;41
tuulas;;substantiivi;41
töyräs;;substantiivi;41
valas;;substantiivi;41
valjaat;;substantiivi;41
valtias;;substantiivi;41
verstas;;substantiivi;41
äyräs;;substantiivi;41
kiirus;;substantiivi, adjektiivi;41
rautias;;substantiivi, adjektiivi;41
mies;;substantiivi;42
ehyt;;adjektiivi;43
kevyt;;adjektiivi;43
lyhyt;;adjektiivi;43
ohut;;adjektiivi;43
pehmyt;;adjektiivi;43
airut;;substantiivi;43
kytkyt;;substantiivi;43
kätkyt;;substantiivi;43
neitsyt;;substantiivi;43
olut;;substantiivi;43
tiehyt;;substantiivi;43
kevät;;substantiivi;44
kahdeksas;;numeraali;45
kahdeksaskymmenes;;numeraali;45
kahdes;;numeraali;45
kahdeskymmenes;;numeraali;45
kolmas;;numeraali;45
kolmaskymmenes;;numeraali;45
kuudes;;numeraali;45
kuudeskymmenes;;numeraali;45
kymmenes;1;numeraali;45
miljoonas;;numeraali;45
neljäs;;numeraali;45
neljäskymmenes;;numeraali;45
nollas;;numeraali;45
sadas;;numeraali;45
seitsemäs;;numeraali;45
seitsemäskymmenes;;numeraali;45
tuhannes;;numeraali;45
viides;;numeraali;45
viideskymmenes;;numeraali;45
yhdeksäs;;numeraali;45
yhdeksäskymmenes;;numeraali;45
yhdes;;numeraali;45
mones;;pronomini;45
tuhat;;numeraali;46
ahdistunut;;adjektiivi;47
elähtänyt;;adjektiivi;47
helpottunut;;adjektiivi;47
hermostunut;;adjektiivi;47
hienostunut;;adjektiivi;47
häiriintynyt;;adjektiivi;47
iki-ihastunut;;adjektiivi;47
ikävystynyt;;adjektiivi;47
innostunut;;adjektiivi;47
itkettynyt;;adjektiivi;47
jännittynyt;;adjektiivi;47
kehittynyt;;adjektiivi;47
kokenut;;adjektiivi;47
koulunkäynyt;;adjektiivi;47
liikarasittunut;;adjektiivi;47
masentunut;;adjektiivi;47
nainut;;adjektiivi;47
onnistunut;;adjektiivi;47
paatunut;;adjektiivi;47
pidättynyt;;adjektiivi;47
raffinoitunut;;adjektiivi;47
sivistynyt;;adjektiivi;47
sofistikoitunut;;adjektiivi;47
sulkeutunut;;adjektiivi;47
tervetullut;;adjektiivi;47
täysinpalvellut;;adjektiivi;47
urasuuntautunut;;adjektiivi;47
uudestisyntynyt;;adjektiivi;47
valantehnyt;;adjektiivi;47
vannoutunut;;adjektiivi;47
väsynyt;;adjektiivi;47
ylikasvanut;;adjektiivi;47
ylikiihottunut;;adjektiivi;47
ylikukkinut;;adjektiivi;47
ylirasittunut;;adjektiivi;47
allekirjoittanut;;adjektiivi, substantiivi;47
hassahtanut;;adjektiivi, substantiivi;47
herännyt;;adjektiivi, substantiivi;47
höpsähtänyt;;adjektiivi, substantiivi;47
ikääntynyt;;adjektiivi, substantiivi;47
juopunut;;adjektiivi, substantiivi;47
jälkeenjäänyt;;adjektiivi, substantiivi;47
kajahtanut;;adjektiivi, substantiivi;47
mennyt;;adjektiivi, substantiivi;47
oppinut;;adjektiivi, substantiivi;47
poismennyt;;adjektiivi, substantiivi;47
poisnukkunut;;adjektiivi, substantiivi;47
päihtynyt;;adjektiivi, substantiivi;47
vastasyntynyt;;adjektiivi, substantiivi;47
liittoutuneet;;substantiivi;47
kuollut;;substantiivi, adjektiivi;47
ahne;;adjektiivi;48
tiine;;adjektiivi;48
tuore;;adjektiivi;48
terve;;adjektiivi, substantiivi;48
aave;;substantiivi;48
aihe;;substantiivi;48
aine;;substantiivi;48
alkeet;;substantiivi;48
altiste;;substantiivi;48
alue;;substantiivi;48
amme;;substantiivi;48
ane;;substantiivi;48
ase;;substantiivi;48
aste;;substantiivi;48
asuste;;substantiivi;48
aukile;;substantiivi;48
avuste;;substantiivi;48
ehoste;;substantiivi;48
eine;;substantiivi;48
ele;;substantiivi;48
ennuste;;substantiivi;48
erhe;;substantiivi;48
eriste;;substantiivi;48
esine;;substantiivi;48
este;;substantiivi;48
eväste;;substantiivi;48
file;;substantiivi;48
haaste;;substantiivi;48
haave;;substantiivi;48
haje;;substantiivi;48
hajuste;;substantiivi;48
halme;;substantiivi;48
hame;;substantiivi;48
hammaste;;substantiivi;48
harme;;substantiivi;48
harraste;;substantiivi;48
harteet;;substantiivi;48
heijaste;;substantiivi;48
hele;;substantiivi;48
helske;;substantiivi;48
herkiste;;substantiivi;48
herne;;substantiivi;48
hetale;;substantiivi;48
hidaste;;substantiivi;48
hie;;substantiivi;48
hile;;substantiivi;48
hilse;;substantiivi;48
hiutale;;substantiivi;48
home;;substantiivi;48
houre;;substantiivi;48
huiskale;;substantiivi;48
huiske;;substantiivi;48
huone;;substantiivi;48
hurme;;substantiivi;48
huume;;substantiivi;48
hyntteet;;substantiivi;48
hyrske;;substantiivi;48
hyve;;substantiivi;48
härme;;substantiivi;48
höyste;;substantiivi;48
höytäle;;substantiivi;48
ilmaste;;substantiivi;48
ilme;;substantiivi;48
ilve;;substantiivi;48
jalkine;;substantiivi;48
jaloste;;substantiivi;48
jatke;;substantiivi;48
jauhe;;substantiivi;48
joukkue;;substantiivi;48
joulukiire;;substantiivi;48
juliste;;substantiivi;48
juoste;;substantiivi;48
jyske;;substantiivi;48
jytke;;substantiivi;48
jäntere;;substantiivi;48
järkäle;;substantiivi;48
jäykiste;;substantiivi;48
kaarne;;substantiivi;48
kahle;;substantiivi;48
kaistale;;substantiivi;48
kaitale;;substantiivi;48
kaje;;substantiivi;48
kale;;substantiivi;48
kalske;;substantiivi;48
kaluste;;substantiivi;48
kankare;;substantiivi;48
kannuste;;substantiivi;48
kapine;;substantiivi;48
kappale;;substantiivi;48
kapse;;substantiivi;48
kare;1;substantiivi;48
kare;2;substantiivi;48
karhe;;substantiivi;48
kariste;;substantiivi;48
kaste;;substantiivi;48
katse;;substantiivi;48
katve;;substantiivi;48
kauniste;;substantiivi;48
kehyste;;substantiivi;48
kekkale;;substantiivi;48
kekäle;;substantiivi;48
ketale;;substantiivi;48
ketkale;;substantiivi;48
kiertue;;substantiivi;48
kiire;2;substantiivi;48
kikkare;;substantiivi;48
kimpale;;substantiivi;48
kipale;;substantiivi;48
kirje;;substantiivi;48
kirkaste;;substantiivi;48
koje;;substantiivi;48
kokkare;;substantiivi;48
kone;;substantiivi;48
kooste;;substantiivi;48
kopse;;substantiivi;48
koriste;;substantiivi;48
koroste;;substantiivi;48
koste;;substantiivi;48
kuiske;;substantiivi;48
kuje;;substantiivi;48
kulkue;;substantiivi;48
kumpare;;substantiivi;48
kuore;;substantiivi;48
kure;;substantiivi;48
kutale;;substantiivi;48
kuume;;substantiivi;48
kylläste;;substantiivi;48
käriste;;substantiivi;48
käsine;;substantiivi;48
käynniste;;substantiivi;48
kääre;;substantiivi;48
käärme;;substantiivi;48
kääryle;;substantiivi;48
laine;;substantiivi;48
laivue;;substantiivi;48
lampare;;substantiivi;48
lause;;substantiivi;48
lavaste;;substantiivi;48
leikkele;;substantiivi;48
lentue;;substantiivi;48
lese;;substantiivi;48
lipare;;substantiivi;48
lippue;;substantiivi;48
liukaste;;substantiivi;48
liuske;;substantiivi;48
lohkare;;substantiivi;48
loiske;;substantiivi;48
loiste;;substantiivi;48
lokse;;substantiivi;48
louhe;;substantiivi;48
louske;;substantiivi;48
lume;;substantiivi;48
luste;;substantiivi;48
lähtökiire;;substantiivi;48
läiske;;substantiivi;48
lämpäre;;substantiivi;48
läpse;;substantiivi;48
läviste;;substantiivi;48
maine;;substantiivi;48
malline;;substantiivi;48
matkue;;substantiivi;48
mauste;;substantiivi;48
mehuste;;substantiivi;48
melske;;substantiivi;48
molske;;substantiivi;48
moniste;;substantiivi;48
muodoste;;substantiivi;48
murhe;;substantiivi;48
murroste;;substantiivi;48
murske;;substantiivi;48
muste;;substantiivi;48
myötäle;;substantiivi;48
mäiske;;substantiivi;48
märkile;;substantiivi;48
määre;;substantiivi;48
möhkäle;;substantiivi;48
narske;;substantiivi;48
neste;;substantiivi;48
neule;;substantiivi;48
nokare;;substantiivi;48
noste;;substantiivi;48
nyyhke;;substantiivi;48
näre;;substantiivi;48
ohje;;substantiivi;48
oire;;substantiivi;48
omiste;;substantiivi;48
opaste;;substantiivi;48
pahe;;substantiivi;48
pahnue;;substantiivi;48
paine;;substantiivi;48
paise;;substantiivi;48
paiste;;substantiivi;48
pakaste;;substantiivi;48
pehmuste;;substantiivi;48
pelkiste;;substantiivi;48
pentele;;substantiivi;48
pentue;;substantiivi;48
perhe;;substantiivi;48
perkeet;;substantiivi;48
perkele;;substantiivi;48
perkule;;substantiivi;48
perse;;substantiivi;48
peruste;;substantiivi;48
pesue;;substantiivi;48
pesye;;substantiivi;48
piriste;;substantiivi;48
pirske;;substantiivi;48
pirstale;;substantiivi;48
piste;;substantiivi;48
pohjuste;;substantiivi;48
poikue;;substantiivi;48
poiste;;substantiivi;48
pore;;substantiivi;48
puhdiste;;substantiivi;48
puhe;;substantiivi;48
pukeet;;substantiivi;48
pukine;;substantiivi;48
pune;;substantiivi;48
puolue;;substantiivi;48
puriste;;substantiivi;48
purje;;substantiivi;48
purse;;substantiivi;48
pyre;;substantiivi;48
päiste;;substantiivi;48
päre;;substantiivi;48
pärske;;substantiivi;48
päähine;;substantiivi;48
päällyste;;substantiivi;48
päärme;;substantiivi;48
pökäle;;substantiivi;48
pöytye;;substantiivi;48
raakile;;substantiivi;48
raaste;;substantiivi;48
raikaste;;substantiivi;48
rakkine;;substantiivi;48
rapse;;substantiivi;48
rele;;substantiivi;48
repale;;substantiivi;48
retale;;substantiivi;48
retkue;;substantiivi;48
reunuste;;substantiivi;48
riekale;;substantiivi;48
rikaste;;substantiivi;48
roikale;;substantiivi;48
roiske;;substantiivi;48
ropse;;substantiivi;48
rouhe;;substantiivi;48
rouske;;substantiivi;48
rouste;;substantiivi;48
ruhje;;substantiivi;48
ruiske;;substantiivi;48
ruoste;;substantiivi;48
ryntteet;;substantiivi;48
rypäle;;substantiivi;48
ryske;;substantiivi;48
rytke;;substantiivi;48
ryökäle;;substantiivi;48
räime;;substantiivi;48
räiske;;substantiivi;48
räiskäle;;substantiivi;48
räme;;substantiivi;48
räpse;;substantiivi;48
räyske;;substantiivi;48
rääppeet;;substantiivi;48
rääpäle;;substantiivi;48
rötkäle;;substantiivi;48
saaste;;substantiivi;48
saattue;;substantiivi;48
sahe;;substantiivi;48
sane;;substantiivi;48
sanue;;substantiivi;48
saoste;;substantiivi;48
seloste;;substantiivi;48
seoste;;substantiivi;48
seurue;;substantiivi;48
silmävärve;;substantiivi;48
sirpale;;substantiivi;48
sisuste;;substantiivi;48
somiste;;substantiivi;48
sose;;substantiivi;48
suihke;;substantiivi;48
suikale;;substantiivi;48
suiste;;substantiivi;48
surve;;substantiivi;48
suure;;substantiivi;48
suuruste;;substantiivi;48
sähke;;substantiivi;48
säihke;;substantiivi;48
säle;;substantiivi;48
säpäle;;substantiivi;48
säyne;;substantiivi;48
tamineet;;substantiivi;48
tase;;substantiivi;48
tehoste;;substantiivi;48
tekele;;substantiivi;48
teline;;substantiivi;48
tere;;substantiivi;48
teräste;;substantiivi;48
tietue;;substantiivi;48
tiiviste;;substantiivi;48
tisle;;substantiivi;48
todiste;;substantiivi;48
toiste;2;substantiivi;48
toive;;substantiivi;48
tuiske;;substantiivi;48
tulipalokiire;;substantiivi;48
tuloste;;substantiivi;48
tunniste;;substantiivi;48
tunnuste;;substantiivi;48
tyrske;;substantiivi;48
työkiire;;substantiivi;48
työntökytkye;;substantiivi;48
uloste;;substantiivi;48
vahviste;;substantiivi;48
vaihe;;substantiivi;48
vaje;;substantiivi;48
vale;;substantiivi;48
valhe;;substantiivi;48
valmiste;;substantiivi;48
valve;;substantiivi;48
variste;;substantiivi;48
varmiste;;substantiivi;48
varuste;;substantiivi;48
vaste;;substantiivi;48
vastine;;substantiivi;48
vene;;substantiivi;48
venhe;;substantiivi;48
verme;;substantiivi;48
viehe;;substantiivi;48
vihje;;substantiivi;48
vihne;;substantiivi;48
viimeiste;;substantiivi;48
viipale;;substantiivi;48
viiste;;substantiivi;48
vilske;;substantiivi;48
vire;;substantiivi;48
virhe;;substantiivi;48
virkiste;;substantiivi;48
virne;;substantiivi;48
viuhke;;substantiivi;48
voihke;;substantiivi;48
vonkale;;substantiivi;48
väive;;substantiivi;48
väline;;substantiivi;48
väre;;substantiivi;48
värve;;substantiivi;48
yhdiste;;substantiivi;48
yhtye;;substantiivi;48
ähke;;substantiivi;48
äpäre;;substantiivi;48
ihme;;substantiivi, adjektiivi;48
kiire;1;substantiivi, adjektiivi;48
kiiru;;substantiivi, adjektiivi;48
askar;;substantiivi;49
askare;;substantiivi;49
askel;;substantiivi;49
askele;;substantiivi;49
auer;;substantiivi;49
autere;;substantiivi;49
hepene;;substantiivi;49
huhmar;;substantiivi;49
huhmare;;substantiivi;49
kantele;;substantiivi;49
kintere;;substantiivi;49
kyynel;;substantiivi;49
kyynele;;substantiivi;49
mantere;;substantiivi;49
muren;;substantiivi;49
murene;;substantiivi;49
ompele;;substantiivi;49
penkere;;substantiivi;49
petkel;;substantiivi;49
petkele;;substantiivi;49
pientare;;substantiivi;49
saivar;;substantiivi;49
saivare;;substantiivi;49
sammal;;substantiivi;49
seppel;;substantiivi;49
seppele;;substantiivi;49
säkene;;substantiivi;49
taipale;;substantiivi;49
tantere;;substantiivi;49
utare;;substantiivi;49
vempele;;substantiivi;49
hapanimelä;;adjektiivi;50
hämäräsokea;;adjektiivi;50
kuumahauras;;adjektiivi;50
kylmähauras;;adjektiivi;50
märkäluja;;adjektiivi;50
aitosuomalainen;;adjektiivi, substantiivi;50
aitotumallinen;;adjektiivi, substantiivi;50
harmaahapsi;;adjektiivi, substantiivi;50
huimapää;;adjektiivi, substantiivi;50
kaljupää;;adjektiivi, substantiivi;50
kiharatukka;;adjektiivi, substantiivi;50
klanipää;;adjektiivi, substantiivi;50
kuuromykkä;;adjektiivi, substantiivi;50
kuurosokea;;adjektiivi, substantiivi;50
köyryselkä;;adjektiivi, substantiivi;50
mustasilmä;;adjektiivi, substantiivi;50
vanhasuomalainen;;adjektiivi, substantiivi;50
aitoamaryllis;;substantiivi;50
aitokana;;substantiivi;50
aitosuomalaisuus;;substantiivi;50
aitosyöpä;;substantiivi;50
alastonkuva;;substantiivi;50
alastonmalli;;substantiivi;50
alastontutkielma;;substantiivi;50
halpakauppa;;substantiivi;50
halpamyymälä;;substantiivi;50
halpamyynti;;substantiivi;50
halpatuonti;;substantiivi;50
halpatyö;;substantiivi;50
halpatyövoima;;substantiivi;50
hapanappelsiini;;substantiivi;50
hapanimeläkastike;;substantiivi;50
hapankaali;;substantiivi;50
hapankerma;;substantiivi;50
hapankorppu;;substantiivi;50
hapanleipä;;substantiivi;50
hapannaama;;substantiivi;50
hapantaikina;;substantiivi;50
harmaa-asteikko;;substantiivi;50
harmaahaikara;;substantiivi;50
harmaahome;;substantiivi;50
harmaahylje;;substantiivi;50
harmaakaihi;;substantiivi;50
harmaakarhu;;substantiivi;50
harmaakiilto;;substantiivi;50
harmaakivi;;substantiivi;50
harmaaleppä;;substantiivi;50
harmaalokki;;substantiivi;50
harmaanieriä;;substantiivi;50
harmaasieppo;;substantiivi;50
harmaasuolaus;;substantiivi;50
harmaatuonti;;substantiivi;50
harmaavarpunen;;substantiivi;50
hidaskatu;;substantiivi;50
hienohelma;;substantiivi;50
hienomekaanikko;;substantiivi;50
hienomekaniikka;;substantiivi;50
hienomotoriikka;;substantiivi;50
hienopaperi;;substantiivi;50
hienopesu;;substantiivi;50
hienorakenne;;substantiivi;50
hienosahaus;;substantiivi;50
hienosaippua;;substantiivi;50
hienosäädin;;substantiivi;50
hienosäätö;;substantiivi;50
hullujussi;;substantiivi;50
hullukaali;;substantiivi;50
hulluruoho;;substantiivi;50
hurjapää;;substantiivi;50
hämäräkytkin;;substantiivi;50
hämärämies;;substantiivi;50
hämäränäkö;;substantiivi;50
hämäräsokeus;;substantiivi;50
hämärätila;;substantiivi;50
imelälimppu;;substantiivi;50
isoaivot;;substantiivi;50
isoapollo;;substantiivi;50
isohirvenjäkälä;;substantiivi;50
isoisä;;substantiivi;50
isojalka;1;substantiivi;50
isojalka;2;substantiivi;50
isokauris;;substantiivi;50
isolyhtykoiso;;substantiivi;50
isosetä;;substantiivi;50
isotäti;;substantiivi;50
isovanhemmat;;substantiivi;50
isoympyrä;;substantiivi;50
isoäiti;;substantiivi;50
jaloangervo;;substantiivi;50
jalofasaani;;substantiivi;50
jalohaukka;;substantiivi;50
jalokaasu;;substantiivi;50
jalokastanja;;substantiivi;50
jalokivi;;substantiivi;50
jalokoralli;;substantiivi;50
jalokuoriainen;;substantiivi;50
jalometalli;;substantiivi;50
jalopeura;;substantiivi;50
jalopuu;;substantiivi;50
jalopähkinä;;substantiivi;50
jaloruusu;;substantiivi;50
jaloteräs;;substantiivi;50
kadesilmä;;substantiivi;50
kalpeanaama;;substantiivi;50
karkeasäädin;;substantiivi;50
karkeasäätö;;substantiivi;50
karvasaine;;substantiivi;50
kesyhanhi;;substantiivi;50
kesyhilleri;;substantiivi;50
kesykissa;;substantiivi;50
kesykyyhky;;substantiivi;50
kevytbetoni;;substantiivi;50
kevythybridi;;substantiivi;50
kevytjogurtti;;substantiivi;50
kevytjugurtti;;substantiivi;50
kevytjukurtti;;substantiivi;50
kevytkerma;;substantiivi;50
kevytlevite;;substantiivi;50
kevytmaito;;substantiivi;50
kevytmargariini;;substantiivi;50
kevytmetalli;;substantiivi;50
kevytmoottoripyörä;;substantiivi;50
kevytmuovi;;substantiivi;50
kevytolut;;substantiivi;50
kevytpiimä;;substantiivi;50
kevytsavi;;substantiivi;50
kevytsinko;;substantiivi;50
kevytsora;;substantiivi;50
kevytsukellus;;substantiivi;50
kevytsukeltaja;;substantiivi;50
kevyttiili;;substantiivi;50
kevytvene;;substantiivi;50
kevytviili;;substantiivi;50
kevytyrittäjyys;;substantiivi;50
kevytyrittäjä;;substantiivi;50
komealupiini;;substantiivi;50
korkea-aste;;substantiivi;50
korkeajännite;;substantiivi;50
korkeakoulu;;substantiivi;50
korkeakulttuuri;;substantiivi;50
korkeapaine;;substantiivi;50
korkeasuhdanne;;substantiivi;50
korkeavarasto;;substantiivi;50
kovakalvo;;substantiivi;50
kovakumi;;substantiivi;50
kovakuoriainen;;substantiivi;50
kovalevy;;substantiivi;50
kovametalli;;substantiivi;50
kovanaama;;substantiivi;50
kraavikala;;substantiivi;50
kraavilohi;;substantiivi;50
kuiva-aine;;substantiivi;50
kuivaelementti;;substantiivi;50
kuivaeste;;substantiivi;50
kuivaharjaus;;substantiivi;50
kuivaharjoittelu;;substantiivi;50
kuivahedelmä;;substantiivi;50
kuivaheinä;;substantiivi;50
kuivahiiva;;substantiivi;50
kuivajää;;substantiivi;50
kuivakaappi;;substantiivi;50
kuivakäymälä;;substantiivi;50
kuivaliha;;substantiivi;50
kuivamaito;;substantiivi;50
kuivapari;;substantiivi;50
kuivaparisto;;substantiivi;50
kuivapesu;;substantiivi;50
kuivapuku;;substantiivi;50
kuivarehu;;substantiivi;50
kuivasampoo;;substantiivi;50
kuivashampoo;;substantiivi;50
kuivasprii;;substantiivi;50
kuivasuolaus;;substantiivi;50
kuivatelakka;;substantiivi;50
kuivatislaus;;substantiivi;50
kuumahauraus;;substantiivi;50
kuumailmapallo;;substantiivi;50
kuumailmapuhallin;;substantiivi;50
kuumakalle;;substantiivi;50
kuumakäsittely;;substantiivi;50
kuumaliima;;substantiivi;50
kuumaliimaus;;substantiivi;50
kuumamankeli;;substantiivi;50
kuumamankelointi;;substantiivi;50
kuumamuokkaus;;substantiivi;50
kuumaniittaus;;substantiivi;50
kuumasaumaus;;substantiivi;50
kuumasavustus;;substantiivi;50
kuumasinkitys;;substantiivi;50
kuumataonta;;substantiivi;50
kuumatyöstö;;substantiivi;50
kylmäallas;;substantiivi;50
kylmäasema;;substantiivi;50
kylmäenergia;;substantiivi;50
kylmäfuusio;;substantiivi;50
kylmäfysiikka;;substantiivi;50
kylmähauraus;;substantiivi;50
kylmähitsaus;;substantiivi;50
kylmähoito;;substantiivi;50
kylmähuone;;substantiivi;50
kylmäkaappi;;substantiivi;50
kylmäkalle;;substantiivi;50
kylmäkaluste;;substantiivi;50
kylmäkassi;;substantiivi;50
kylmäketju;;substantiivi;50
kylmäkomero;;substantiivi;50
kylmäkone;;substantiivi;50
kylmäkoneisto;;substantiivi;50
kylmäkuivaus;;substantiivi;50
kylmäkuljetus;;substantiivi;50
kylmäkäsittely;;substantiivi;50
kylmäkäynnistys;;substantiivi;50
kylmälaite;;substantiivi;50
kylmälaukku;;substantiivi;50
kylmälava;;substantiivi;50
kylmämuokkaus;;substantiivi;50
kylmäniittaus;;substantiivi;50
kylmäpakkaus;;substantiivi;50
kylmäpihatto;;substantiivi;50
kylmäpiste;;substantiivi;50
kylmäpuristus;;substantiivi;50
kylmäpöytä;;substantiivi;50
kylmäsavustus;;substantiivi;50
kylmäseos;;substantiivi;50
kylmäsilta;;substantiivi;50
kylmäsäiliö;;substantiivi;50
kylmäsäilytys;;substantiivi;50
kylmätaonta;;substantiivi;50
kylmätekniikka;;substantiivi;50
kylmätila;;substantiivi;50
kylmätiski;;substantiivi;50
kylmätuote;;substantiivi;50
kylmätyöstö;;substantiivi;50
kylmävaraaja;;substantiivi;50
kylmävarasto;;substantiivi;50
kähäräendiivi;;substantiivi;50
käkkyrämänty;;substantiivi;50
käkkärämänty;;substantiivi;50
käteväihminen;;substantiivi;50
käyrätorvi;;substantiivi;50
laajakulma;;substantiivi;50
laiskamato;;substantiivi;50
liberaaliteologia;;substantiivi;50
lyhytelokuva;;substantiivi;50
lyhytfilmi;;substantiivi;50
lyhytkirurgia;;substantiivi;50
lyhytnumero;;substantiivi;50
lyhytohjelma;;substantiivi;50
lyhytproosa;;substantiivi;50
lyhyttanssi;;substantiivi;50
lyhyttavara;;substantiivi;50
lyhytterapia;;substantiivi;50
matalajännite;;substantiivi;50
matalakirkollisuus;;substantiivi;50
matalamielisyys;;substantiivi;50
matalapaine;;substantiivi;50
matalasuhdanne;;substantiivi;50
matalatorjunta;;substantiivi;50
meltorauta;;substantiivi;50
mustajuuri;;substantiivi;50
mustalipeä;;substantiivi;50
mustapaita;;substantiivi;50
mustarastas;;substantiivi;50
mustarousku;;substantiivi;50
mustaruuti;;substantiivi;50
mustavaris;;substantiivi;50
mykkäelokuva;;substantiivi;50
mykkäfilmi;;substantiivi;50
mykkäkoulu;;substantiivi;50
märkäajo;;substantiivi;50
märkähionta;;substantiivi;50
märkälujuus;;substantiivi;50
märkäpesu;;substantiivi;50
märkäpuku;;substantiivi;50
märkätila;;substantiivi;50
mätämuna;;substantiivi;50
normaalifloora;;substantiivi;50
normaalijakauma;;substantiivi;50
normaalijakautuma;;substantiivi;50
normaalikoulu;;substantiivi;50
normaalilyseo;;substantiivi;50
normaalilämpö;;substantiivi;50
normaalimäki;;substantiivi;50
normaaliobjektiivi;;substantiivi;50
normaaliolot;;substantiivi;50
normaalipaino;;substantiivi;50
normaalipituus;;substantiivi;50
normaalisävel;;substantiivi;50
normaalitapaus;;substantiivi;50
normaalivahvuus;;substantiivi;50
normaalivauhti;;substantiivi;50
nuoskakeli;;substantiivi;50
nuoskalumi;;substantiivi;50
nuoskasää;;substantiivi;50
ohutkalvo;;substantiivi;50
ohutleipä;;substantiivi;50
ohutsuoli;;substantiivi;50
omaelämäkerta;;substantiivi;50
omahoitaja;;substantiivi;50
omahoito;;substantiivi;50
omakehu;;substantiivi;50
omakustanne;;substantiivi;50
omakustannukset;;substantiivi;50
omalääkäri;;substantiivi;50
omapaino;;substantiivi;50
omarahoitus;;substantiivi;50
omatuotanto;;substantiivi;50
omavalvonta;;substantiivi;50
omavastuu;;substantiivi;50
paksulehti;;substantiivi;50
paksupyörä;;substantiivi;50
paksusuoli;;substantiivi;50
pehmeäjäätelö;;substantiivi;50
pehmytjäätelö;;substantiivi;50
pehmytkudos;;substantiivi;50
pimeähormoni;;substantiivi;50
pimeälento;;substantiivi;50
pitkähöylä;;substantiivi;50
pitkäpalko;;substantiivi;50
pitkäsoitto;;substantiivi;50
puhdastila;;substantiivi;50
puhdasviljelmä;;substantiivi;50
puhdasviljely;;substantiivi;50
puolihoito;;substantiivi;50
pystyihminen;;substantiivi;50
raaka-aine;;substantiivi;50
raakadata;;substantiivi;50
raakakahvi;;substantiivi;50
raakakakku;;substantiivi;50
raakakivi;;substantiivi;50
raakakopio;;substantiivi;50
raakakuitu;;substantiivi;50
raakakumi;;substantiivi;50
raakakupari;;substantiivi;50
raakakypsytys;;substantiivi;50
raakakäännös;;substantiivi;50
raakalauta;;substantiivi;50
raakaleivonta;;substantiivi;50
raakamaa;;substantiivi;50
raakamaito;;substantiivi;50
raakamakkara;;substantiivi;50
raakamalmi;;substantiivi;50
raakametalli;;substantiivi;50
raakanahka;;substantiivi;50
raakapakaste;;substantiivi;50
raakapihvi;;substantiivi;50
raakapuu;1;substantiivi;50
raakapuuro;;substantiivi;50
raakaraaste;;substantiivi;50
raakarauta;;substantiivi;50
raakaravinto;;substantiivi;50
raakaruoka;;substantiivi;50
raakaruokinta;;substantiivi;50
raakaruokosokeri;;substantiivi;50
raakasilkki;;substantiivi;50
raakasokeri;;substantiivi;50
raakasose;;substantiivi;50
raakasuklaa;;substantiivi;50
raakatislaus;;substantiivi;50
raakavedos;;substantiivi;50
raakaversio;;substantiivi;50
raakavesi;;substantiivi;50
raakaöljy;;substantiivi;50
radikaalileikkaus;;substantiivi;50
rajuilma;;substantiivi;50
rankkasade;;substantiivi;50
raskasmetalli;;substantiivi;50
ruskeakarhu;;substantiivi;50
ruskeakieli;;substantiivi;50
selväkieli;;substantiivi;50
selvänäkijä;;substantiivi;50
selvänäkö;;substantiivi;50
sokeapainatus;;substantiivi;50
suippokaali;;substantiivi;50
suippokaari;;substantiivi;50
suippolakki;;substantiivi;50
suippotorni;;substantiivi;50
sulahitsaus;;substantiivi;50
sulavesi;;substantiivi;50
suorahaku;;substantiivi;50
suorakaide;;substantiivi;50
suorakauppa;;substantiivi;50
suorakorvaus;;substantiivi;50
suorakulmain;;substantiivi;50
suorakulmio;;substantiivi;50
suorakäyttö;;substantiivi;50
suoramainonta;;substantiivi;50
suoramainos;;substantiivi;50
suoramarkkinointi;;substantiivi;50
suoramyynti;;substantiivi;50
suorapankki;;substantiivi;50
suorasuihkutus;;substantiivi;50
suorasuu;;substantiivi;50
suorasuuntaus;;substantiivi;50
suoratoisto;;substantiivi;50
suoraveloitus;;substantiivi;50
suuriruhtinas;;substantiivi;50
suuriruhtinatar;;substantiivi;50
syväasfaltti;;substantiivi;50
syväauraus;;substantiivi;50
syvähaastattelu;;substantiivi;50
syvähengitys;;substantiivi;50
syväkairaus;;substantiivi;50
syväkivilaji;;substantiivi;50
syväluotaus;;substantiivi;50
syvämuokkaus;;substantiivi;50
syväonginta;;substantiivi;50
syväonki;;substantiivi;50
syväpainanta;;substantiivi;50
syväpaino;;substantiivi;50
syvärakenne;;substantiivi;50
syväsatama;;substantiivi;50
syvätarkkuus;;substantiivi;50
syväväylä;;substantiivi;50
taajahylly;;substantiivi;50
tarkka-ampuja;;substantiivi;50
tarkkavaaitus;;substantiivi;50
tiiviskurssi;;substantiivi;50
tiivisluu;;substantiivi;50
tiukkapipo;;substantiivi;50
totaalikieltäytyjä;;substantiivi;50
tummasolu;;substantiivi;50
tuore-elintarvike;;substantiivi;50
tuorehiiva;;substantiivi;50
tuorejuusto;;substantiivi;50
tuoremaito;;substantiivi;50
tuoremehu;;substantiivi;50
tuorepaino;;substantiivi;50
tuorepasta;;substantiivi;50
tuorepuuro;;substantiivi;50
tuoreravinto;;substantiivi;50
tuorerehu;;substantiivi;50
tuoreruokinta;;substantiivi;50
tuoresose;;substantiivi;50
tuoresuolaus;;substantiivi;50
tuoretavara;;substantiivi;50
tuoretuote;;substantiivi;50
tuoreveri;;substantiivi;50
tuoreyrtti;;substantiivi;50
tyhjäkäynti;;substantiivi;50
tyhjäsuoli;;substantiivi;50
täysihoito;;substantiivi;50
täysiserkku;;substantiivi;50
täysisisar;;substantiivi;50
täysisisarukset;;substantiivi;50
täysiveli;;substantiivi;50
ubiikkiyhteiskunta;;substantiivi;50
uniikkikappale;;substantiivi;50
universaalitiede;;substantiivi;50
vajaakäyttö;;substantiivi;50
vajaaravitsemus;;substantiivi;50
vajaatoiminta;;substantiivi;50
vajaatyöllisyys;;substantiivi;50
valmisateria;;substantiivi;50
valmisbetoni;;substantiivi;50
valmismatka;;substantiivi;50
valmisosa;;substantiivi;50
valmispitsa;;substantiivi;50
valmispizza;;substantiivi;50
valmispuku;;substantiivi;50
valmisruoka;;substantiivi;50
valmistalo;;substantiivi;50
valmisvaate;;substantiivi;50
vapaa-ajattelija;;substantiivi;50
vapaa-ajattelu;;substantiivi;50
vapaaheitto;;substantiivi;50
vapaaherra;;substantiivi;50
vapaahetki;;substantiivi;50
vapaailta;;substantiivi;50
vapaakappale;;substantiivi;50
vapaakauppa;;substantiivi;50
vapaakaupunki;;substantiivi;50
vapaakiipeily;;substantiivi;50
vapaakirkko;;substantiivi;50
vapaakivääri;;substantiivi;50
vapaakunta;;substantiivi;50
vapaakytkin;;substantiivi;50
vapaakyyti;;substantiivi;50
vapaalasku;;substantiivi;50
vapaalippu;;substantiivi;50
vapaaluistelu;;substantiivi;50
vapaalyönti;;substantiivi;50
vapaamatkustaja;;substantiivi;50
vapaamuurari;;substantiivi;50
vapaaohjelma;;substantiivi;50
vapaaopisto;;substantiivi;50
vapaaoppilas;;substantiivi;50
vapaaottelija;;substantiivi;50
vapaaottelu;;substantiivi;50
vapaapaini;;substantiivi;50
vapaapalokunta;;substantiivi;50
vapaapistooli;;substantiivi;50
vapaapäivä;;substantiivi;50
vapaasatama;;substantiivi;50
vapaasukellus;;substantiivi;50
vapaasukeltaja;;substantiivi;50
vapaataival;;substantiivi;50
vapaatanssi;;substantiivi;50
vapaatunti;;substantiivi;50
vapaauinti;;substantiivi;50
vapaavarasto;;substantiivi;50
vapaavarsi;;substantiivi;50
vapaavuoro;;substantiivi;50
vapaavuosi;;substantiivi;50
vierasaine;;substantiivi;50
vierasesine;;substantiivi;50
vierasjää;;substantiivi;50
vieraskenttä;;substantiivi;50
vieraslaji;;substantiivi;50
vierassana;;substantiivi;50
vierastaistelija;;substantiivi;50
vierastyöläinen;;substantiivi;50
vierastyövoima;;substantiivi;50
vihantalannoitus;;substantiivi;50
vihantarehu;;substantiivi;50
viileäkaappi;;substantiivi;50
viistolasku;;substantiivi;50
viistoperä;;substantiivi;50
viistopinta;;substantiivi;50
viistorivi;;substantiivi;50
viistosauma;;substantiivi;50
villieläin;;substantiivi;50
villihanhi;;substantiivi;50
villihevonen;;substantiivi;50
villi-ihminen;;substantiivi;50
villikaali;;substantiivi;50
villikala;;substantiivi;50
villikaniini;;substantiivi;50
villikarju;;substantiivi;50
villikissa;;substantiivi;50
villilapsi;;substantiivi;50
villimehiläinen;;substantiivi;50
villiminkki;;substantiivi;50
villiomena;;substantiivi;50
villipeto;;substantiivi;50
villipeura;;substantiivi;50
villiruoka;;substantiivi;50
villiruusu;;substantiivi;50
villisika;;substantiivi;50
villisilkki;;substantiivi;50
villivarsa;;substantiivi;50
villivihannes;;substantiivi;50
villiyrtti;;substantiivi;50
vinokaitale;;substantiivi;50
vinokatto;;substantiivi;50
vinoköysisilta;;substantiivi;50
vinolaudoitus;;substantiivi;50
vinolehti;;substantiivi;50
vinonauha;;substantiivi;50
vinoneliö;;substantiivi;50
vinopaikoitus;;substantiivi;50
vinopysäköinti;;substantiivi;50
vinoristi;;substantiivi;50
vinoruutu;;substantiivi;50
vinosuuntaus;;substantiivi;50
vinotuki;;substantiivi;50
vinoviiva;;substantiivi;50
vinoviivoitus;;substantiivi;50
harmaaparta;;substantiivi, adjektiivi;50
harmaapää;;substantiivi, adjektiivi;50
kierosilmä;;substantiivi, adjektiivi;50
kiharapää;;substantiivi, adjektiivi;50
kippurahäntä;;substantiivi, adjektiivi;50
kippuranenä;;substantiivi, adjektiivi;50
kippuranokka;;substantiivi, adjektiivi;50
kuumapää;;substantiivi, adjektiivi;50
kyömynenä;;substantiivi, adjektiivi;50
kähäräpää;;substantiivi, adjektiivi;50
köyryniska;;substantiivi, adjektiivi;50
pitkätukka;;substantiivi, adjektiivi;50
tummasilmä;;substantiivi, adjektiivi;50
tummatukka;;substantiivi, adjektiivi;50
tyhjätasku;;substantiivi, adjektiivi;50
vinosilmä;;substantiivi, adjektiivi;50
vääräsääri;;substantiivi, adjektiivi;50
puolikymmentä;;numeraali;51
puolisataa;;numeraali;51
aavameri;;substantiivi;51
isotaivot;;substantiivi;51
kevytsarja;;substantiivi;51
kultainennoutaja;;substantiivi;51
laiskakoira;;substantiivi;51
lämminruoka;;substantiivi;51
matalameri;;substantiivi;51
mustaleipä;;substantiivi;51
mustaleski;;substantiivi;51
mustamaija;;substantiivi;51
mustamies;;substantiivi;51
mustamulta;;substantiivi;51
mustapekka;;substantiivi;51
mustaraamattu;;substantiivi;51
mustaviinimarja;;substantiivi;51
nuoriemäntä;;substantiivi;51
nuoriherra;;substantiivi;51
nuori-isäntä;;substantiivi;51
nuorikarja;;substantiivi;51
nuorimies;;substantiivi;51
omatunto;;substantiivi;51
pahahenki;;substantiivi;51
palavakivi;;substantiivi;51
palavapensas;;substantiivi;51
palavarakkaus;;substantiivi;51
pitkäpiimä;;substantiivi;51
pitkäsiima;;substantiivi;51
pitkätakki;;substantiivi;51
pitkäthousut;;substantiivi;51
raskassarja;;substantiivi;51
syvämeri;;substantiivi;51
särkynytsydän;;substantiivi;51
tyhjäpaino;;substantiivi;51
uusikuu;;substantiivi;51
uusivuosi;;substantiivi;51
vanhaemäntä;;substantiivi;51
vanhaisäntä;;substantiivi;51
vanhakaupunki;;substantiivi;51
vanhapiika;;substantiivi;51
vanhapoika;;substantiivi;51
aimo;;adjektiivi;99
ainut;;adjektiivi;99
avo;;adjektiivi;99
ensi;;adjektiivi;99
hela;2;adjektiivi;99
hyvänen;;adjektiivi;99
ilmoinen;;adjektiivi;99
koko;2;adjektiivi;99
live;2;adjektiivi;99
sees;;adjektiivi;99
toissa;;adjektiivi;99
vaka;;adjektiivi;99
viime;;adjektiivi;99
viimeisin;;adjektiivi;99
äimä;2;adjektiivi;99
aika;2;adjektiivi, adverbi;99
eri;;adjektiivi, adverbi;99
pikku;;adjektiivi, adverbi;99
kypsi;;adjektiivi, substantiivi;99
must;;adjektiivi, substantiivi;99
ehkei;;adverbi + kieltoverbi;99
miksei;;adverbi + kieltoverbi;99
ehken;;adverbi + kieltoverbi, adverbi;99
ilmi;;adverbi, adjektiivi;99
melko;;adverbi, adjektiivi;99
perin;1;adverbi, adjektiivi;99
joko;;adverbi, konjunktio;99
kuten;;adverbi, konjunktio;99
ansiosta;;adverbi, postpositio;99
edeltä;;adverbi, postpositio;99
edestä;;adverbi, postpositio;99
kannalla;;adverbi, postpositio;99
kannalle;;adverbi, postpositio;99
kannalta;;adverbi, postpositio;99
keskelle;;adverbi, postpositio;99
keskellä;;adverbi, postpositio;99
keskeltä;;adverbi, postpositio;99
loppuun;;adverbi, postpositio;99
lähimailla;;adverbi, postpositio;99
lähimaille;;adverbi, postpositio;99
lähimailta;;adverbi, postpositio;99
lävitse;;adverbi, postpositio;99
maihin;;adverbi, postpositio;99
maissa;;adverbi, postpositio;99
maista;;adverbi, postpositio;99
mukaan;;adverbi, postpositio;99
mukana;;adverbi, postpositio;99
myötä;;adverbi, postpositio;99
ohitse;;adverbi, postpositio;99
paikalla;;adverbi, postpositio;99
paikalle;;adverbi, postpositio;99
paikalta;;adverbi, postpositio;99
perässä;;adverbi, postpositio;99
perästä;;adverbi, postpositio;99
perään;;adverbi, postpositio;99
sisälle;;adverbi, postpositio;99
sisällä;;adverbi, postpositio;99
sisältä;;adverbi, postpositio;99
vallassa;;adverbi, postpositio;99
vallasta;;adverbi, postpositio;99
valtaan;;adverbi, postpositio;99
varalla;;adverbi, postpositio;99
vastaan;;adverbi, postpositio;99
vastassa;;adverbi, postpositio;99
väliin;;adverbi, postpositio;99
edelle;;adverbi, postpositio, prepositio;99
edellä;;adverbi, postpositio, prepositio;99
halki;;adverbi, postpositio, prepositio;99
kesken;;adverbi, postpositio, prepositio;99
kohti;;adverbi, postpositio, prepositio;99
läpi;1;adverbi, postpositio, prepositio;99
ohi;;adverbi, postpositio, prepositio;99
poikki;;adverbi, postpositio, prepositio;99
päin;;adverbi, prepositio;99
ennen;;adverbi, prepositio, postpositio;99
liki;;adverbi, prepositio, postpositio;99
likinnä;;adverbi, prepositio, postpositio;99
plus;;adverbi, prepositio, substantiivi;99
ellei;;alistuskonjunktio + kieltoverbi;99
ettei;;alistuskonjunktio + kieltoverbi;99
etteikö;;alistuskonjunktio + kieltoverbi;99
jollei;;alistuskonjunktio + kieltoverbi;99
jottei;;alistuskonjunktio + kieltoverbi;99
vaikkei;;alistuskonjunktio + kieltoverbi;99
aah;;interjektio;99
ah;;interjektio;99
ahaa;;interjektio;99
ai;;interjektio;99
aijai;;interjektio;99
ammuu;;interjektio;99
au;;interjektio;99
auts;;interjektio;99
blaa;;interjektio;99
bravo;;interjektio;99
bää;;interjektio;99
böö;;interjektio;99
ehei;;interjektio;99
eläköön;;interjektio;99
ha;;interjektio;99
haa;;interjektio;99
hah;;interjektio;99
halleluja;;interjektio;99
hau;;interjektio;99
he;2;interjektio;99
heh;;interjektio;99
hei;;interjektio;99
heko heko;;interjektio;99
hellanlettas;;interjektio;99
hellurei;;interjektio;99
hep;;interjektio;99
herrajesta;;interjektio;99
herranjesta;;interjektio;99
herranjumala;;interjektio;99
hi;;interjektio;99
hih;;interjektio;99
hiiop;;interjektio;99
hip;;interjektio;99
hm;;interjektio;99
hmh;;interjektio;99
hmm;;interjektio;99
hohhoijaa;;interjektio;99
hoi;;interjektio;99
hop hop;;interjektio;99
hopi hopi;;interjektio;99
huh;;interjektio;99
huhuu;;interjektio;99
hui;;interjektio;99
hui hai;;interjektio;99
huiskis;;interjektio;99
huit;;interjektio;99
huoh;;interjektio;99
hupsis;;interjektio;99
hupsista;;interjektio;99
hus;;interjektio;99
huut;;interjektio;99
hyh;;interjektio;99
hyi;;interjektio;99
hys;;interjektio;99
hä;;interjektio;99
häh;;interjektio;99
höh;;interjektio;99
höpsis;;interjektio;99
höpsistä;;interjektio;99
höpön;;interjektio;99
ihaa;;interjektio;99
ihahaa;;interjektio;99
iik;;interjektio;99
jaa;;interjektio;99
jaaha;;interjektio;99
jaha;;interjektio;99
jassoo;;interjektio;99
jee;;interjektio;99
jep;;interjektio;99
jes;;interjektio;99
jess;;interjektio;99
jessus;;interjektio;99
jestas;;interjektio;99
jipii;;interjektio;99
jippii;;interjektio;99
joo;;interjektio;99
jukolaut;;interjektio;99
jukolauta;;interjektio;99
jukoliste;;interjektio;99
jukra;;interjektio;99
jukranpujut;;interjektio;99
juku;;interjektio;99
jukupätkä;;interjektio;99
jumalaut;;interjektio;99
jumalauta;;interjektio;99
jumaliste;;interjektio;99
juu;;interjektio;99
jösses;;interjektio;99
kappas;;interjektio;99
kas;;interjektio;99
kippis;;interjektio;99
kis;;interjektio;99
kop;;interjektio;99
kot;;interjektio;99
kukkokiekuu;;interjektio;99
kukkuu;;interjektio;99
kuti;3;interjektio;99
kääk;;interjektio;99
lällällää;;interjektio;99
lääh;;interjektio;99
mars;;interjektio;99
mau;;interjektio;99
miau;;interjektio;99
moi;;interjektio;99
moikka;;interjektio;99
morjens;;interjektio;99
morjensta;;interjektio;99
morjes;;interjektio;99
morjesta;;interjektio;99
moro;2;interjektio;99
moron;;interjektio;99
nam;;interjektio;99
niisk;;interjektio;99
no;;interjektio;99
noh;;interjektio;99
näkemiin;;interjektio;99
nöf;;interjektio;99
oh;;interjektio;99
ohhoh;;interjektio;99
ohhoijaa;;interjektio;99
oho;;interjektio;99
ohoh;;interjektio;99
ohoi;;interjektio;99
oi;;interjektio;99
oijoi;;interjektio;99
pah;;interjektio;99
pai;2;interjektio;99
pas;;interjektio;99
phui;;interjektio;99
phyi;;interjektio;99
piip;;interjektio;99
pirulauta;;interjektio;99
pliis;;interjektio;99
plääh;;interjektio;99
prosit;;interjektio;99
ptruu;;interjektio;99
puh;;interjektio;99
pus;1;interjektio;99
pus;2;interjektio;99
pusi;;interjektio;99
puuh;;interjektio;99
pyh;;interjektio;99
pöh;;interjektio;99
pöö;;interjektio;99
röh;;interjektio;99
skool;;interjektio;99
so;;interjektio;99
soo;;interjektio;99
sori;;interjektio;99
sorry;;interjektio;99
sus;;interjektio;99
tattis;;interjektio;99
titityy;;interjektio;99
tjaa;;interjektio;99
top;;interjektio;99
tse;;interjektio;99
tsot;;interjektio;99
tuku;;interjektio;99
tuut;;interjektio;99
tyyt;;interjektio;99
tä;;interjektio;99
täh;;interjektio;99
tööt;;interjektio;99
uppista;;interjektio;99
ups;;interjektio;99
upsis;;interjektio;99
upsista;;interjektio;99
wau;;interjektio;99
vau;;interjektio;99
vautsi;;interjektio;99
viuh;;interjektio;99
voi;2;interjektio;99
yäk;;interjektio;99
yök;;interjektio;99
äh;;interjektio;99
ähäkutti;;interjektio;99
ähäpiti;;interjektio;99
äsh;;interjektio;99
ääk;;interjektio;99
heikun keikun;;interjektio, adverbi;99
näkemisiin;;interjektio, adverbi;99
seis;;interjektio, adverbi;99
eikä;;kieltoverbi + rinnastuskonjunktio;99
ei;;kieltoverbi, substantiivi;99
aivan kuin;;konjunktio;99
eli;;konjunktio;99
elikkä;;konjunktio;99
että;;konjunktio;99
jahka;;konjunktio;99
joskaan;;konjunktio;99
joskin;;konjunktio;99
josko;;konjunktio;99
jospa;;konjunktio;99
jotta;;konjunktio;99
kun;;konjunktio;99
kunnes;;konjunktio;99
kunpa;;konjunktio;99
mikäli;;konjunktio;99
mut;;konjunktio;99
saati;;konjunktio;99
saatikka;;konjunktio;99
sekä;;konjunktio;99
tahi;;konjunktio;99
tahikka;;konjunktio;99
tai;;konjunktio;99
taikka;;konjunktio;99
vai;;konjunktio;99
ynnä;;konjunktio;99
ja;;konjunktio, adverbi;99
koska;;konjunktio, adverbi;99
kuin;;konjunktio, adverbi;99
sillä;;konjunktio, adverbi;99
sun;;konjunktio, adverbi;99
vaan;;konjunktio, adverbi;99
vaikka;;konjunktio, adverbi;99
jos;;konjunktio, substantiivi;99
mutta;;konjunktio, substantiivi;99
kahdeksisen;;numeraali;99
kahdeksisenkymmentä;;numeraali;99
kaks;;numeraali;99
kolmisen;;numeraali;99
kolmisenkymmentä;;numeraali;99
kuutisen;;numeraali;99
kuutisenkymmentä;;numeraali;99
kymmenisen;;numeraali;99
kymmenisentuhatta;;numeraali;99
nelisen;;numeraali;99
nelisenkymmentä;;numeraali;99
parisen;;numeraali;99
parisenkymmentä;;numeraali;99
parisensataa;;numeraali;99
puolisen;;numeraali;99
puolisenkymmentä;;numeraali;99
puolisensataa;;numeraali;99
puolisentoista;;numeraali;99
puolisentoistasataa;;numeraali;99
seitsemisen;;numeraali;99
tuhannen;;numeraali;99
tuhantisen;;numeraali;99
viitisen;;numeraali;99
viitisenkymmentä;;numeraali;99
viitisentoista;;numeraali;99
yhdeksisen;;numeraali;99
yhdeksisenkymmentä;;numeraali;99
yks;;numeraali;99
asemasta;;postpositio;99
asemesta;;postpositio;99
editse;;postpositio;99
hallussa;;postpositio;99
hallusta;;postpositio;99
haltuun;;postpositio;99
hoteisiin;;postpositio;99
hoteissa;;postpositio;99
hoteista;;postpositio;99
huomaan;;postpositio;99
huomassa;;postpositio;99
johdosta;;postpositio;99
johtuen;;postpositio;99
kannassa;;postpositio;99
kannasta;;postpositio;99
kannoilla;;postpositio;99
kannoille;;postpositio;99
kannoilta;;postpositio;99
kantaan;;postpositio;99
keskeen;;postpositio;99
keskessä;;postpositio;99
keskestä;;postpositio;99
keskitse;;postpositio;99
keskivaiheilla;;postpositio;99
keskivaiheille;;postpositio;99
keskivaiheilta;;postpositio;99
keskuudessa;;postpositio;99
keskuudesta;;postpositio;99
keskuuteen;;postpositio;99
kimppuun;;postpositio;99
kimpussa;;postpositio;99
kimpusta;;postpositio;99
kintereille;;postpositio;99
kintereillä;;postpositio;99
kintereiltä;;postpositio;99
kohtaan;;postpositio;99
korvilla;;postpositio;99
korville;;postpositio;99
korvissa;;postpositio;99
kuluttua;;postpositio;99
kupeella;;postpositio;99
kupeelle;;postpositio;99
kupeelta;;postpositio;99
kupeeseen;;postpositio;99
kupeessa;;postpositio;99
kupeesta;;postpositio;99
lomaan;;postpositio;99
lomassa;;postpositio;99
lomasta;;postpositio;99
lomitse;;postpositio;99
lopulla;;postpositio;99
lukien;;postpositio;99
luo;;postpositio;99
luokse;;postpositio;99
luona;;postpositio;99
luota;;postpositio;99
lähin;2;postpositio;99
lähtien;;postpositio;99
mennessä;;postpositio;99
mielestä;;postpositio;99
muassa;;postpositio;99
nojaan;;postpositio;99
nojalla;;postpositio;99
nojassa;;postpositio;99
nähden;;postpositio;99
ohella;;postpositio;99
pakeilla;;postpositio;99
pakeille;;postpositio;99
pakeilta;;postpositio;99
pariin;;postpositio;99
parissa;;postpositio;99
parista;;postpositio;99
partaalla;;postpositio;99
partaalle;;postpositio;99
peitossa;;postpositio;99
peitosta;;postpositio;99
peittoon;;postpositio;99
perälle;;postpositio;99
perällä;;postpositio;99
perältä;;postpositio;99
pinnassa;;postpositio;99
pinnasta;;postpositio;99
pintaan;;postpositio;99
pitäen;;postpositio;99
puheilla;;postpositio;99
puheille;;postpositio;99
puheilta;;postpositio;99
puoleen;;postpositio;99
puolesta;;postpositio;99
päähän;;postpositio;99
päällitse;;postpositio;99
päässä;;postpositio;99
päästä;2;postpositio;99
riippuen;;postpositio;99
sisästä;;postpositio;99
suhteen;;postpositio;99
taa;;postpositio;99
taitse;;postpositio;99
takia;;postpositio;99
tautta;;postpositio;99
tiimoilta;;postpositio;99
turvin;;postpositio;99
tykönä;;postpositio;99
tyköä;;postpositio;99
tähden;;postpositio;99
ulottumattomiin;;postpositio;99
ulottumattomissa;;postpositio;99
ulottuviin;;postpositio;99
ulottuvilla;;postpositio;99
ulottuville;;postpositio;99
ulottuvilta;;postpositio;99
ulottuvissa;;postpositio;99
ulottuvista;;postpositio;99
varaan;;postpositio;99
varassa;;postpositio;99
varasta;;postpositio;99
varjolla;;postpositio;99
varrella;;postpositio;99
varrelle;;postpositio;99
varrelta;;postpositio;99
varressa;;postpositio;99
varresta;;postpositio;99
varten;;postpositio;99
vieritse;;postpositio;99
vuoksi;2;postpositio;99
ylettyville;;postpositio;99
ylettyvillä;;postpositio;99
ylettyviltä;;postpositio;99
ääreen;;postpositio;99
äärelle;;postpositio;99
äärellä;;postpositio;99
ääreltä;;postpositio;99
ääressä;;postpositio;99
ali;;postpositio, adverbi;99
alitse;;postpositio, adverbi;99
alla;;postpositio, adverbi;99
edessä;;postpositio, adverbi;99
eteen;;postpositio, adverbi;99
haminoilla;;postpositio, adverbi;99
haminoille;;postpositio, adverbi;99
huikkeilla;;postpositio, adverbi;99
huikkeille;;postpositio, adverbi;99
huikkeilta;;postpositio, adverbi;99
hujakoilla;;postpositio, adverbi;99
hujakoille;;postpositio, adverbi;99
huostaan;;postpositio, adverbi;99
huostassa;;postpositio, adverbi;99
huostasta;;postpositio, adverbi;99
jäljessä;;postpositio, adverbi;99
jäljestä;;postpositio, adverbi;99
jäljille;;postpositio, adverbi;99
jäljillä;;postpositio, adverbi;99
jäljiltä;;postpositio, adverbi;99
jälkeen;;postpositio, adverbi;99
kanssa;;postpositio, adverbi;99
keralla;;postpositio, adverbi;99
keralle;;postpositio, adverbi;99
kieppeille;;postpositio, adverbi;99
kieppeillä;;postpositio, adverbi;99
kieppeissä;;postpositio, adverbi;99
kohden;;postpositio, adverbi;99
liepeille;;postpositio, adverbi;99
liepeillä;;postpositio, adverbi;99
liepeiltä;;postpositio, adverbi;99
lisäksi;;postpositio, adverbi;99
lopussa;;postpositio, adverbi;99
lähettyville;;postpositio, adverbi;99
lähettyvillä;;postpositio, adverbi;99
lähettyviltä;;postpositio, adverbi;99
myöden;;postpositio, adverbi;99
myöten;;postpositio, adverbi;99
nurkilla;;postpositio, adverbi;99
nurkille;;postpositio, adverbi;99
oheen;;postpositio, adverbi;99
ohessa;;postpositio, adverbi;99
ohesta;;postpositio, adverbi;99
paikkeilla;;postpositio, adverbi;99
paikkeille;;postpositio, adverbi;99
paikkeilta;;postpositio, adverbi;99
puolitse;;postpositio, adverbi;99
puolivaiheilla;;postpositio, adverbi;99
puolivaiheille;;postpositio, adverbi;99
päälle;;postpositio, adverbi;99
päällä;;postpositio, adverbi;99
päältä;;postpositio, adverbi;99
rinnalla;;postpositio, adverbi;99
rinnalle;;postpositio, adverbi;99
rinnalta;;postpositio, adverbi;99
seassa;;postpositio, adverbi;99
seasta;;postpositio, adverbi;99
sekaan;;postpositio, adverbi;99
seuduilla;;postpositio, adverbi;99
seudulla;;postpositio, adverbi;99
seutuvilla;;postpositio, adverbi;99
seutuville;;postpositio, adverbi;99
seutuvilta;;postpositio, adverbi;99
sisässä;;postpositio, adverbi;99
sisään;;postpositio, adverbi;99
sivuitse;;postpositio, adverbi;99
sivulla;;postpositio, adverbi;99
sivulle;;postpositio, adverbi;99
sivulta;;postpositio, adverbi;99
sivussa;;postpositio, adverbi;99
sivusta;2;postpositio, adverbi;99
sivuun;;postpositio, adverbi;99
taakse;;postpositio, adverbi;99
takaa;;postpositio, adverbi;99
takana;;postpositio, adverbi;99
tanhuvilla;;postpositio, adverbi;99
tanhuville;;postpositio, adverbi;99
tanhuvilta;;postpositio, adverbi;99
tasaan;;postpositio, adverbi;99
tasalla;;postpositio, adverbi;99
tasalle;;postpositio, adverbi;99
tasalta;;postpositio, adverbi;99
tasassa;;postpositio, adverbi;99
tasasta;;postpositio, adverbi;99
tykö;;postpositio, adverbi;99
varalle;;postpositio, adverbi;99
varalta;;postpositio, adverbi;99
varteen;;postpositio, adverbi;99
verran;;postpositio, adverbi;99
viereen;;postpositio, adverbi;99
vierelle;;postpositio, adverbi;99
vierellä;;postpositio, adverbi;99
viereltä;;postpositio, adverbi;99
vieressä;;postpositio, adverbi;99
vierestä;;postpositio, adverbi;99
välille;;postpositio, adverbi;99
välillä;;postpositio, adverbi;99
väliltä;;postpositio, adverbi;99
välimailla;;postpositio, adverbi;99
välimaille;;postpositio, adverbi;99
välimailta;;postpositio, adverbi;99
välissä;;postpositio, adverbi;99
välistä;;postpositio, adverbi;99
välitse;;postpositio, adverbi;99
ylle;;postpositio, adverbi;99
yllä;;postpositio, adverbi;99
yltä;;postpositio, adverbi;99
ympärille;;postpositio, adverbi;99
ympärillä;;postpositio, adverbi;99
ympäriltä;;postpositio, adverbi;99
äärestä;;postpositio, adverbi;99
ylitse;;postpositio, adverbi, prepositio;99
alkaen;;postpositio, prepositio;99
huolimatta;;postpositio, prepositio;99
kautta;;postpositio, prepositio;99
kera;;postpositio, prepositio;99
riippumatta;;postpositio, prepositio;99
alle;;postpositio, prepositio, adverbi;99
alta;;postpositio, prepositio, adverbi;99
pitkin;;postpositio, prepositio, adverbi;99
vailla;;postpositio, prepositio, adverbi;99
vaille;;postpositio, prepositio, adverbi;99
vasten;;postpositio, prepositio, adverbi;99
yli;;postpositio, prepositio, adverbi;99
ympäri;;postpositio, prepositio, adverbi;99
à la;;prepositio;99
per;;prepositio;99
pro;1;prepositio;99
versus;;prepositio;99
via;;prepositio;99
ilman;;prepositio, adverbi;99
likemmäksi;;prepositio, adverbi;99
likemmäs;;prepositio, adverbi;99
likempänä;;prepositio, adverbi;99
likempää;;prepositio, adverbi;99
likimmäksi;;prepositio, adverbi;99
likimmäs;;prepositio, adverbi;99
likimpänä;;prepositio, adverbi;99
lähemmä;;prepositio, adverbi;99
vastapäätä;;prepositio, postpositio;99
vastoin;;prepositio, postpositio;99
likelle;;prepositio, postpositio, adverbi;99
likellä;;prepositio, postpositio, adverbi;99
likeltä;;prepositio, postpositio, adverbi;99
lähelle;;prepositio, postpositio, adverbi;99
lähellä;;prepositio, postpositio, adverbi;99
läheltä;;prepositio, postpositio, adverbi;99
lähemmäksi;;prepositio, postpositio, adverbi;99
lähemmäs;;prepositio, postpositio, adverbi;99
lähempänä;;prepositio, postpositio, adverbi;99
lähimmäksi;;prepositio, postpositio, adverbi;99
lähimmäs;;prepositio, postpositio, adverbi;99
lähimpänä;;prepositio, postpositio, adverbi;99
lähinnä;;prepositio, postpositio, adverbi;99
paitsi;;prepositio, postpositio, adverbi;99
johonkin;;pronomini;99
joka;1;pronomini;99
jossain;;pronomini;99
jossakin;;pronomini;99
jostain;;pronomini;99
jostakin;;pronomini;99
jotain;;pronomini;99
jotakin;;pronomini;99
jotkin;;pronomini;99
jotkut;;pronomini;99
ketä;;pronomini;99
ketään;;pronomini;99
ma;;pronomini;99
mi;;pronomini;99
mikäkin;;pronomini;99
millään;;pronomini;99
missäkin;;pronomini;99
missään;;pronomini;99
mistä;;pronomini;99
mistäkin;;pronomini;99
mistään;;pronomini;99
mitään;;pronomini;99
monta;;pronomini;99
montaa;;pronomini;99
sa;;pronomini;99
muttei;;rinnastuskonjunktio + kieltoverbi;99
aprilli;;substantiivi;99
eioo;;substantiivi;99
eukkonen;;substantiivi;99
haava;2;substantiivi;99
huuti;;substantiivi;99
isämeidän;;substantiivi;99
isämeitä;;substantiivi;99
karku;;substantiivi;99
kitti;2;substantiivi;99
kukku;;substantiivi;99
kultanen;;substantiivi;99
kuti;2;substantiivi;99
kuulema;;substantiivi;99
kyse;;substantiivi;99
käsikoukku;;substantiivi;99
käsikynkkä;;substantiivi;99
miss;;substantiivi;99
muorinen;;substantiivi;99
PET;;substantiivi;99
pommi;2;substantiivi;99
rapiat;;substantiivi;99
roti;;substantiivi;99
salon;;substantiivi;99
seesam;;substantiivi;99
soopa;;substantiivi;99
surku;;substantiivi;99
syys;;substantiivi;99
tapaama;;substantiivi;99
tarvis;;substantiivi;99
tenä;;substantiivi;99
tietämä;;substantiivi;99
ulko;;substantiivi;99
vaari;2;substantiivi;99
velinen;;substantiivi;99
venät;;substantiivi;99
verta;;substantiivi;99
viisi;2;substantiivi;99
naivi;;adjektiivi;100
sairalloinen;;adjektiivi;100
sairaloinen;;adjektiivi;100
alfa-alfa;;substantiivi;100
alppinismi;;substantiivi;100
alppinisti;;substantiivi;100
aplikaattori;;substantiivi;100
betaversio;;substantiivi;100
huoneusto;;substantiivi;100
joni;;substantiivi;100
jute;;substantiivi;100
kansantiede;;substantiivi;100
kehoitus;;substantiivi;100
kemikalio;;substantiivi;100
kertoin;;substantiivi;100
kremnologi;;substantiivi;100
kremnologia;;substantiivi;100
mitalli;;substantiivi;100
paneli;;substantiivi;100
paria;;substantiivi;100
pure;;substantiivi;100
renesanssi;;substantiivi;100
scientologia;;substantiivi;100
seetri;;substantiivi;100
tiitteri;;substantiivi;100
vaakitus;;substantiivi;100
he;1;pronomini;101
hän;;pronomini;101
itse kukin;;pronomini;101
joka;2;pronomini;101
jokin;;pronomini;101
joku;;pronomini;101
ken;;pronomini;101
kenkään;;pronomini;101
kuka;;pronomini;101
kukaan;;pronomini;101
kukin;;pronomini;101
me;;pronomini;101
mikin;;pronomini;101
mikä;;pronomini;101
mikään;;pronomini;101
missä;;pronomini;101
muuan;;pronomini;101
mä;;pronomini;101
ne;;pronomini;101
noi;;pronomini;101
nuo;;pronomini;101
nämä;;pronomini;101
nää;;pronomini;101
se;;pronomini;101
sinä;;pronomini;101
sä;;pronomini;101
te;;pronomini;101
toi;;pronomini;101
tuo;;pronomini;101
tämä;;pronomini;101
tää;;pronomini;101
minä;;pronomini, substantiivi;101
kungfu;;substantiivi;1, 21
menu;;substantiivi;1, 21
carpaccio;;substantiivi;1, 3
isoeno;;substantiivi;1, 50
vapaapotku;;substantiivi;1, 50
annatto;;substantiivi;1*(C)
leuku;;substantiivi;1*(D)
vihko;;substantiivi;1*(D)
mutu;1;substantiivi;1*(F)
myky;;substantiivi;1*(M)
heikko;;adjektiivi;1*A
järkky;;adjektiivi;1*A
kenkku;;adjektiivi;1*A
kolkko;;adjektiivi;1*A
nilkku;;adjektiivi;1*A
säikky;;adjektiivi;1*A
tönkkö;;adjektiivi;1*A
virkku;;adjektiivi;1*A
kökkö;;adjektiivi, substantiivi;1*A
välkky;;adjektiivi, substantiivi;1*A
akku;;substantiivi;1*A
arkku;;substantiivi;1*A
aukko;;substantiivi;1*A
avomaankurkku;;substantiivi;1*A
baarimikko;;substantiivi;1*A
brenkku;;substantiivi;1*A
etikkakurkku;;substantiivi;1*A
eukko;;substantiivi;1*A
farkku;;substantiivi;1*A
farkut;;substantiivi;1*A
gekko;;substantiivi;1*A
haaksirikko;;substantiivi;1*A
hakku;;substantiivi;1*A
harkko;;substantiivi;1*A
haukku;1;substantiivi;1*A
haukku;2;substantiivi;1*A
herkku;;substantiivi;1*A
hietatokko;;substantiivi;1*A
höykky;;substantiivi;1*A
jakku;;substantiivi;1*A
jankko;;substantiivi;1*A
jekku;;substantiivi;1*A
joukko;;substantiivi;1*A
juhannuskokko;;substantiivi;1*A
julkku;;substantiivi;1*A
kaakko;;substantiivi;1*A
kaakku;;substantiivi;1*A
kakko;;substantiivi;1*A
kakku;;substantiivi;1*A
kankku;;substantiivi;1*A
kasvihuonekurkku;;substantiivi;1*A
keliaakikko;;substantiivi;1*A
kiekko;;substantiivi;1*A
kiikku;;substantiivi;1*A
kinkku;;substantiivi;1*A
kirkko;;substantiivi;1*A
kiukku;;substantiivi;1*A
kivakurkku;;substantiivi;1*A
kokko;1;substantiivi;1*A
kokko;2;substantiivi;1*A
koneikko;;substantiivi;1*A
koukku;;substantiivi;1*A
kukko;;substantiivi;1*A
kultakurkku;;substantiivi;1*A
kumpareikko;;substantiivi;1*A
kunkku;;substantiivi;1*A
kurkku;1;substantiivi;1*A
kurkku;2;substantiivi;1*A
kyykky;;substantiivi;1*A
laikku;;substantiivi;1*A
lakko;;substantiivi;1*A
lankku;;substantiivi;1*A
laukku;;substantiivi;1*A
lavakurkku;;substantiivi;1*A
leppäpirkko;;substantiivi;1*A
liejutokko;;substantiivi;1*A
linkku;;substantiivi;1*A
loikko;;substantiivi;1*A
loukko;;substantiivi;1*A
loukku;;substantiivi;1*A
lukko;;substantiivi;1*A
luukku;;substantiivi;1*A
lykky;;substantiivi;1*A
mankku;;substantiivi;1*A
maustekurkku;;substantiivi;1*A
meikku;;substantiivi;1*A
mekko;;substantiivi;1*A
menkut;;substantiivi;1*A
‑mikko;;substantiivi;1*A
miljoonikko;;substantiivi;1*A
morsmaikku;;substantiivi;1*A
moukku;;substantiivi;1*A
muikku;;substantiivi;1*A
murkku;1;substantiivi;1*A
murkku;2;substantiivi;1*A
mustatäplätokko;;substantiivi;1*A
myrkky;;substantiivi;1*A
mölkky;;substantiivi;1*A
möykky;;substantiivi;1*A
naukku;;substantiivi;1*A
nekku;;substantiivi;1*A
nelkku;;substantiivi;1*A
neukku;;substantiivi;1*A
nirkko;;substantiivi;1*A
norkko;;substantiivi;1*A
nostalgikko;;substantiivi;1*A
oikku;;substantiivi;1*A
orkku;;substantiivi;1*A
paakku;;substantiivi;1*A
paikko;;substantiivi;1*A
pakko;;substantiivi;1*A
pankko;;substantiivi;1*A
pantomiimikko;;substantiivi;1*A
papurikko;;substantiivi;1*A
paranooikko;;substantiivi;1*A
parkkipirkko;;substantiivi;1*A
pateetikko;;substantiivi;1*A
paukku;;substantiivi;1*A
peikko;;substantiivi;1*A
petäjikkö;;substantiivi;1*A
peukku;;substantiivi;1*A
piikko;;substantiivi;1*A
pikkukurkku;;substantiivi;1*A
pilkku;;substantiivi;1*A
poleemikko;;substantiivi;1*A
pragmaatikko;;substantiivi;1*A
praktikko;;substantiivi;1*A
prikku;;substantiivi;1*A
puikko;;substantiivi;1*A
punatulkku;;substantiivi;1*A
punkku;;substantiivi;1*A
puukko;;substantiivi;1*A
päikkö;;substantiivi;1*A
pökkö;;substantiivi;1*A
pölkky;;substantiivi;1*A
raakku;;substantiivi;1*A
rakko;;substantiivi;1*A
raspikurkku;;substantiivi;1*A
riekko;;substantiivi;1*A
roikko;;substantiivi;1*A
roikku;;substantiivi;1*A
rokko;;substantiivi;1*A
romantikko;;substantiivi;1*A
ruokko;;substantiivi;1*A
ruukku;;substantiivi;1*A
rynkky;1;substantiivi;1*A
rynkky;2;substantiivi;1*A
saikku;;substantiivi;1*A
sakko;;substantiivi;1*A
salkku;;substantiivi;1*A
saraikko;;substantiivi;1*A
sarvijaakko;;substantiivi;1*A
saukko;;substantiivi;1*A
semiootikko;;substantiivi;1*A
serkku;;substantiivi;1*A
silkko;;substantiivi;1*A
sinkku;;substantiivi;1*A
sirkku;;substantiivi;1*A
soikko;;substantiivi;1*A
stukko;;substantiivi;1*A
suolakurkku;;substantiivi;1*A
suukko;;substantiivi;1*A
sylkky;;substantiivi;1*A
sönkkö;;substantiivi;1*A
takku;;substantiivi;1*A
telkku;;substantiivi;1*A
terkut;;substantiivi;1*A
tikku;;substantiivi;1*A
tilkku;;substantiivi;1*A
tokko;2;substantiivi;1*A
tolkku;;substantiivi;1*A
tuikku;;substantiivi;1*A
tukko;1;substantiivi;1*A
tukko;2;substantiivi;1*A
tukku;;substantiivi;1*A
tuliluikku;;substantiivi;1*A
tykky;;substantiivi;1*A
tyrkky;;substantiivi;1*A
uikku;;substantiivi;1*A
ukko;;substantiivi;1*A
untuvikko;;substantiivi;1*A
uskalikko;;substantiivi;1*A
vaikku;;substantiivi;1*A
veikko;;substantiivi;1*A
verkko;;substantiivi;1*A
viikko;;substantiivi;1*A
vilkku;;substantiivi;1*A
vuokko;;substantiivi;1*A
yökkö;;substantiivi;1*A
irkku;;substantiivi, adjektiivi;1*A
mulkku;;substantiivi, adjektiivi;1*A
rikko;;substantiivi, adjektiivi;1*A
sokko;;substantiivi, adjektiivi;1*A
torkku;;substantiivi, adjektiivi;1*A
voikko;;substantiivi, adjektiivi;1*A
laiskajaakko;;substantiivi;1*A, 50
syväkurkku;;substantiivi;1*A, 50
helppo;;adjektiivi;1*B
suippo;;adjektiivi;1*B
lörppö;;adjektiivi, substantiivi;1*B
esirippu;;substantiivi;1*B
hamppu;;substantiivi;1*B
happo;;substantiivi;1*B
harppu;;substantiivi;1*B
hemppo;;substantiivi;1*B
heppu;;substantiivi;1*B
himphamppu;;substantiivi;1*B
hippu;;substantiivi;1*B
hoppu;;substantiivi;1*B
huippu;;substantiivi;1*B
huppu;;substantiivi;1*B
hyppy;;substantiivi;1*B
hörppy;;substantiivi;1*B
jippo;;substantiivi;1*B
kerppu;;substantiivi;1*B
kimppu;;substantiivi;1*B
kippo;;substantiivi;1*B
kirppu;;substantiivi;1*B
korppu;;substantiivi;1*B
lamppu;;substantiivi;1*B
lappo;;substantiivi;1*B
lappu;;substantiivi;1*B
lemput;;substantiivi;1*B
lerppu;;substantiivi;1*B
limppu;;substantiivi;1*B
lippo;;substantiivi;1*B
lippu;;substantiivi;1*B
lumppu;;substantiivi;1*B
luppo;;substantiivi;1*B
nappo;;substantiivi;1*B
nippu;;substantiivi;1*B
nuppu;;substantiivi;1*B
nyppy;;substantiivi;1*B
näppy;;substantiivi;1*B
omppu;;substantiivi;1*B
pamppu;1;substantiivi;1*B
pamppu;2;substantiivi;1*B
peippo;;substantiivi;1*B
pemppu;;substantiivi;1*B
peppu;;substantiivi;1*B
piippo;;substantiivi;1*B
piippu;;substantiivi;1*B
pomppu;;substantiivi;1*B
proppu;;substantiivi;1*B
pumppu;;substantiivi;1*B
puppu;;substantiivi;1*B
rappu;;substantiivi;1*B
reppu;;substantiivi;1*B
reput;;substantiivi;1*B
rippu;;substantiivi;1*B
romppu;;substantiivi;1*B
ryppy;;substantiivi;1*B
ryyppy;;substantiivi;1*B
ryöppy;;substantiivi;1*B
saippo;;substantiivi;1*B
seppo;;substantiivi;1*B
sieppo;;substantiivi;1*B
silppu;;substantiivi;1*B
simppu;;substantiivi;1*B
suippu;;substantiivi;1*B
sulppu;;substantiivi;1*B
sumppu;;substantiivi;1*B
suppo;1;substantiivi;1*B
suppo;2;substantiivi;1*B
syöppö;;substantiivi;1*B
tappo;;substantiivi;1*B
temppu;;substantiivi;1*B
tumppu;;substantiivi;1*B
tuppo;;substantiivi;1*B
vaappu;;substantiivi;1*B
vappu;;substantiivi;1*B
juoppo;;substantiivi, adjektiivi;1*B
loppu;;substantiivi, adjektiivi;1*B
törppö;;substantiivi, adjektiivi;1*B
aliedustettu;;adjektiivi;1*C
alipalkattu;;adjektiivi;1*C
aliravittu;;adjektiivi;1*C
armoitettu;;adjektiivi;1*C
esitäytetty;;adjektiivi;1*C
geenimuokattu;;adjektiivi;1*C
hallittu;;adjektiivi;1*C
haluttu;;adjektiivi;1*C
harkittu;;adjektiivi;1*C
hillitty;;adjektiivi;1*C
ilmetty;;adjektiivi;1*C
juhlaliputettu;;adjektiivi;1*C
julmettu;;adjektiivi;1*C
jäävahvistettu;;adjektiivi;1*C
kauko-ohjattu;;adjektiivi;1*C
kielletty;;adjektiivi;1*C
kirottu;;adjektiivi;1*C
konekirjoitettu;;adjektiivi;1*C
kovaksikeitetty;;adjektiivi;1*C
kranttu;;adjektiivi;1*C
kuosiinkudottu;;adjektiivi;1*C
kuosiinneulottu;;adjektiivi;1*C
kuviopainettu;;adjektiivi;1*C
käytetty;;adjektiivi;1*C
lantto;;adjektiivi;1*C
liipattu;;adjektiivi;1*C
läpisävelletty;;adjektiivi;1*C
mallisuojattu;;adjektiivi;1*C
määrätty;;adjektiivi;1*C
oikeutettu;;adjektiivi;1*C
ontto;;adjektiivi;1*C
otettu;;adjektiivi;1*C
poispilattu;;adjektiivi;1*C
päälleliimattu;;adjektiivi;1*C
pörssinoteerattu;;adjektiivi;1*C
rajoitettu;;adjektiivi;1*C
runko-ohjattu;;adjektiivi;1*C
sallittu;;adjektiivi;1*C
sanottu;;adjektiivi;1*C
sisäänrakennettu;;adjektiivi;1*C
suojaeristetty;;adjektiivi;1*C
suosittu;;adjektiivi;1*C
suupuhallettu;;adjektiivi;1*C
taattu;;adjektiivi;1*C
tietty;;adjektiivi;1*C
toivottu;;adjektiivi;1*C
tunnettu;;adjektiivi;1*C
turboahdettu;;adjektiivi;1*C
tönkkösuolattu;;adjektiivi;1*C
törttö;;adjektiivi;1*C
ulkokullattu;;adjektiivi;1*C
valo-ohjattu;;adjektiivi;1*C
vastaleivottu;;adjektiivi;1*C
veltto;;adjektiivi;1*C
viimemainittu;;adjektiivi;1*C
vimmattu;;adjektiivi;1*C
yhteenlaskettu;;adjektiivi;1*C
yksittäispakattu;;adjektiivi;1*C
yliammuttu;;adjektiivi;1*C
yliedustettu;;adjektiivi;1*C
ylikansoitettu;;adjektiivi;1*C
ylikoulutettu;;adjektiivi;1*C
ylimainostettu;;adjektiivi;1*C
ylösotettu;;adjektiivi;1*C
henkipatto;;adjektiivi, substantiivi;1*C
kihlattu;;adjektiivi, substantiivi;1*C
koulukiusattu;;adjektiivi, substantiivi;1*C
kristitty;;adjektiivi, substantiivi;1*C
kuolemaantuomittu;;adjektiivi, substantiivi;1*C
luotettu;;adjektiivi, substantiivi;1*C
pidätetty;;adjektiivi, substantiivi;1*C
rakastettu;;adjektiivi, substantiivi;1*C
riivattu;;adjektiivi, substantiivi;1*C
takaa-ajettu;;adjektiivi, substantiivi;1*C
tuttu;;adjektiivi, substantiivi;1*C
uskottu;;adjektiivi, substantiivi;1*C
valapatto;;adjektiivi, substantiivi;1*C
valtuutettu;;adjektiivi, substantiivi;1*C
vastavihitty;;adjektiivi, substantiivi;1*C
aatto;;substantiivi;1*C
altto;;substantiivi;1*C
brutto;;substantiivi;1*C
diskontto;;substantiivi;1*C
duetto;;substantiivi;1*C
getto;;substantiivi;1*C
ghetto;;substantiivi;1*C
hattu;;substantiivi;1*C
heitto;;substantiivi;1*C
hirtto;;substantiivi;1*C
hitto;;substantiivi;1*C
huttu;;substantiivi;1*C
juotto;;substantiivi;1*C
juttu;;substantiivi;1*C
jättö;;substantiivi;1*C
kajetto;;substantiivi;1*C
karttu;;substantiivi;1*C
katto;;substantiivi;1*C
keitto;;substantiivi;1*C
kerttu;;substantiivi;1*C
ketto;;substantiivi;1*C
kettu;;substantiivi;1*C
kinttu;;substantiivi;1*C
koitto;;substantiivi;1*C
kolttu;;substantiivi;1*C
konsertto;;substantiivi;1*C
kontto;;substantiivi;1*C
kurttu;;substantiivi;1*C
kuttu;;substantiivi;1*C
kvartetto;;substantiivi;1*C
kvintetto;;substantiivi;1*C
käntty;;substantiivi;1*C
käyttö;;substantiivi;1*C
laitto;;substantiivi;1*C
lanttu;;substantiivi;1*C
lattialuuttu;;substantiivi;1*C
lemmitty;;substantiivi;1*C
letto;;substantiivi;1*C
lettu;;substantiivi;1*C
libretto;;substantiivi;1*C
lietto;;substantiivi;1*C
liitto;;substantiivi;1*C
lotto;;substantiivi;1*C
lunttu;1;substantiivi;1*C
lunttu;2;substantiivi;1*C
luotto;;substantiivi;1*C
luuttu;1;substantiivi;1*C
luuttu;2;substantiivi;1*C
lätty;;substantiivi;1*C
maatto;;substantiivi;1*C
magneetto;;substantiivi;1*C
matto;;substantiivi;1*C
minttu;;substantiivi;1*C
monttu;;substantiivi;1*C
moskiitto;;substantiivi;1*C
motto;;substantiivi;1*C
muutto;;substantiivi;1*C
mytty;;substantiivi;1*C
mättö;;substantiivi;1*C
narttu;;substantiivi;1*C
netto;;substantiivi;1*C
niitto;;substantiivi;1*C
niitty;;substantiivi;1*C
nuttu;;substantiivi;1*C
näyttö;;substantiivi;1*C
oktetto;;substantiivi;1*C
otto;;substantiivi;1*C
palttu;1;substantiivi;1*C
palttu;2;substantiivi;1*C
peitto;;substantiivi;1*C
persnetto;;substantiivi;1*C
pettu;;substantiivi;1*C
pihatto;;substantiivi;1*C
planttu;;substantiivi;1*C
poltto;;substantiivi;1*C
portto;;substantiivi;1*C
pottu;1;substantiivi;1*C
pottu;2;substantiivi;1*C
putto;;substantiivi;1*C
pyhättö;;substantiivi;1*C
pytty;;substantiivi;1*C
pönttö;;substantiivi;1*C
Raamattu;;substantiivi;1*C
ratto;;substantiivi;1*C
renttu;;substantiivi;1*C
risotto;;substantiivi;1*C
rospuutto;;substantiivi;1*C
rutto;;substantiivi;1*C
ruttu;;substantiivi;1*C
saatto;;substantiivi;1*C
sekstetto;;substantiivi;1*C
septetto;;substantiivi;1*C
soitto;;substantiivi;1*C
solttu;;substantiivi;1*C
sukupuutto;;substantiivi;1*C
sulatto;;substantiivi;1*C
suttu;;substantiivi;1*C
syltty;;substantiivi;1*C
syytetty;;substantiivi;1*C
syöttö;;substantiivi;1*C
taatto;;substantiivi;1*C
taitto;;substantiivi;1*C
teetto;;substantiivi;1*C
tenttu;;substantiivi;1*C
terttu;;substantiivi;1*C
tonttu;;substantiivi;1*C
torttu;;substantiivi;1*C
tuotto;;substantiivi;1*C
tyttö;;substantiivi;1*C
täyttö;;substantiivi;1*C
uitto;;substantiivi;1*C
uutto;;substantiivi;1*C
uuttu;;substantiivi;1*C
vakuutettu;;substantiivi;1*C
vanttu;;substantiivi;1*C
vattu;;substantiivi;1*C
veripalttu;;substantiivi;1*C
vietto;;substantiivi;1*C
vittu;;substantiivi;1*C
voitto;;substantiivi;1*C
välttö;;substantiivi;1*C
yhdistetty;;substantiivi;1*C
halvattu;;substantiivi, adjektiivi;1*C
höttö;;substantiivi, adjektiivi;1*C
kyyttö;;substantiivi, adjektiivi;1*C
alku;;substantiivi;1*D
foliokoko;;substantiivi;1*D
haiku;1;substantiivi;1*D
hajakoko;;substantiivi;1*D
hako;;substantiivi;1*D
haku;;substantiivi;1*D
halko;;substantiivi;1*D
hoku;;substantiivi;1*D
huoku;;substantiivi;1*D
hylky;;substantiivi;1*D
hyöky;;substantiivi;1*D
jako;;substantiivi;1*D
joiku;;substantiivi;1*D
jumbokoko;;substantiivi;1*D
kaiku;;substantiivi;1*D
keko;;substantiivi;1*D
keskikoko;;substantiivi;1*D
kirjainkoko;;substantiivi;1*D
kirjasinkoko;;substantiivi;1*D
koko;1;substantiivi;1*D
korko;;substantiivi;1*D
kulku;;substantiivi;1*D
kuppikoko;;substantiivi;1*D
kuvakoko;;substantiivi;1*D
käkö;;substantiivi;1*D
lako;;substantiivi;1*D
lieko;;substantiivi;1*D
liuku;;substantiivi;1*D
luiku;;substantiivi;1*D
luoko;;substantiivi;1*D
maksimikoko;;substantiivi;1*D
maku;;substantiivi;1*D
matkakoko;;substantiivi;1*D
miniatyyrikoko;;substantiivi;1*D
minimikoko;;substantiivi;1*D
määräkoko;;substantiivi;1*D
mörkö;;substantiivi;1*D
nollakoko;;substantiivi;1*D
nylky;;substantiivi;1*D
näky;;substantiivi;1*D
näkö;;substantiivi;1*D
pakkauskoko;;substantiivi;1*D
pako;;substantiivi;1*D
palko;;substantiivi;1*D
paperikoko;;substantiivi;1*D
parku;;substantiivi;1*D
pelko;;substantiivi;1*D
perhekoko;;substantiivi;1*D
pienoiskoko;;substantiivi;1*D
pistekoko;;substantiivi;1*D
pluskoko;;substantiivi;1*D
plussakoko;;substantiivi;1*D
polku;;substantiivi;1*D
purku;;substantiivi;1*D
pyrky;;substantiivi;1*D
raekoko;;substantiivi;1*D
rako;;substantiivi;1*D
riuku;;substantiivi;1*D
ruko;;substantiivi;1*D
ruoko;;substantiivi;1*D
ryhmäkoko;;substantiivi;1*D
salko;;substantiivi;1*D
selko;;substantiivi;1*D
silmäkoko;;substantiivi;1*D
standardikoko;;substantiivi;1*D
sulku;;substantiivi;1*D
sylky;;substantiivi;1*D
särky;;substantiivi;1*D
tabloidikoko;;substantiivi;1*D
taskukoko;;substantiivi;1*D
tauko;;substantiivi;1*D
teko;;substantiivi;1*D
tilakoko;;substantiivi;1*D
tiuku;;substantiivi;1*D
touko;;substantiivi;1*D
turku;;substantiivi;1*D
tuumakoko;;substantiivi;1*D
täky;;substantiivi;1*D
törky;;substantiivi;1*D
urku;;substantiivi;1*D
urut;;substantiivi;1*D
vaatekoko;;substantiivi;1*D
vakiokoko;;substantiivi;1*D
vako;;substantiivi;1*D
välikoko;;substantiivi;1*D
normaalikoko;;substantiivi;1*D, 50
epäkelpo;;adjektiivi;1*E
apu;;substantiivi;1*E
hepo;1;substantiivi;1*E
häpy;;substantiivi;1*E
kaapu;;substantiivi;1*E
kipu;;substantiivi;1*E
krapu;;substantiivi;1*E
kupo;;substantiivi;1*E
kupu;;substantiivi;1*E
kylpy;;substantiivi;1*E
käpy;;substantiivi;1*E
lepo;;substantiivi;1*E
papu;;substantiivi;1*E
rapu;;substantiivi;1*E
repo;;substantiivi;1*E
riepu;;substantiivi;1*E
ropo;;substantiivi;1*E
sopu;;substantiivi;1*E
suukopu;;substantiivi;1*E
urpu;;substantiivi;1*E
varpu;;substantiivi;1*E
vipu;;substantiivi;1*E
orpo;;substantiivi, adjektiivi;1*E
aito;;adjektiivi;1*F
geenimanipuloitu;;adjektiivi;1*F
leuto;;adjektiivi;1*F
mieto;;adjektiivi;1*F
myyty;;adjektiivi;1*F
rutinoitu;;adjektiivi;1*F
vertaisarvioitu;;adjektiivi;1*F
outo;;adjektiivi, substantiivi;1*F
aironveto;;substantiivi;1*F
ehto;;substantiivi;1*F
etu;;substantiivi;1*F
etupyöräveto;;substantiivi;1*F
etuveto;;substantiivi;1*F
hehto;;substantiivi;1*F
hengenveto;;substantiivi;1*F
hiihto;;substantiivi;1*F
hitu;;substantiivi;1*F
hohto;;substantiivi;1*F
hoito;;substantiivi;1*F
huuto;;substantiivi;1*F
hyytö;;substantiivi;1*F
hyöty;;substantiivi;1*F
hyötö;;substantiivi;1*F
häätö;;substantiivi;1*F
höyty;;substantiivi;1*F
itu;;substantiivi;1*F
johto;;substantiivi;1*F
kaato;;substantiivi;1*F
kardaaniveto;;substantiivi;1*F
kato;;substantiivi;1*F
katu;;substantiivi;1*F
kehto;;substantiivi;1*F
ketjuveto;;substantiivi;1*F
keto;;substantiivi;1*F
kiito;;substantiivi;1*F
kissanhännänveto;;substantiivi;1*F
kohtu;;substantiivi;1*F
koto;1;substantiivi;1*F
kuitu;;substantiivi;1*F
kutu;;substantiivi;1*F
kynänveto;;substantiivi;1*F
kyty;;substantiivi;1*F
kytö;;substantiivi;1*F
kämmenveto;;substantiivi;1*F
käädyt;;substantiivi;1*F
kääty;;substantiivi;1*F
köydenveto;;substantiivi;1*F
laatu;;substantiivi;1*F
lato;;substantiivi;1*F
latu;;substantiivi;1*F
lehto;;substantiivi;1*F
leuanveto;;substantiivi;1*F
liito;;substantiivi;1*F
liitu;;substantiivi;1*F
linjanveto;;substantiivi;1*F
lintukoto;;substantiivi;1*F
litu;;substantiivi;1*F
lohtu;;substantiivi;1*F
loppuveto;;substantiivi;1*F
luoto;;substantiivi;1*F
lyhty;;substantiivi;1*F
lähtö;;substantiivi;1*F
läpiveto;;substantiivi;1*F
löytö;;substantiivi;1*F
maastaveto;;substantiivi;1*F
maito;;substantiivi;1*F
mato;;substantiivi;1*F
moottoriveto;;substantiivi;1*F
muoto;;substantiivi;1*F
nato;;substantiivi;1*F
neito;;substantiivi;1*F
nelipyöräveto;;substantiivi;1*F
neliveto;;substantiivi;1*F
nouto;;substantiivi;1*F
nuotanveto;;substantiivi;1*F
paahto;;substantiivi;1*F
pato;;substantiivi;1*F
peto;;substantiivi;1*F
pidot;;substantiivi;1*F
pito;;substantiivi;1*F
prostituoitu;;substantiivi;1*F
pääty;;substantiivi;1*F
pöty;1;substantiivi;1*F
pöty;2;substantiivi;1*F
raato;;substantiivi;1*F
rahtu;;substantiivi;1*F
raito;;substantiivi;1*F
rajanveto;;substantiivi;1*F
rautu;;substantiivi;1*F
rinnalleveto;;substantiivi;1*F
ristiveto;;substantiivi;1*F
rohto;;substantiivi;1*F
rotu;;substantiivi;1*F
ruoto;;substantiivi;1*F
ruotu;;substantiivi;1*F
ruutu;;substantiivi;1*F
rystyveto;;substantiivi;1*F
rytö;;substantiivi;1*F
sato;;substantiivi;1*F
satu;;substantiivi;1*F
seutu;;substantiivi;1*F
sieto;;substantiivi;1*F
sisäänveto;;substantiivi;1*F
siveltimenveto;;substantiivi;1*F
soihtu;;substantiivi;1*F
soutu;;substantiivi;1*F
suonenveto;;substantiivi;1*F
sääty;;substantiivi;1*F
säätö;;substantiivi;1*F
tahto;;substantiivi;1*F
taito;;substantiivi;1*F
takaisinveto;;substantiivi;1*F
takapyöräveto;;substantiivi;1*F
takaveto;;substantiivi;1*F
tieto;;substantiivi;1*F
tuhto;;substantiivi;1*F
töyhtö;;substantiivi;1*F
utu;;substantiivi;1*F
vaahto;;substantiivi;1*F
vaihto;;substantiivi;1*F
vastaveto;;substantiivi;1*F
verenveto;;substantiivi;1*F
veto;1;substantiivi;1*F
veto;2;substantiivi;1*F
vety;;substantiivi;1*F
vuoroveto;;substantiivi;1*F
vuoto;;substantiivi;1*F
välistäveto;;substantiivi;1*F
yhteenveto;;substantiivi;1*F
yty;;substantiivi;1*F
jyty;;substantiivi, adjektiivi;1*F
yliveto;;substantiivi, adjektiivi;1*F
lenko;;adjektiivi;1*G
ahdinko;;substantiivi;1*G
alanko;;substantiivi;1*G
aurinko;;substantiivi;1*G
hanko;;substantiivi;1*G
hinku;;substantiivi;1*G
iljanko;;substantiivi;1*G
lanko;;substantiivi;1*G
linko;;substantiivi;1*G
luuranko;;substantiivi;1*G
morsinko;;substantiivi;1*G
osinko;;substantiivi;1*G
pinko;;substantiivi;1*G
ranko;;substantiivi;1*G
runko;;substantiivi;1*G
sanko;;substantiivi;1*G
sinko;;substantiivi;1*G
syvänkö;;substantiivi;1*G
sänky;;substantiivi;1*G
tanko;;substantiivi;1*G
tasanko;;substantiivi;1*G
tasinko;;substantiivi;1*G
tunku;;substantiivi;1*G
vahinko;;substantiivi;1*G
vinku;;substantiivi;1*G
ylänkö;;substantiivi;1*G
kumpu;;substantiivi;1*H
lempo;;substantiivi;1*H
lämpö;;substantiivi;1*H
rumpu;;substantiivi;1*H
sampo;;substantiivi;1*H
umpu;;substantiivi;1*H
geenimuunneltu;;adjektiivi;1*I
melto;;adjektiivi;1*I
muotoonommeltu;;adjektiivi;1*I
aalto;;substantiivi;1*I
hiilto;;substantiivi;1*I
huolto;;substantiivi;1*I
kielto;;substantiivi;1*I
kiilto;;substantiivi;1*I
kuulto;;substantiivi;1*I
malto;;substantiivi;1*I
pelto;;substantiivi;1*I
puolto;;substantiivi;1*I
sisältö;;substantiivi;1*I
viilto;;substantiivi;1*I
epäilty;;substantiivi, adjektiivi;1*I
hento;;adjektiivi;1*J
rento;;adjektiivi;1*J
akankanto;;substantiivi;1*J
anto;;substantiivi;1*J
aseenkanto;;substantiivi;1*J
asento;;substantiivi;1*J
asunto;;substantiivi;1*J
avanto;;substantiivi;1*J
avaruuslento;;substantiivi;1*J
charterlento;;substantiivi;1*J
elanto;;substantiivi;1*J
ennakonkanto;;substantiivi;1*J
eranto;;substantiivi;1*J
eukonkanto;;substantiivi;1*J
hallinto;;substantiivi;1*J
hankikanto;;substantiivi;1*J
havainto;;substantiivi;1*J
heittoasento;;substantiivi;1*J
huntu;;substantiivi;1*J
häälento;;substantiivi;1*J
ilmalento;;substantiivi;1*J
into;;substantiivi;1*J
istunto;;substantiivi;1*J
johdanto;;substantiivi;1*J
juonto;;substantiivi;1*J
jälkikanto;;substantiivi;1*J
kaivanto;;substantiivi;1*J
kanto;1;substantiivi;1*J
kanto;2;substantiivi;1*J
katsanto;;substantiivi;1*J
keksintö;;substantiivi;1*J
kesanto;;substantiivi;1*J
koelento;;substantiivi;1*J
kohtaanto;;substantiivi;1*J
komento;;substantiivi;1*J
kontu;;substantiivi;1*J
koonto;;substantiivi;1*J
korento;;substantiivi;1*J
koululento;;substantiivi;1*J
kukinto;;substantiivi;1*J
kunto;;substantiivi;1*J
kuulento;;substantiivi;1*J
kyntö;;substantiivi;1*J
käytäntö;;substantiivi;1*J
kääntö;;substantiivi;1*J
laatikkoonkanto;;substantiivi;1*J
lahokanto;;substantiivi;1*J
laskento;;substantiivi;1*J
lausunto;;substantiivi;1*J
lento;1;substantiivi;1*J
liikennelento;;substantiivi;1*J
liitolento;;substantiivi;1*J
lintu;;substantiivi;1*J
liukulento;;substantiivi;1*J
lomalento;;substantiivi;1*J
luento;;substantiivi;1*J
luonto;;substantiivi;1*J
luukkuunkanto;;substantiivi;1*J
mannerliikunto;;substantiivi;1*J
manto;;substantiivi;1*J
mantu;;substantiivi;1*J
matkalento;;substantiivi;1*J
menolento;;substantiivi;1*J
merkintö;;substantiivi;1*J
mielenkiinto;;substantiivi;1*J
mietintö;;substantiivi;1*J
mittarilento;;substantiivi;1*J
moottorilento;;substantiivi;1*J
moottoripurjelento;;substantiivi;1*J
muodostelmalento;;substantiivi;1*J
muunto;;substantiivi;1*J
myöntö;;substantiivi;1*J
mänty;;substantiivi;1*J
nautinto;;substantiivi;1*J
näytäntö;;substantiivi;1*J
olento;;substantiivi;1*J
opinnot;;substantiivi;1*J
pakkotäytäntö;;substantiivi;1*J
palkinto;;substantiivi;1*J
paluulento;;substantiivi;1*J
parveilulento;;substantiivi;1*J
pentu;;substantiivi;1*J
perintö;;substantiivi;1*J
permanto;;substantiivi;1*J
pimento;;substantiivi;1*J
poiminto;;substantiivi;1*J
poljento;;substantiivi;1*J
pommituslento;;substantiivi;1*J
postilento;;substantiivi;1*J
postinkanto;;substantiivi;1*J
purjelento;;substantiivi;1*J
puunto;;substantiivi;1*J
pyrintö;;substantiivi;1*J
pyyntö;;substantiivi;1*J
rantu;;substantiivi;1*J
ravinto;;substantiivi;1*J
reittilento;;substantiivi;1*J
riento;;substantiivi;1*J
ryntö;;substantiivi;1*J
rästikanto;;substantiivi;1*J
saanto;;substantiivi;1*J
sairaankuljetuslento;;substantiivi;1*J
selkälento;;substantiivi;1*J
seuraanto;;substantiivi;1*J
siinto;;substantiivi;1*J
soidinlento;;substantiivi;1*J
sointu;;substantiivi;1*J
soitanto;;substantiivi;1*J
sokkolento;;substantiivi;1*J
sovinto;;substantiivi;1*J
sukkulalento;;substantiivi;1*J
suvanto;;substantiivi;1*J
synty;;substantiivi;1*J
‑säädäntö;;substantiivi;1*J
sääntö;;substantiivi;1*J
taitolento;;substantiivi;1*J
taksilento;;substantiivi;1*J
tervaskanto;;substantiivi;1*J
tiedustelulento;;substantiivi;1*J
tilauslento;;substantiivi;1*J
toiminto;;substantiivi;1*J
toisinto;;substantiivi;1*J
tullinkanto;;substantiivi;1*J
tunto;;substantiivi;1*J
tuntu;;substantiivi;1*J
tuotanto;;substantiivi;1*J
tutkinto;;substantiivi;1*J
työntö;;substantiivi;1*J
tähdenlento;;substantiivi;1*J
uskonto;;substantiivi;1*J
uusinto;;substantiivi;1*J
vaakalento;;substantiivi;1*J
varanto;;substantiivi;1*J
veronkanto;;substantiivi;1*J
verranto;;substantiivi;1*J
vääntö;;substantiivi;1*J
yksinlento;;substantiivi;1*J
ylilento;;substantiivi;1*J
yölento;;substantiivi;1*J
ääntö;;substantiivi;1*J
halpalento;;substantiivi;1*J, 50
matalalento;;substantiivi;1*J, 50
marto;;adjektiivi, substantiivi;1*K
hierto;;substantiivi;1*K
kaarto;;substantiivi;1*K
kerto;;substantiivi;1*K
kierto;;substantiivi;1*K
liirto;;substantiivi;1*K
murto;;substantiivi;1*K
piirto;;substantiivi;1*K
saarto;;substantiivi;1*K
siirto;;substantiivi;1*K
sorto;;substantiivi;1*K
uurto;;substantiivi;1*K
verto;;substantiivi;1*K
kyky;;substantiivi;1*M
luku;;substantiivi;1*M
puku;;substantiivi;1*M
suku;;substantiivi;1*M
humala;;substantiivi;10, (11)
pannacotta;;substantiivi;10*(C)
mökä;;substantiivi;10*(D)
tuhka;;substantiivi;10*(D)
uhka;;substantiivi;10*(D)
loota;;substantiivi;10*(F)
herkkä;;adjektiivi;10*A
hoikka;;adjektiivi;10*A
jyrkkä;;adjektiivi;10*A
jäykkä;;adjektiivi;10*A
pelkkä;;adjektiivi;10*A
soukka;;adjektiivi;10*A
synkkä;;adjektiivi;10*A
änkkä;;adjektiivi;10*A
mykkä;;adjektiivi, substantiivi;10*A
aikaluokka;;substantiivi;10*A
aineluokka;;substantiivi;10*A
alaluokka;;substantiivi;10*A
artisokka;;substantiivi;10*A
atk-luokka;;substantiivi;10*A
bisnesluokka;;substantiivi;10*A
erikoisluokka;;substantiivi;10*A
erityisluokka;;substantiivi;10*A
fokka;;substantiivi;10*A
fyrkka;;substantiivi;10*A
hintaluokka;;substantiivi;10*A
horkka;;substantiivi;10*A
houkka;;substantiivi;10*A
huikka;;substantiivi;10*A
huippuluokka;;substantiivi;10*A
hukka;;substantiivi;10*A
häikkä;;substantiivi;10*A
hölkkä;;substantiivi;10*A
ikäluokka;;substantiivi;10*A
jukka;;substantiivi;10*A
jääkolkka;;substantiivi;10*A
jäämaksuluokka;;substantiivi;10*A
jöröjukka;;substantiivi;10*A
kalleusluokka;;substantiivi;10*A
kansanluokka;;substantiivi;10*A
kehtoluokka;;substantiivi;10*A
kerkkä;;substantiivi;10*A
kertaluokka;;substantiivi;10*A
keskiluokka;;substantiivi;10*A
kiireellisyysluokka;;substantiivi;10*A
kilpailuluokka;;substantiivi;10*A
klinikkaluokka;;substantiivi;10*A
koilliskolkka;;substantiivi;10*A
kokka;;substantiivi;10*A
kokoluokka;;substantiivi;10*A
kolkka;1;substantiivi;10*A
kolkka;2;substantiivi;10*A
konkka;;substantiivi;10*A
konkkaronkka;;substantiivi;10*A
koululuokka;;substantiivi;10*A
kuikka;;substantiivi;10*A
kukka;;substantiivi;10*A
kuokka;;substantiivi;10*A
kuutosluokka;;substantiivi;10*A
kymppiluokka;;substantiivi;10*A
kyykkä;;substantiivi;10*A
kärkiluokka;;substantiivi;10*A
kääkkä;;substantiivi;10*A
laatuluokka;;substantiivi;10*A
laivatokka;;substantiivi;10*A
liikemiesluokka;;substantiivi;10*A
liikuntaluokka;;substantiivi;10*A
lisäopetusluokka;;substantiivi;10*A
loikka;;substantiivi;10*A
lonkka;;substantiivi;10*A
luikka;;substantiivi;10*A
lukioluokka;;substantiivi;10*A
luksusluokka;;substantiivi;10*A
luokka;1;substantiivi;10*A
luokka;2;substantiivi;10*A
läikkä;;substantiivi;10*A
maailmankolkka;;substantiivi;10*A
maailmanluokka;;substantiivi;10*A
maankolkka;;substantiivi;10*A
matkaluokka;;substantiivi;10*A
matkustusluokka;;substantiivi;10*A
mestariluokka;;substantiivi;10*A
mikroluokka;;substantiivi;10*A
mokka;1;substantiivi;10*A
mokka;2;substantiivi;10*A
moukka;;substantiivi;10*A
musiikkiluokka;;substantiivi;10*A
möykkä;;substantiivi;10*A
nokka;;substantiivi;10*A
nollaluokka;;substantiivi;10*A
nukka;;substantiivi;10*A
nurkka;;substantiivi;10*A
olympialuokka;;substantiivi;10*A
orkka;;substantiivi;10*A
paarialuokka;;substantiivi;10*A
painoluokka;;substantiivi;10*A
palkkaluokka;;substantiivi;10*A
palkkausluokka;;substantiivi;10*A
palveluskelpoisuusluokka;;substantiivi;10*A
poikaluokka;;substantiivi;10*A
pokka;;substantiivi;10*A
polkka;;substantiivi;10*A
porkka;;substantiivi;10*A
porotokka;;substantiivi;10*A
pulkka;1;substantiivi;10*A
pulkka;2;substantiivi;10*A
punkka;1;substantiivi;10*A
punkka;2;substantiivi;10*A
purkka;;substantiivi;10*A
pylkkä;;substantiivi;10*A
pääluokka;;substantiivi;10*A
päästöluokka;;substantiivi;10*A
päättöluokka;;substantiivi;10*A
pönkkä;;substantiivi;10*A
rinnakkaisluokka;;substantiivi;10*A
riskiluokka;;substantiivi;10*A
roikka;;substantiivi;10*A
rokka;;substantiivi;10*A
ruisrääkkä;;substantiivi;10*A
rukka;;substantiivi;10*A
räikkä;;substantiivi;10*A
räkkä;;substantiivi;10*A
sanaluokka;;substantiivi;10*A
sekaluokka;;substantiivi;10*A
sokka;;substantiivi;10*A
sorkka;;substantiivi;10*A
sosiaaliluokka;;substantiivi;10*A
suikka;;substantiivi;10*A
sukka;;substantiivi;10*A
suuruusluokka;;substantiivi;10*A
särkkä;;substantiivi;10*A
säästöluokka;;substantiivi;10*A
taivutusluokka;;substantiivi;10*A
talonpoikaisluokka;;substantiivi;10*A
tapaluokka;;substantiivi;10*A
tarkkailuluokka;;substantiivi;10*A
telkkä;;substantiivi;10*A
tietokoneluokka;;substantiivi;10*A
tiskijukka;;substantiivi;10*A
tokka;1;substantiivi;10*A
tokka;2;substantiivi;10*A
tonkka;;substantiivi;10*A
topparoikka;;substantiivi;10*A
torppariluokka;;substantiivi;10*A
toukka;;substantiivi;10*A
troikka;;substantiivi;10*A
tukka;;substantiivi;10*A
tulkka;;substantiivi;10*A
turistiluokka;;substantiivi;10*A
tyttöluokka;;substantiivi;10*A
työväenluokka;;substantiivi;10*A
tähtiluokka;;substantiivi;10*A
urheiluluokka;;substantiivi;10*A
valioluokka;;substantiivi;10*A
veneluokka;;substantiivi;10*A
veroluokka;;substantiivi;10*A
voikka;;substantiivi;10*A
voittoluokka;;substantiivi;10*A
vuosiluokka;;substantiivi;10*A
välkkä;;substantiivi;10*A
yhdysluokka;;substantiivi;10*A
yhteiskuntaluokka;;substantiivi;10*A
ylioppilasluokka;;substantiivi;10*A
yläluokka;;substantiivi;10*A
äikkä;;substantiivi;10*A
tylppä;;adjektiivi;10*B
aorttaläppä;;substantiivi;10*B
humppa;;substantiivi;10*B
häppä;;substantiivi;10*B
hömppä;;substantiivi;10*B
jumppa;;substantiivi;10*B
koppa;;substantiivi;10*B
kroppa;;substantiivi;10*B
kuoppa;;substantiivi;10*B
kuppa;;substantiivi;10*B
kurppa;;substantiivi;10*B
kuuppa;1;substantiivi;10*B
kuuppa;2;substantiivi;10*B
kämppä;;substantiivi;10*B
kärppä;;substantiivi;10*B
leppä;;substantiivi;10*B
läppä;1;substantiivi;10*B
läppä;2;substantiivi;10*B
läppä;3;substantiivi;10*B
mitraaliläppä;;substantiivi;10*B
noppa;;substantiivi;10*B
norppa;;substantiivi;10*B
pomppa;;substantiivi;10*B
seppä;;substantiivi;10*B
skumppa;;substantiivi;10*B
soppa;;substantiivi;10*B
suppa;;substantiivi;10*B
tolppa;;substantiivi;10*B
toppa;;substantiivi;10*B
torppa;;substantiivi;10*B
tulppa;;substantiivi;10*B
töyhtöhyyppä;;substantiivi;10*B
välppä;;substantiivi;10*B
äippä;;substantiivi;10*B
poppa;;substantiivi, adjektiivi;10*B
hurtta;;substantiivi;10*C
juntta;1;substantiivi;10*C
juntta;2;substantiivi;10*C
jurtta;;substantiivi;10*C
kenttä;;substantiivi;10*C
koltta;;substantiivi;10*C
kuntta;;substantiivi;10*C
kyttä;;substantiivi;10*C
könttä;;substantiivi;10*C
lotta;1;substantiivi;10*C
lotta;2;substantiivi;10*C
luntta;;substantiivi;10*C
luotta;;substantiivi;10*C
nuotta;;substantiivi;10*C
paalujuntta;;substantiivi;10*C
potta;;substantiivi;10*C
rotta;;substantiivi;10*C
sotilasjuntta;;substantiivi;10*C
terrakotta;;substantiivi;10*C
truutta;;substantiivi;10*C
märkä;;adjektiivi, substantiivi;10*D
häkä;;substantiivi;10*D
härkä;;substantiivi;10*D
ikä;;substantiivi;10*D
loka;;substantiivi;10*D
nälkä;;substantiivi;10*D
oka;;substantiivi;10*D
olka;;substantiivi;10*D
poika;;substantiivi;10*D
pykä;;substantiivi;10*D
reikä;;substantiivi;10*D
ruoka;;substantiivi;10*D
räkä;;substantiivi;10*D
selkä;;substantiivi;10*D
suka;;substantiivi;10*D
sulka;;substantiivi;10*D
säkä;1;substantiivi;10*D
vuoka;;substantiivi;10*D
väkä;;substantiivi;10*D
aikaansaapa;;adjektiivi;10*E
hupa;;adjektiivi;10*E
hyvänsuopa;;adjektiivi;10*E
käypä;;adjektiivi;10*E
‑voipa;;adjektiivi;10*E
huopa;;substantiivi;10*E
juopa;;substantiivi;10*E
kääpä;;substantiivi;10*E
leipä;;substantiivi;10*E
lupa;;substantiivi;10*E
moottoriturpa;;substantiivi;10*E
raastupa;;substantiivi;10*E
ristiturpa;;substantiivi;10*E
sopa;;substantiivi;10*E
suopa;;substantiivi;10*E
syöpä;;substantiivi;10*E
‑sälpä;;substantiivi;10*E
tupa;;substantiivi;10*E
turpa;1;substantiivi;10*E
turpa;2;substantiivi;10*E
kyrpä;;substantiivi, adjektiivi;10*E
ajankohta;;substantiivi;10*F
alakohta;;substantiivi;10*F
alkukohta;;substantiivi;10*F
aukkokohta;;substantiivi;10*F
epäkohta;;substantiivi;10*F
etunäkökohta;;substantiivi;10*F
etuvastakohta;;substantiivi;10*F
haarautumiskohta;;substantiivi;10*F
hankauskohta;;substantiivi;10*F
huhta;;substantiivi;10*F
huippukohta;;substantiivi;10*F
hyötynäkökohta;;substantiivi;10*F
hätä;;substantiivi;10*F
itä;;substantiivi;10*F
jatkokohta;;substantiivi;10*F
juhta;;substantiivi;10*F
katkaisukohta;;substantiivi;10*F
katkeamiskohta;;substantiivi;10*F
keskikohta;;substantiivi;10*F
kiinnekohta;;substantiivi;10*F
kiinnityskohta;;substantiivi;10*F
kohokohta;;substantiivi;10*F
kohta;1;substantiivi;10*F
kosketuskohta;;substantiivi;10*F
kota;;substantiivi;10*F
kuolokohta;;substantiivi;10*F
käännekohta;;substantiivi;10*F
lainkohta;;substantiivi;10*F
laivastotukikohta;;substantiivi;10*F
laskukohta;;substantiivi;10*F
leikkauskohta;;substantiivi;10*F
lentotukikohta;;substantiivi;10*F
liitoskohta;;substantiivi;10*F
liittymäkohta;;substantiivi;10*F
luhta;;substantiivi;10*F
luokkavastakohta;;substantiivi;10*F
luuta;;substantiivi;10*F
lähtökohta;;substantiivi;10*F
läpivientikohta;;substantiivi;10*F
maastonkohta;;substantiivi;10*F
murtokohta;;substantiivi;10*F
murtumakohta;;substantiivi;10*F
muta;;substantiivi;10*F
noita;;substantiivi;10*F
nollakohta;;substantiivi;10*F
näkökohta;;substantiivi;10*F
näätä;;substantiivi;10*F
nöyhtä;;substantiivi;10*F
ohjustukikohta;;substantiivi;10*F
ota;;substantiivi;10*F
pouta;;substantiivi;10*F
pääkohta;;substantiivi;10*F
päätekohta;;substantiivi;10*F
pöytä;;substantiivi;10*F
raamatunkohta;;substantiivi;10*F
rajakohta;;substantiivi;10*F
risteyskohta;;substantiivi;10*F
routa;;substantiivi;10*F
sarkainkohta;;substantiivi;10*F
saumakohta;;substantiivi;10*F
setä;;substantiivi;10*F
solmukohta;;substantiivi;10*F
sota;;substantiivi;10*F
sotilastukikohta;;substantiivi;10*F
-suhta;;substantiivi;10*F
taitekohta;;substantiivi;10*F
taitoskohta;;substantiivi;10*F
taittumakohta;;substantiivi;10*F
taivekohta;;substantiivi;10*F
tukikohta;;substantiivi;10*F
vastakohta;;substantiivi;10*F
vertailukohta;;substantiivi;10*F
vertauskohta;;substantiivi;10*F
vuota;;substantiivi;10*F
vuotokohta;;substantiivi;10*F
välikohta;;substantiivi;10*F
värivastakohta;;substantiivi;10*F
ydinkohta;;substantiivi;10*F
yhtymäkohta;;substantiivi;10*F
yksityiskohta;;substantiivi;10*F
mätä;;substantiivi, adjektiivi;10*F
vänkä;;adjektiivi;10*G
honka;;substantiivi;10*G
hönkä;;substantiivi;10*G
jänkä;;substantiivi;10*G
kenkä;;substantiivi;10*G
lonka;;substantiivi;10*G
punka;;substantiivi;10*G
tynkä;;substantiivi;10*G
kompa;;substantiivi;10*H
sompa;;substantiivi;10*H
kulta;;substantiivi;10*I
multa;;substantiivi;10*I
lyhyenläntä;;adjektiivi;10*J
vähäläntä;;adjektiivi;10*J
vähänläntä;;adjektiivi;10*J
emäntä;;substantiivi;10*J
halveksunta;;substantiivi;10*J
huuhdonta;;substantiivi;10*J
hyväksyntä;;substantiivi;10*J
häntä;;substantiivi;10*J
isäntä;;substantiivi;10*J
kunta;;substantiivi;10*J
mäntä;;substantiivi;10*J
punta;;substantiivi;10*J
räntä;;substantiivi;10*J
sonta;;substantiivi;10*J
suunta;;substantiivi;10*J
väheksyntä;;substantiivi;10*J
vihanta;;adjektiivi;10*J, 9*J
turta;;adjektiivi;10*K
ylkä;;substantiivi;10*L
salama;;substantiivi;12, (10)
tanhua;;substantiivi;12, (15)
hailakka;;adjektiivi;14*A
haljakka;;adjektiivi;14*A
hanakka;;adjektiivi;14*A
helakka;;adjektiivi;14*A
jämäkkä;;adjektiivi;14*A
kalvakka;;adjektiivi;14*A
kimakka;;adjektiivi;14*A
kipakka;;adjektiivi;14*A
kirpakka;;adjektiivi;14*A
kirpsakka;;adjektiivi;14*A
kuivakka;;adjektiivi;14*A
kuulakka;;adjektiivi;14*A
liehakka;;adjektiivi;14*A
lupsakka;;adjektiivi;14*A
möräkkä;;adjektiivi;14*A
napakka;;adjektiivi;14*A
nasakka;;adjektiivi;14*A
navakka;;adjektiivi;14*A
näpsäkkä;;adjektiivi;14*A
näpäkkä;;adjektiivi;14*A
pirtsakka;;adjektiivi;14*A
punakka;;adjektiivi;14*A
pönäkkä;;adjektiivi;14*A
railakka;;adjektiivi;14*A
rapsakka;;adjektiivi;14*A
ravakka;;adjektiivi;14*A
rehvakka;;adjektiivi;14*A
riehakka;;adjektiivi;14*A
rivakka;;adjektiivi;14*A
rätväkkä;;adjektiivi;14*A
räväkkä;;adjektiivi;14*A
räyhäkkä;;adjektiivi;14*A
römäkkä;;adjektiivi;14*A
simpsakka;;adjektiivi;14*A
sirpakka;;adjektiivi;14*A
solakka;;adjektiivi;14*A
sujakka;;adjektiivi;14*A
sutjakka;;adjektiivi;14*A
sähäkkä;;adjektiivi;14*A
säpäkkä;;adjektiivi;14*A
tanakka;;adjektiivi;14*A
terhakka;;adjektiivi;14*A
topakka;;adjektiivi;14*A
tymäkkä;;adjektiivi;14*A
tömäkkä;;adjektiivi;14*A
ärhäkkä;;adjektiivi;14*A
ätläkkä;;adjektiivi;14*A
allakka;;substantiivi;14*A
alpakka;1;substantiivi;14*A
alpakka;2;substantiivi;14*A
elukka;;substantiivi;14*A
epiikka;;substantiivi;14*A
etiikka;;substantiivi;14*A
etikka;;substantiivi;14*A
fysiikka;;substantiivi;14*A
gotiikka;;substantiivi;14*A
grafiikka;;substantiivi;14*A
haarikka;;substantiivi;14*A
haarukka;;substantiivi;14*A
haipakka;;substantiivi;14*A
hanikka;;substantiivi;14*A
hanukka;;substantiivi;14*A
hapsikka;;substantiivi;14*A
harakka;;substantiivi;14*A
hatikka;;substantiivi;14*A
heilakka;;substantiivi;14*A
heitukka;;substantiivi;14*A
helmikkä;;substantiivi;14*A
hempukka;;substantiivi;14*A
herukka;;substantiivi;14*A
hierakka;;substantiivi;14*A
hiprakka;;substantiivi;14*A
hissukka;;substantiivi;14*A
huitukka;;substantiivi;14*A
hutikka;;substantiivi;14*A
hyssykkä;;substantiivi;14*A
hässäkkä;;substantiivi;14*A
hössäkkä;;substantiivi;14*A
hötäkkä;;substantiivi;14*A
imikkä;;substantiivi;14*A
issikka;1;substantiivi;14*A
issikka;2;substantiivi;14*A
istukka;;substantiivi;14*A
isvossikka;;substantiivi;14*A
itikka;;substantiivi;14*A
jalkapatikka;;substantiivi;14*A
jullikka;;substantiivi;14*A
juolukka;;substantiivi;14*A
jupakka;;substantiivi;14*A
jurrikka;;substantiivi;14*A
jäpikkä;;substantiivi;14*A
jässikkä;;substantiivi;14*A
jörrikkä;;substantiivi;14*A
jössikkä;;substantiivi;14*A
jötikkä;;substantiivi;14*A
kaarnikka;;substantiivi;14*A
kahakka;;substantiivi;14*A
kalikka;;substantiivi;14*A
kannikka;;substantiivi;14*A
kanukka;;substantiivi;14*A
kapakka;;substantiivi;14*A
karonkka;;substantiivi;14*A
kasakka;;substantiivi;14*A
kastikka;;substantiivi;14*A
kasukka;;substantiivi;14*A
kellukka;;substantiivi;14*A
kierukka;;substantiivi;14*A
kilpukka;;substantiivi;14*A
kirsikka;;substantiivi;14*A
kiulukka;;substantiivi;14*A
klinikka;;substantiivi;14*A
komiikka;;substantiivi;14*A
kopeekka;;substantiivi;14*A
kopukka;;substantiivi;14*A
korvatillikka;;substantiivi;14*A
kronikka;;substantiivi;14*A
kuorukka;;substantiivi;14*A
kurikka;;substantiivi;14*A
kämmekkä;;substantiivi;14*A
kännykkä;;substantiivi;14*A
köllikkä;;substantiivi;14*A
lahokka;;substantiivi;14*A
lallukka;;substantiivi;14*A
lampukka;;substantiivi;14*A
lehdykkä;;substantiivi;14*A
letukka;;substantiivi;14*A
liisukka;;substantiivi;14*A
lillukka;;substantiivi;14*A
lipstikka;;substantiivi;14*A
litukka;;substantiivi;14*A
logiikka;;substantiivi;14*A
lullukka;;substantiivi;14*A
lusikka;;substantiivi;14*A
lutikka;;substantiivi;14*A
lutukka;;substantiivi;14*A
lyriikka;;substantiivi;14*A
magiikka;;substantiivi;14*A
mahorkka;;substantiivi;14*A
maitikka;;substantiivi;14*A
majakka;;substantiivi;14*A
malikka;;substantiivi;14*A
mansikka;;substantiivi;14*A
marsalkka;;substantiivi;14*A
masurkka;;substantiivi;14*A
matikka;1;substantiivi;14*A
matikka;2;substantiivi;14*A
mellakka;;substantiivi;14*A
mesikkä;;substantiivi;14*A
metakka;;substantiivi;14*A
metriikka;;substantiivi;14*A
mimiikka;;substantiivi;14*A
mullikka;;substantiivi;14*A
murikka;;substantiivi;14*A
murtsikka;;substantiivi;14*A
musikka;;substantiivi;14*A
mussukka;;substantiivi;14*A
mustikka;;substantiivi;14*A
mylläkkä;;substantiivi;14*A
myräkkä;;substantiivi;14*A
mystiikka;;substantiivi;14*A
mötikkä;;substantiivi;14*A
naapukka;;substantiivi;14*A
nallikka;;substantiivi;14*A
namikka;;substantiivi;14*A
napukka;;substantiivi;14*A
narikka;;substantiivi;14*A
nassakka;;substantiivi;14*A
nassikka;;substantiivi;14*A
neilikka;;substantiivi;14*A
nipukka;;substantiivi;14*A
nujakka;;substantiivi;14*A
nulikka;;substantiivi;14*A
nurmikka;;substantiivi;14*A
nypykkä;;substantiivi;14*A
nyssykkä;;substantiivi;14*A
nyssäkkä;;substantiivi;14*A
onnikka;;substantiivi;14*A
optiikka;;substantiivi;14*A
orvakka;;substantiivi;14*A
palikka;;substantiivi;14*A
paljakka;;substantiivi;14*A
pallukka;;substantiivi;14*A
patukka;;substantiivi;14*A
penikka;;substantiivi;14*A
persikka;;substantiivi;14*A
perukka;;substantiivi;14*A
piirakka;;substantiivi;14*A
plastiikka;;substantiivi;14*A
pohjukka;;substantiivi;14*A
polakka;;substantiivi;14*A
poliklinikka;;substantiivi;14*A
pontikka;;substantiivi;14*A
porukka;;substantiivi;14*A
praktiikka;;substantiivi;14*A
prenikka;;substantiivi;14*A
psykometriikka;;substantiivi;14*A
pulikka;;substantiivi;14*A
pullukka;;substantiivi;14*A
puolukka;;substantiivi;14*A
purnukka;;substantiivi;14*A
pusakka;;substantiivi;14*A
pussukka;;substantiivi;14*A
pyörykkä;;substantiivi;14*A
pänikkä;;substantiivi;14*A
pätäkkä;;substantiivi;14*A
pönikkä;;substantiivi;14*A
raitsikka;;substantiivi;14*A
rassukka;;substantiivi;14*A
ratikka;;substantiivi;14*A
rentukka;;substantiivi;14*A
repsikka;;substantiivi;14*A
ressukka;;substantiivi;14*A
retikka;;substantiivi;14*A
rintsikat;;substantiivi;14*A
russakka;;substantiivi;14*A
rustiikka;;substantiivi;14*A
rytmiikka;;substantiivi;14*A
rytäkkä;;substantiivi;14*A
rähäkkä;;substantiivi;14*A
rälläkkä;;substantiivi;14*A
räätikkä;;substantiivi;14*A
salakka;;substantiivi;14*A
savikka;;substantiivi;14*A
sellakka;;substantiivi;14*A
silakka;;substantiivi;14*A
silmukka;;substantiivi;14*A
simpukka;;substantiivi;14*A
sivakka;;substantiivi;14*A
sontikka;;substantiivi;14*A
sopukka;;substantiivi;14*A
statiikka;;substantiivi;14*A
supukka;;substantiivi;14*A
surmakka;;substantiivi;14*A
syntikka;;substantiivi;14*A
taktiikka;;substantiivi;14*A
tallukka;;substantiivi;14*A
tammukka;;substantiivi;14*A
tarakka;;substantiivi;14*A
tekniikka;;substantiivi;14*A
telakka;;substantiivi;14*A
tiirikka;;substantiivi;14*A
torakka;;substantiivi;14*A
tragiikka;;substantiivi;14*A
trollikka;;substantiivi;14*A
tsupukka;;substantiivi;14*A
tupakka;;substantiivi;14*A
tussukka;;substantiivi;14*A
typykkä;;substantiivi;14*A
ulpukka;;substantiivi;14*A
urakka;;substantiivi;14*A
vaapukka;;substantiivi;14*A
valakka;;substantiivi;14*A
valtikka;;substantiivi;14*A
vanikka;;substantiivi;14*A
vasikka;;substantiivi;14*A
vatukka;;substantiivi;14*A
veitikka;;substantiivi;14*A
vosikka;;substantiivi;14*A
vossikka;;substantiivi;14*A
äläkkä;;substantiivi;14*A
ötökkä;;substantiivi;14*A
remakka;;substantiivi, adjektiivi;14*A
rämäkkä;;substantiivi, adjektiivi;14*A
vässykkä;;substantiivi, adjektiivi;14*A
ulappa;;substantiivi;14*B
navetta;;substantiivi;14*C
ometta;;substantiivi;14*C
pohatta;;substantiivi;14*C
savotta;;substantiivi;14*C
aiempi;;adjektiivi;16*H
alempi;;adjektiivi;16*H
ehompi;;adjektiivi;16*H
idempi;;adjektiivi;16*H
kauempi;;adjektiivi;16*H
laidempi;;adjektiivi;16*H
likempi;;adjektiivi;16*H
lähempi;;adjektiivi;16*H
parempi;;adjektiivi;16*H
perempi;;adjektiivi;16*H
sisempi;;adjektiivi;16*H
taaempi;;adjektiivi;16*H
taempi;;adjektiivi;16*H
ulompi;;adjektiivi;16*H
varhempi;;adjektiivi;16*H
ylempi;;adjektiivi;16*H
enempi;;adjektiivi, adverbi;16*H
vähempi;;adjektiivi, adverbi;16*H
vanhempi;;adjektiivi, substantiivi;16*H
kumpi;;pronomini;16*H
kumpikaan;;pronomini;16*H
kumpikin;;pronomini;16*H
molemmat;;pronomini;16*H
leu;;substantiivi;18, (mon. 8)
HIV;;substantiivi;18, 5
tutu;;substantiivi;21, 1
jalokuusi;;substantiivi;24, 50
hapanjuuri;;substantiivi;26, 50
jälsi;;substantiivi;28*I
kansi;;substantiivi;28*J
kynsi;;substantiivi;28*J
länsi;;substantiivi;28*J
ponsi;;substantiivi;28*J
hirsi;;substantiivi;28*K
karsi;;substantiivi;28*K
kirsi;;substantiivi;28*K
korsi;;substantiivi;28*K
orsi;;substantiivi;28*K
parsi;;substantiivi;28*K
pursi;;substantiivi;28*K
varsi;;substantiivi;28*K
virsi;;substantiivi;28*K
zombie;;substantiivi;3, 8
aallotar;;substantiivi;32*C
espanjatar;;substantiivi;32*C
haltiatar;;substantiivi;32*C
haltijatar;;substantiivi;32*C
hengetär;;substantiivi;32*C
herttuatar;;substantiivi;32*C
hoitajatar;;substantiivi;32*C
japanitar;;substantiivi;32*C
johtajatar;;substantiivi;32*C
jumalatar;;substantiivi;32*C
kaunotar;;substantiivi;32*C
kenraalitar;;substantiivi;32*C
kohtalotar;;substantiivi;32*C
kreikatar;;substantiivi;32*C
kreivitär;;substantiivi;32*C
kuningatar;;substantiivi;32*C
laulajatar;;substantiivi;32*C
lumoojatar;;substantiivi;32*C
luonnotar;;substantiivi;32*C
markiisitar;;substantiivi;32*C
mestaritar;;substantiivi;32*C
myyjätär;;substantiivi;32*C
neuvoksetar;;substantiivi;32*C
norjatar;;substantiivi;32*C
näyttelijätär;;substantiivi;32*C
onnetar;;substantiivi;32*C
opettajatar;;substantiivi;32*C
palvelijatar;;substantiivi;32*C
papitar;;substantiivi;32*C
pariisitar;;substantiivi;32*C
paronitar;;substantiivi;32*C
perijätär;;substantiivi;32*C
piispatar;;substantiivi;32*C
raivotar;;substantiivi;32*C
rakastajatar;;substantiivi;32*C
ranskatar;;substantiivi;32*C
roomatar;;substantiivi;32*C
ruhtinatar;;substantiivi;32*C
runotar;;substantiivi;32*C
sankaritar;;substantiivi;32*C
seikkailijatar;;substantiivi;32*C
seppeleensitojatar;;substantiivi;32*C
sulotar;;substantiivi;32*C
syöjätär;;substantiivi;32*C
taiteilijatar;;substantiivi;32*C
tanskatar;;substantiivi;32*C
tanssijatar;;substantiivi;32*C
tarjoilijatar;;substantiivi;32*C
tatar;;substantiivi;32*C
tsaaritar;;substantiivi;32*C
tytär;;substantiivi;32*C
valtiatar;;substantiivi;32*C
viettelijätär;;substantiivi;32*C
ystävätär;;substantiivi;32*C
vapaaherratar;;substantiivi;32*C, 50
ien;;substantiivi;32*D
hapan;;adjektiivi;33*B
asetin;;substantiivi;33*C
emätin;;substantiivi;33*C
erotin;;substantiivi;33*C
haihdutin;;substantiivi;33*C
haketin;;substantiivi;33*C
hapatin;;substantiivi;33*C
hapetin;;substantiivi;33*C
heitin;;substantiivi;33*C
hiekoitin;;substantiivi;33*C
hilavitkutin;;substantiivi;33*C
hoksottimet;;substantiivi;33*C
houkutin;;substantiivi;33*C
hälytin;;substantiivi;33*C
härpätin;;substantiivi;33*C
höyrytin;;substantiivi;33*C
johdatin;;substantiivi;33*C
juoksutin;;substantiivi;33*C
juotin;;substantiivi;33*C
jäähdytin;;substantiivi;33*C
kaasutin;;substantiivi;33*C
kaiutin;;substantiivi;33*C
kannatin;;substantiivi;33*C
karhotin;;substantiivi;33*C
karkotin;;substantiivi;33*C
kartoitin;;substantiivi;33*C
kehitin;;substantiivi;33*C
keitin;;substantiivi;33*C
kiihdytin;;substantiivi;33*C
kiihotin;;substantiivi;33*C
kiillotin;;substantiivi;33*C
kiinnitin;;substantiivi;33*C
kiittimet;;substantiivi;33*C
killutin;;substantiivi;33*C
kirjoitin;;substantiivi;33*C
koetin;;substantiivi;33*C
kolkutin;;substantiivi;33*C
kosketin;;substantiivi;33*C
kostutin;;substantiivi;33*C
kuidutin;;substantiivi;33*C
kuivatin;;substantiivi;33*C
kuljetin;;substantiivi;33*C
käkätin;;substantiivi;33*C
lajitin;;substantiivi;33*C
lamautin;;substantiivi;33*C
lannoitin;;substantiivi;33*C
lauhdutin;;substantiivi;33*C
lennätin;;substantiivi;33*C
levitin;;substantiivi;33*C
liipotin;;substantiivi;33*C
liitin;;substantiivi;33*C
limitin;;substantiivi;33*C
liuotin;;substantiivi;33*C
lähetin;;substantiivi;33*C
lämmitin;;substantiivi;33*C
nesteytin;;substantiivi;33*C
näytin;;substantiivi;33*C
osoitin;;substantiivi;33*C
otin;;substantiivi;33*C
paloilmoitin;;substantiivi;33*C
pehmitin;;substantiivi;33*C
pelotin;;substantiivi;33*C
pelätin;;substantiivi;33*C
pidätin;;substantiivi;33*C
pingotin;;substantiivi;33*C
poltin;;substantiivi;33*C
poretin;;substantiivi;33*C
pursotin;;substantiivi;33*C
pysäytin;;substantiivi;33*C
raaputin;;substantiivi;33*C
rajoitin;;substantiivi;33*C
rei’itin;;substantiivi;33*C
reititin;;substantiivi;33*C
ryypytin;;substantiivi;33*C
räjäytin;;substantiivi;33*C
sadetin;;substantiivi;33*C
sammutin;;substantiivi;33*C
sekoitin;;substantiivi;33*C
selkeytin;;substantiivi;33*C
siitin;;substantiivi;33*C
sirotin;;substantiivi;33*C
soitin;;substantiivi;33*C
sovitin;;substantiivi;33*C
suihkutin;;substantiivi;33*C
sumutin;;substantiivi;33*C
suodatin;;substantiivi;33*C
suoritin;;substantiivi;33*C
suutin;;substantiivi;33*C
synnyttimet;;substantiivi;33*C
sytytin;;substantiivi;33*C
syötin;;substantiivi;33*C
sädetin;;substantiivi;33*C
säteilytin;;substantiivi;33*C
taivutin;;substantiivi;33*C
talutin;;substantiivi;33*C
tarjotin;;substantiivi;33*C
tasoitin;;substantiivi;33*C
tekstitin;;substantiivi;33*C
teroitin;;substantiivi;33*C
tuuletin;;substantiivi;33*C
tyydytin;;substantiivi;33*C
tärytin;;substantiivi;33*C
töllötin;;substantiivi;33*C
törmäytin;;substantiivi;33*C
vaahdotin;;substantiivi;33*C
vaikutin;;substantiivi;33*C
varoitin;;substantiivi;33*C
vekotin;;substantiivi;33*C
vemputin;;substantiivi;33*C
vihmoitin;;substantiivi;33*C
viivoitin;;substantiivi;33*C
viritin;;substantiivi;33*C
virroitin;;substantiivi;33*C
yllytin;;substantiivi;33*C
näkimet;;substantiivi;33*D
puin;;substantiivi;33*D
pyyhin;;substantiivi;33*D
kaavin;;substantiivi;33*E
raavin;;substantiivi;33*E
särvin;;substantiivi;33*E
ahdin;;substantiivi;33*F
hiihdin;;substantiivi;33*F
hohtimet;;substantiivi;33*F
johdin;;substantiivi;33*F
kaadin;;substantiivi;33*F
kaihdin;;substantiivi;33*F
kudin;;substantiivi;33*F
kuudan;;substantiivi;33*F
laidun;;substantiivi;33*F
liidin;;substantiivi;33*F
paahdin;;substantiivi;33*F
pidin;;substantiivi;33*F
pohdin;;substantiivi;33*F
rohdin;;substantiivi;33*F
sadin;;substantiivi;33*F
soidin;;substantiivi;33*F
suodin;;substantiivi;33*F
säädin;;substantiivi;33*F
uudin;;substantiivi;33*F
vaadin;;substantiivi;33*F
vaihdin;;substantiivi;33*F
vedin;;substantiivi;33*F
ydin;;substantiivi;33*F
askellin;;substantiivi;33*I
puhallin;;substantiivi;33*I
sivellin;;substantiivi;33*I
antimet;;substantiivi;33*J
hienonnin;;substantiivi;33*J
himmennin;;substantiivi;33*J
hämmennin;;substantiivi;33*J
jauhennin;;substantiivi;33*J
kannin;;substantiivi;33*J
kuumennin;;substantiivi;33*J
käännin;;substantiivi;33*J
lennin;;substantiivi;33*J
muunnin;;substantiivi;33*J
möyhennin;;substantiivi;33*J
paikannin;;substantiivi;33*J
ponnin;;substantiivi;33*J
suunnin;;substantiivi;33*J
tallennin;;substantiivi;33*J
vaimennin;;substantiivi;33*J
väännin;;substantiivi;33*J
avarrin;;substantiivi;33*K
elinaikakerroin;;substantiivi;33*K
hierrin;;substantiivi;33*K
kaiverrin;;substantiivi;33*K
kerroin;1;substantiivi;33*K
kierrin;;substantiivi;33*K
kiharrin;;substantiivi;33*K
kimmokerroin;;substantiivi;33*K
kitkakerroin;;substantiivi;33*K
korrelaatiokerroin;;substantiivi;33*K
koverrin;;substantiivi;33*K
kulmakerroin;;substantiivi;33*K
kutistumiskerroin;;substantiivi;33*K
laajenemiskerroin;;substantiivi;33*K
lämpölaajenemiskerroin;;substantiivi;33*K
lämpötilakerroin;;substantiivi;33*K
muuntokerroin;;substantiivi;33*K
näverrin;;substantiivi;33*K
painokerroin;;substantiivi;33*K
piirrin;;substantiivi;33*K
puserrin;;substantiivi;33*K
pärstäkerroin;;substantiivi;33*K
siirrin;;substantiivi;33*K
suojakerroin;;substantiivi;33*K
taitekerroin;;substantiivi;33*K
paljin;;substantiivi;33*L
poljin;;substantiivi;33*L
suljin;;substantiivi;33*L
seksitön;;adjektiivi;34*A
aavistamaton;;adjektiivi;34*C
aiheeton;;adjektiivi;34*C
aineeton;;adjektiivi;34*C
aivoton;;adjektiivi;34*C
ajaton;;adjektiivi;34*C
ajattelematon;;adjektiivi;34*C
ajatukseton;;adjektiivi;34*C
alkoholiton;;adjektiivi;34*C
aloittamaton;;adjektiivi;34*C
ansaitsematon;;adjektiivi;34*C
ansioton;;adjektiivi;34*C
anteeksiantamaton;;adjektiivi;34*C
armoton;;adjektiivi;34*C
arvaamaton;;adjektiivi;34*C
arvoton;;adjektiivi;34*C
aseeton;;adjektiivi;34*C
asumaton;;adjektiivi;34*C
aukoton;;adjektiivi;34*C
auringoton;;adjektiivi;34*C
auttamaton;;adjektiivi;34*C
avioton;;adjektiivi;34*C
avuton;;adjektiivi;34*C
bakteeriton;;adjektiivi;34*C
ehdoton;;adjektiivi;34*C
ehtymätön;;adjektiivi;34*C
eittämätön;;adjektiivi;34*C
eleetön;;adjektiivi;34*C
eloton;;adjektiivi;34*C
elämätön;;adjektiivi;34*C
ennakkoluuloton;;adjektiivi;34*C
ennakoimaton;;adjektiivi;34*C
epäämätön;;adjektiivi;34*C
erehtymätön;;adjektiivi;34*C
erottamaton;;adjektiivi;34*C
esteetön;;adjektiivi;34*C
estoton;;adjektiivi;34*C
fossiiliton;;adjektiivi;34*C
gluteeniton;;adjektiivi;34*C
haitaton;;adjektiivi;34*C
hajustamaton;;adjektiivi;34*C
hajusteeton;;adjektiivi;34*C
hajuton;;adjektiivi;34*C
haluton;;adjektiivi;34*C
hampaaton;;adjektiivi;34*C
hapattamaton;;adjektiivi;34*C
happamaton;;adjektiivi;34*C
harjaantumaton;;adjektiivi;34*C
harkitsematon;;adjektiivi;34*C
harmiton;;adjektiivi;34*C
harventamaton;;adjektiivi;34*C
hedelmätön;;adjektiivi;34*C
hellittämätön;;adjektiivi;34*C
heltymätön;;adjektiivi;34*C
herkeämätön;;adjektiivi;34*C
hermoton;;adjektiivi;34*C
hervoton;;adjektiivi;34*C
hihaton;;adjektiivi;34*C
hiiskumaton;;adjektiivi;34*C
hillitön;;adjektiivi;34*C
hiomaton;;adjektiivi;34*C
hirttämätön;;adjektiivi;34*C
historiaton;;adjektiivi;34*C
holiton;;adjektiivi;34*C
holtiton;;adjektiivi;34*C
horjumaton;;adjektiivi;34*C
hulvaton;;adjektiivi;34*C
huoleton;;adjektiivi;34*C
huolimaton;;adjektiivi;34*C
huomaamaton;;adjektiivi;34*C
huumeeton;;adjektiivi;34*C
hyödytön;;adjektiivi;34*C
häikäilemätön;;adjektiivi;34*C
häiriötön;;adjektiivi;34*C
häpeämätön;;adjektiivi;34*C
häviämätön;;adjektiivi;34*C
illuusioton;;adjektiivi;34*C
ilmaton;;adjektiivi;34*C
ilmeetön;;adjektiivi;34*C
iloton;;adjektiivi;34*C
innoton;;adjektiivi;34*C
intohimoton;;adjektiivi;34*C
isännätön;;adjektiivi;34*C
isätön;;adjektiivi;34*C
iätön;;adjektiivi;34*C
jakamaton;;adjektiivi;34*C
jaokkeeton;;adjektiivi;34*C
jaoton;;adjektiivi;34*C
joustamaton;;adjektiivi;34*C
julkaisematon;;adjektiivi;34*C
jumalaton;;adjektiivi;34*C
juureton;;adjektiivi;34*C
jäljetön;;adjektiivi;34*C
jäljittelemätön;;adjektiivi;34*C
jännitteetön;;adjektiivi;34*C
järjestymätön;;adjektiivi;34*C
järkkymätön;;adjektiivi;34*C
järkähtämätön;;adjektiivi;34*C
jäännöksetön;;adjektiivi;34*C
jäävitön;;adjektiivi;34*C
kahleeton;;adjektiivi;34*C
kahlehtimaton;;adjektiivi;34*C
kahlitsematon;;adjektiivi;34*C
kainostelematon;;adjektiivi;34*C
kaiuton;;adjektiivi;34*C
kaloriton;;adjektiivi;34*C
kalustamaton;;adjektiivi;34*C
kannattamaton;;adjektiivi;34*C
kansalaisuudeton;;adjektiivi;34*C
kantamaton;;adjektiivi;34*C
karjaton;;adjektiivi;34*C
karkaisematon;;adjektiivi;34*C
kasvoton;;adjektiivi;34*C
katkeamaton;;adjektiivi;34*C
katoamaton;;adjektiivi;34*C
katsastamaton;;adjektiivi;34*C
katteeton;;adjektiivi;34*C
kaulukseton;;adjektiivi;34*C
kaunistelematon;;adjektiivi;34*C
kehittymätön;;adjektiivi;34*C
kehyksetön;;adjektiivi;34*C
kelvoton;;adjektiivi;34*C
keskeytyksetön;;adjektiivi;34*C
keskeytymätön;;adjektiivi;34*C
kestämätön;;adjektiivi;34*C
kesyttämätön;;adjektiivi;34*C
kesytön;;adjektiivi;34*C
kiekoton;;adjektiivi;34*C
kieltämätön;;adjektiivi;34*C
kiertelemätön;;adjektiivi;34*C
kiertämätön;;adjektiivi;34*C
kiihkoton;;adjektiivi;34*C
kiireetön;;adjektiivi;34*C
kiistaton;;adjektiivi;34*C
kiistämätön;;adjektiivi;34*C
kiittämätön;;adjektiivi;34*C
kimmoton;;adjektiivi;34*C
kirjoittamaton;;adjektiivi;34*C
kiteetön;;adjektiivi;34*C
kitkaton;;adjektiivi;34*C
kivuton;;adjektiivi;34*C
koditon;;adjektiivi;34*C
kohtuuton;;adjektiivi;34*C
kokematon;;adjektiivi;34*C
kolaroimaton;;adjektiivi;34*C
konstailematon;;adjektiivi;34*C
korjaamaton;;adjektiivi;34*C
korkkaamaton;;adjektiivi;34*C
koroton;;adjektiivi;34*C
koruton;;adjektiivi;34*C
korvaamaton;;adjektiivi;34*C
koskematon;;adjektiivi;34*C
kouluakäymätön;;adjektiivi;34*C
koulunkäymätön;;adjektiivi;34*C
kouluttamaton;;adjektiivi;34*C
kritiikitön;;adjektiivi;34*C
kruunaamaton;;adjektiivi;34*C
kuihtumaton;;adjektiivi;34*C
kumoamaton;;adjektiivi;34*C
kunniaton;;adjektiivi;34*C
kunnoton;;adjektiivi;34*C
kuolematon;;adjektiivi;34*C
kuolleeton;;adjektiivi;34*C
kuriton;;adjektiivi;34*C
kursailematon;;adjektiivi;34*C
kutsumaton;;adjektiivi;34*C
kuulematon;;adjektiivi;34*C
kuulumaton;;adjektiivi;34*C
kuumeeton;;adjektiivi;34*C
kuuton;;adjektiivi;34*C
kuvaamaton;;adjektiivi;34*C
kykenemätön;;adjektiivi;34*C
kyltymätön;;adjektiivi;34*C
kypsymätön;;adjektiivi;34*C
kyvytön;;adjektiivi;34*C
kädetön;;adjektiivi;34*C
kärsimätön;;adjektiivi;34*C
käsinojaton;;adjektiivi;34*C
käsittelemätön;;adjektiivi;34*C
käsittämätön;;adjektiivi;34*C
laaduton;;adjektiivi;34*C
lahjaton;;adjektiivi;34*C
lahjomaton;;adjektiivi;34*C
laiton;;adjektiivi;34*C
lakkaamaton;1;adjektiivi;34*C
lakkaamaton;2;adjektiivi;34*C
laktoositon;;adjektiivi;34*C
langaton;;adjektiivi;34*C
lapseton;;adjektiivi;34*C
leivätön;;adjektiivi;34*C
leppymätön;;adjektiivi;34*C
lesemätön;;adjektiivi;34*C
lihaton;;adjektiivi;34*C
liikkumaton;;adjektiivi;34*C
linjaton;;adjektiivi;34*C
liukenematon;;adjektiivi;34*C
lohduton;;adjektiivi;34*C
loppumaton;;adjektiivi;34*C
loputon;;adjektiivi;34*C
loukkaamaton;;adjektiivi;34*C
lukematon;;adjektiivi;34*C
lukkiutumaton;;adjektiivi;34*C
luokaton;;adjektiivi;34*C
luonnoton;;adjektiivi;34*C
luonteeton;;adjektiivi;34*C
luovuttamaton;;adjektiivi;34*C
luuton;;adjektiivi;34*C
luvaton;;adjektiivi;34*C
luvuton;;adjektiivi;34*C
lyhentämätön;;adjektiivi;34*C
lyijytön;;adjektiivi;34*C
lyömätön;;adjektiivi;34*C
lähtemätön;;adjektiivi;34*C
läpikuultamaton;;adjektiivi;34*C
läpitunkematon;;adjektiivi;34*C
läpäisemätön;;adjektiivi;34*C
lääkkeetön;;adjektiivi;34*C
maalaamaton;;adjektiivi;34*C
maaliton;1;adjektiivi;34*C
maaliton;2;adjektiivi;34*C
maaton;;adjektiivi;34*C
magneetiton;;adjektiivi;34*C
magnetoitumaton;;adjektiivi;34*C
mainitsematon;;adjektiivi;34*C
maksamaton;;adjektiivi;34*C
maksuton;;adjektiivi;34*C
maltiton;;adjektiivi;34*C
malttamaton;;adjektiivi;34*C
mauton;;adjektiivi;34*C
menestyksetön;;adjektiivi;34*C
menestymätön;;adjektiivi;34*C
merkityksetön;;adjektiivi;34*C
merkitön;;adjektiivi;34*C
miehittämätön;;adjektiivi;34*C
mielenkiinnoton;;adjektiivi;34*C
mittaamaton;;adjektiivi;34*C
mitätön;;adjektiivi;34*C
moitteeton;;adjektiivi;34*C
moottoriton;;adjektiivi;34*C
moraaliton;;adjektiivi;34*C
motivoimaton;;adjektiivi;34*C
muistamaton;;adjektiivi;34*C
munaton;;adjektiivi;34*C
muodoton;;adjektiivi;34*C
murtumaton;;adjektiivi;34*C
mutkaton;;adjektiivi;34*C
muuttumaton;;adjektiivi;34*C
myrkytön;;adjektiivi;34*C
myöntymätön;;adjektiivi;34*C
määrittelemätön;;adjektiivi;34*C
määrätön;;adjektiivi;34*C
määräämätön;;adjektiivi;34*C
naimaton;;adjektiivi;34*C
neuvoton;;adjektiivi;34*C
nimeämätön;;adjektiivi;34*C
nuhteeton;;adjektiivi;34*C
nukkaantumaton;;adjektiivi;34*C
numeroimaton;;adjektiivi;34*C
nurjaton;;adjektiivi;34*C
näkemätön;;adjektiivi;34*C
näkymätön;;adjektiivi;34*C
näköalaton;;adjektiivi;34*C
odottamaton;;adjektiivi;34*C
ohittamaton;;adjektiivi;34*C
oikeudeton;;adjektiivi;34*C
oireeton;;adjektiivi;34*C
omistusliitteetön;;adjektiivi;34*C
ongelmaton;;adjektiivi;34*C
onneton;;adjektiivi;34*C
painamaton;;adjektiivi;34*C
painoton;;adjektiivi;34*C
pakoton;;adjektiivi;34*C
pakottamaton;;adjektiivi;34*C
palamaton;;adjektiivi;34*C
palkaton;;adjektiivi;34*C
paloton;;adjektiivi;34*C
parantumaton;;adjektiivi;34*C
pariton;;adjektiivi;34*C
parraton;;adjektiivi;34*C
peittelemätön;;adjektiivi;34*C
pelkäämätön;;adjektiivi;34*C
peloton;;adjektiivi;34*C
pennitön;;adjektiivi;34*C
perheetön;;adjektiivi;34*C
periaatteeton;;adjektiivi;34*C
periksiantamaton;;adjektiivi;34*C
perinnötön;;adjektiivi;34*C
persoonaton;;adjektiivi;34*C
perusteeton;;adjektiivi;34*C
peruuttamaton;;adjektiivi;34*C
perämiehetön;;adjektiivi;34*C
peräänantamaton;;adjektiivi;34*C
pettämätön;;adjektiivi;34*C
pidäkkeetön;;adjektiivi;34*C
piittaamaton;;adjektiivi;34*C
pilvetön;;adjektiivi;34*C
pistämätön;;adjektiivi;34*C
pitelemätön;;adjektiivi;34*C
pitämätön;;adjektiivi;34*C
pohjaton;;adjektiivi;34*C
ponneton;;adjektiivi;34*C
portaaton;;adjektiivi;34*C
poveton;;adjektiivi;34*C
prosentiton;;adjektiivi;34*C
puhumaton;;adjektiivi;34*C
puolueeton;;adjektiivi;34*C
puolustamaton;;adjektiivi;34*C
puuroutumaton;;adjektiivi;34*C
puuton;;adjektiivi;34*C
pystymätön;;adjektiivi;34*C
pysymätön;;adjektiivi;34*C
pyyteetön;;adjektiivi;34*C
pätemätön;;adjektiivi;34*C
päämäärätön;;adjektiivi;34*C
pääsemätön;;adjektiivi;34*C
päätteetön;;adjektiivi;34*C
päättymätön;;adjektiivi;34*C
päättämätön;;adjektiivi;34*C
rahaton;;adjektiivi;34*C
raivaamaton;;adjektiivi;34*C
rajaton;;adjektiivi;34*C
rajoittamaton;;adjektiivi;34*C
rakentamaton;;adjektiivi;34*C
rakkaudeton;;adjektiivi;34*C
rakoilematon;;adjektiivi;34*C
rannaton;;adjektiivi;34*C
rasvaton;;adjektiivi;34*C
ratkaisematon;;adjektiivi;34*C
rauhaton;;adjektiivi;34*C
rekyylitön;;adjektiivi;34*C
riidaton;;adjektiivi;34*C
riimitön;;adjektiivi;34*C
riippumaton;;adjektiivi;34*C
riittämätön;;adjektiivi;34*C
rikkeetön;;adjektiivi;34*C
rikkomaton;;adjektiivi;34*C
rikkumaton;;adjektiivi;34*C
rippikoulunkäymätön;;adjektiivi;34*C
riskitön;;adjektiivi;34*C
runoton;;adjektiivi;34*C
ruokkoamaton;;adjektiivi;34*C
ruostumaton;;adjektiivi;34*C
ruumiiton;;adjektiivi;34*C
ryhditön;;adjektiivi;34*C
rypistymätön;;adjektiivi;34*C
saamaton;;adjektiivi;34*C
saastaton;;adjektiivi;34*C
saasteeton;;adjektiivi;34*C
saavuttamaton;;adjektiivi;34*C
salkuton;;adjektiivi;34*C
sammumaton;;adjektiivi;34*C
sanaton;;adjektiivi;34*C
sanomaton;;adjektiivi;34*C
saumaton;;adjektiivi;34*C
savuton;;adjektiivi;34*C
selittämätön;;adjektiivi;34*C
selkeytymätön;;adjektiivi;34*C
selkiytymätön;;adjektiivi;34*C
selkänojaton;;adjektiivi;34*C
selvittämätön;;adjektiivi;34*C
selätön;;adjektiivi;34*C
sensuroimaton;;adjektiivi;34*C
siekailematon;;adjektiivi;34*C
sieluton;;adjektiivi;34*C
siemenetön;;adjektiivi;34*C
sietämätön;;adjektiivi;34*C
sievistelemätön;;adjektiivi;34*C
siirtämätön;;adjektiivi;34*C
siivetön;;adjektiivi;34*C
sijaton;;adjektiivi;34*C
sijoittamaton;;adjektiivi;34*C
silmitön;;adjektiivi;34*C
sisällyksetön;;adjektiivi;34*C
sisällötön;;adjektiivi;34*C
sisärenkaaton;;adjektiivi;34*C
sitomaton;;adjektiivi;34*C
sitoutumaton;;adjektiivi;34*C
siunaamaton;;adjektiivi;34*C
siveetön;;adjektiivi;34*C
sivistymätön;;adjektiivi;34*C
soinniton;;adjektiivi;34*C
soinnuton;;adjektiivi;34*C
sokeriton;;adjektiivi;34*C
sopeutumaton;;adjektiivi;34*C
sopimukseton;;adjektiivi;34*C
sovittamaton;;adjektiivi;34*C
suhdaton;;adjektiivi;34*C
suhteeton;;adjektiivi;34*C
sukupuoleton;;adjektiivi;34*C
suloton;;adjektiivi;34*C
sumeilematon;;adjektiivi;34*C
summaton;;adjektiivi;34*C
suojaamaton;;adjektiivi;34*C
suojaton;;adjektiivi;34*C
suolaton;;adjektiivi;34*C
surkeilematon;;adjektiivi;34*C
suunnaton;;adjektiivi;34*C
suunnittelematon;;adjektiivi;34*C
suvaitsematon;;adjektiivi;34*C
suvuton;;adjektiivi;34*C
sydämetön;;adjektiivi;34*C
synnitön;;adjektiivi;34*C
syntymätön;;adjektiivi;34*C
syttymätön;;adjektiivi;34*C
syyntakeeton;;adjektiivi;34*C
syytön;;adjektiivi;34*C
syömätön;;adjektiivi;34*C
syöpymätön;;adjektiivi;34*C
säestyksetön;;adjektiivi;34*C
särötön;;adjektiivi;34*C
sävytön;;adjektiivi;34*C
säädytön;;adjektiivi;34*C
säälimätön;;adjektiivi;34*C
säännötön;;adjektiivi;34*C
tahaton;;adjektiivi;34*C
tahditon;;adjektiivi;34*C
tahdoton;;adjektiivi;34*C
tahraamaton;;adjektiivi;34*C
tahraantumaton;;adjektiivi;34*C
tahraton;;adjektiivi;34*C
tahriintumaton;;adjektiivi;34*C
tahrimaton;;adjektiivi;34*C
taidoton;;adjektiivi;34*C
taipumaton;;adjektiivi;34*C
taitamaton;;adjektiivi;34*C
tajuamaton;;adjektiivi;34*C
tajuton;;adjektiivi;34*C
taloton;;adjektiivi;34*C
talttumaton;;adjektiivi;34*C
taltuttamaton;;adjektiivi;34*C
talvehtimaton;;adjektiivi;34*C
tapahtumaton;;adjektiivi;34*C
tapaukseton;;adjektiivi;34*C
tarkkaamaton;;adjektiivi;34*C
tarkoitukseton;;adjektiivi;34*C
tarmoton;;adjektiivi;34*C
tarpeeton;;adjektiivi;34*C
tarttumaton;;adjektiivi;34*C
tauditon;;adjektiivi;34*C
taukoamaton;;adjektiivi;34*C
tauoton;;adjektiivi;34*C
tavaton;;adjektiivi;34*C
tavoittamaton;;adjektiivi;34*C
teeskentelemätön;;adjektiivi;34*C
tehoton;;adjektiivi;34*C
tekemätön;;adjektiivi;34*C
tiedostamaton;;adjektiivi;34*C
tiedoton;;adjektiivi;34*C
tiehyetön;;adjektiivi;34*C
tietymätön;;adjektiivi;34*C
tietämätön;;adjektiivi;34*C
tietön;;adjektiivi;34*C
tilaton;;adjektiivi;34*C
tinkimätön;;adjektiivi;34*C
tipaton;;adjektiivi;34*C
todistamaton;;adjektiivi;34*C
toimeton;;adjektiivi;34*C
toivoton;;adjektiivi;34*C
tolkuton;;adjektiivi;34*C
tottelematon;;adjektiivi;34*C
tottumaton;;adjektiivi;34*C
tuhoton;;adjektiivi;34*C
tulliton;;adjektiivi;34*C
tulokseton;;adjektiivi;34*C
tuloton;;adjektiivi;34*C
tunnoton;;adjektiivi;34*C
tunnustamaton;;adjektiivi;34*C
tunnustukseton;;adjektiivi;34*C
tunteeton;;adjektiivi;34*C
tuoksuton;;adjektiivi;34*C
tuottamaton;;adjektiivi;34*C
tupakaton;;adjektiivi;34*C
tupakoimaton;;adjektiivi;34*C
turmelematon;;adjektiivi;34*C
turmeltumaton;;adjektiivi;34*C
turvaamaton;;adjektiivi;34*C
turvaton;;adjektiivi;34*C
tuskaton;;adjektiivi;34*C
tutkimaton;;adjektiivi;34*C
tuuleton;;adjektiivi;34*C
tyhjentymätön;;adjektiivi;34*C
tyydyttymätön;;adjektiivi;34*C
tyydyttämätön;;adjektiivi;34*C
tyylitön;;adjektiivi;34*C
tyytymätön;;adjektiivi;34*C
tähdetön;;adjektiivi;34*C
täyttymätön;;adjektiivi;34*C
täyttämätön;;adjektiivi;34*C
ujostelematon;;adjektiivi;34*C
uneton;;adjektiivi;34*C
unohtumaton;;adjektiivi;34*C
uppoamaton;;adjektiivi;34*C
uskomaton;;adjektiivi;34*C
uskonnoton;;adjektiivi;34*C
uskoton;;adjektiivi;34*C
uudistumaton;;adjektiivi;34*C
uupumaton;;adjektiivi;34*C
uusiutumaton;;adjektiivi;34*C
vaaraton;;adjektiivi;34*C
vaatimaton;;adjektiivi;34*C
vahingoittumaton;;adjektiivi;34*C
vahvistamaton;;adjektiivi;34*C
vaivaton;;adjektiivi;34*C
vakuuttamaton;;adjektiivi;34*C
valikoimaton;;adjektiivi;34*C
valkaisematon;;adjektiivi;34*C
vallaton;;adjektiivi;34*C
valloittamaton;;adjektiivi;34*C
valtioton;;adjektiivi;34*C
vankkumaton;;adjektiivi;34*C
vanumaton;;adjektiivi;34*C
varaukseton;;adjektiivi;34*C
varomaton;;adjektiivi;34*C
vartioimaton;;adjektiivi;34*C
vastaamaton;;adjektiivi;34*C
vastikkeeton;;adjektiivi;34*C
vastukseton;;adjektiivi;34*C
vastustamaton;;adjektiivi;34*C
vastuuton;;adjektiivi;34*C
vauhditon;;adjektiivi;34*C
vedetön;;adjektiivi;34*C
velaton;;adjektiivi;34*C
veretön;;adjektiivi;34*C
verhoamaton;;adjektiivi;34*C
veroton;;adjektiivi;34*C
verraton;;adjektiivi;34*C
vetämätön;;adjektiivi;34*C
viaton;;adjektiivi;34*C
vihkimätön;;adjektiivi;34*C
vihkiytymätön;;adjektiivi;34*C
viimeistelemätön;;adjektiivi;34*C
viinaton;;adjektiivi;34*C
viipymätön;;adjektiivi;34*C
viljelemätön;;adjektiivi;34*C
vilpitön;;adjektiivi;34*C
viraton;;adjektiivi;34*C
virheetön;;adjektiivi;34*C
virikkeetön;;adjektiivi;34*C
virittämätön;;adjektiivi;34*C
vivahdukseton;;adjektiivi;34*C
vivahteeton;;adjektiivi;34*C
voimaton;;adjektiivi;34*C
voittamaton;;adjektiivi;34*C
vuoreton;;adjektiivi;34*C
vuoriton;;adjektiivi;34*C
vuotamaton;;adjektiivi;34*C
vyötön;;adjektiivi;34*C
väetön;;adjektiivi;34*C
väistämätön;;adjektiivi;34*C
välilaskuton;;adjektiivi;34*C
välitön;;adjektiivi;34*C
väritön;;adjektiivi;34*C
värjäytymätön;;adjektiivi;34*C
värjäämätön;;adjektiivi;34*C
värähtämätön;;adjektiivi;34*C
väsymätön;;adjektiivi;34*C
vääjäämätön;;adjektiivi;34*C
väärentämätön;;adjektiivi;34*C
vääristelemätön;;adjektiivi;34*C
yhteismitaton;;adjektiivi;34*C
yletön;;adjektiivi;34*C
ylikäymätön;;adjektiivi;34*C
ylittämätön;;adjektiivi;34*C
yllätyksetön;;adjektiivi;34*C
ymmärtämätön;;adjektiivi;34*C
yötön;;adjektiivi;34*C
äiditön;;adjektiivi;34*C
äänetön;;adjektiivi;34*C
aateliton;;adjektiivi, substantiivi;34*C
asiaton;;adjektiivi, substantiivi;34*C
asunnoton;;adjektiivi, substantiivi;34*C
autoton;;adjektiivi, substantiivi;34*C
hengetön;;adjektiivi, substantiivi;34*C
hävytön;;adjektiivi, substantiivi;34*C
järjetön;;adjektiivi, substantiivi;34*C
levoton;;adjektiivi, substantiivi;34*C
liittoutumaton;;adjektiivi, substantiivi;34*C
mahdoton;;adjektiivi, substantiivi;34*C
mieletön;;adjektiivi, substantiivi;34*C
nimetön;;adjektiivi, substantiivi;34*C
olematon;;adjektiivi, substantiivi;34*C
oppimaton;;adjektiivi, substantiivi;34*C
osaton;;adjektiivi, substantiivi;34*C
paidaton;;adjektiivi, substantiivi;34*C
paperiton;;adjektiivi, substantiivi;34*C
perätön;;adjektiivi, substantiivi;34*C
posketon;;adjektiivi, substantiivi;34*C
päätön;;adjektiivi, substantiivi;34*C
ruokoton;;adjektiivi, substantiivi;34*C
räävitön;;adjektiivi, substantiivi;34*C
siivoton;;adjektiivi, substantiivi;34*C
sopimaton;;adjektiivi, substantiivi;34*C
suruton;;adjektiivi, substantiivi;34*C
tuntematon;;adjektiivi, substantiivi;34*C
työtön;;adjektiivi, substantiivi;34*C
varaton;;adjektiivi, substantiivi;34*C
välttämätön;;adjektiivi, substantiivi;34*C
älytön;;adjektiivi, substantiivi;34*C
ääretön;;adjektiivi, substantiivi;34*C
selkärangaton;;substantiivi, adjektiivi;34*C
tumaton;;substantiivi, adjektiivi;34*C
lämmin;;adjektiivi, substantiivi;35*H
sammas;;substantiivi;39, (41*H)
pallas;;substantiivi;39, (41*I)
merirosvous;;substantiivi;39, 40
rosvous;;substantiivi;39, 40
uros;;substantiivi;39, 41
kuumavalssaus;;substantiivi;39, 50
kylmävalssaus;;substantiivi;39, 50
mustamaalaus;;substantiivi;39, 50
liinakko;;adjektiivi, substantiivi;4*A
ummikko;;adjektiivi, substantiivi;4*A
aallokko;;substantiivi;4*A
aavikko;;substantiivi;4*A
afaatikko;;substantiivi;4*A
agnostikko;;substantiivi;4*A
akateemikko;;substantiivi;4*A
aleksityymikko;;substantiivi;4*A
allergikko;;substantiivi;4*A
allikko;;substantiivi;4*A
analyytikko;;substantiivi;4*A
anorektikko;;substantiivi;4*A
asteenikko;;substantiivi;4*A
asteikko;;substantiivi;4*A
astmaatikko;;substantiivi;4*A
atleetikko;;substantiivi;4*A
atoopikko;;substantiivi;4*A
botaanikko;;substantiivi;4*A
buliimikko;;substantiivi;4*A
dementikko;;substantiivi;4*A
diabeetikko;;substantiivi;4*A
didaktikko;;substantiivi;4*A
dieteetikko;;substantiivi;4*A
dogmaatikko;;substantiivi;4*A
dramaatikko;;substantiivi;4*A
dysfaatikko;;substantiivi;4*A
eepikko;;substantiivi;4*A
eideetikko;;substantiivi;4*A
eklektikko;;substantiivi;4*A
eksentrikko;;substantiivi;4*A
elikko;;substantiivi;4*A
emakko;;substantiivi;4*A
empiirikko;;substantiivi;4*A
ennakko;;substantiivi;4*A
ensikko;;substantiivi;4*A
epileptikko;;substantiivi;4*A
erakko;;substantiivi;4*A
esikko;;substantiivi;4*A
esteetikko;;substantiivi;4*A
etsikko;;substantiivi;4*A
evakko;;substantiivi;4*A
fanaatikko;;substantiivi;4*A
femakko;;substantiivi;4*A
filharmonikko;;substantiivi;4*A
flegmaatikko;;substantiivi;4*A
foneetikko;;substantiivi;4*A
fyysikko;;substantiivi;4*A
geneetikko;;substantiivi;4*A
gnostikko;;substantiivi;4*A
graafikko;;substantiivi;4*A
haarikko;;substantiivi;4*A
haavakko;;substantiivi;4*A
haavikko;;substantiivi;4*A
harpikko;;substantiivi;4*A
haulikko;;substantiivi;4*A
heinikko;;substantiivi;4*A
heinikkö;;substantiivi;4*A
heraldikko;;substantiivi;4*A
hetteikkö;;substantiivi;4*A
hietikko;;substantiivi;4*A
hiilikko;;substantiivi;4*A
hiirakko;;substantiivi;4*A
hongikko;;substantiivi;4*A
humalikko;;substantiivi;4*A
hupakko;;substantiivi;4*A
hygieenikko;;substantiivi;4*A
hyllykkö;;substantiivi;4*A
hysteerikko;;substantiivi;4*A
häirikkö;;substantiivi;4*A
illakko;;substantiivi;4*A
informaatikko;;substantiivi;4*A
inkerikko;;substantiivi;4*A
ironikko;;substantiivi;4*A
istutuskuusikko;;substantiivi;4*A
jorpakko;;substantiivi;4*A
jouhikko;;substantiivi;4*A
juurakko;;substantiivi;4*A
jäkälikkö;;substantiivi;4*A
jäätikkö;;substantiivi;4*A
kahdeksikko;;substantiivi;4*A
kaislikko;;substantiivi;4*A
kaksikko;;substantiivi;4*A
kanervikko;;substantiivi;4*A
kannokko;;substantiivi;4*A
kapeikko;;substantiivi;4*A
karheikko;;substantiivi;4*A
karikko;;substantiivi;4*A
karismaatikko;;substantiivi;4*A
karjakko;;substantiivi;4*A
karsikko;;substantiivi;4*A
karukko;;substantiivi;4*A
katajikko;;substantiivi;4*A
katteikko;;substantiivi;4*A
katveikko;;substantiivi;4*A
kehikko;;substantiivi;4*A
kelokko;;substantiivi;4*A
kepakko;;substantiivi;4*A
keraamikko;;substantiivi;4*A
kermakko;;substantiivi;4*A
kesakko;;substantiivi;4*A
kiropraktikko;;substantiivi;4*A
kivikko;;substantiivi;4*A
klassikko;;substantiivi;4*A
kliinikko;;substantiivi;4*A
koirakko;;substantiivi;4*A
koivikko;;substantiivi;4*A
koleerikko;;substantiivi;4*A
kolikko;;substantiivi;4*A
kolmikko;;substantiivi;4*A
kolpakko;;substantiivi;4*A
koomikko;;substantiivi;4*A
kortteikko;;substantiivi;4*A
kosteikko;;substantiivi;4*A
kriitikko;;substantiivi;4*A
kroonikko;;substantiivi;4*A
kuorikko;;substantiivi;4*A
kuusikko;1;substantiivi;4*A
kuusikko;2;substantiivi;4*A
kyberneetikko;;substantiivi;4*A
kylmäkkö;;substantiivi;4*A
kymmenikkö;;substantiivi;4*A
kynttelikkö;;substantiivi;4*A
kyynikko;;substantiivi;4*A
laatikko;;substantiivi;4*A
lammikko;;substantiivi;4*A
lapakko;;substantiivi;4*A
lasikko;;substantiivi;4*A
leimikko;;substantiivi;4*A
leksikko;;substantiivi;4*A
lepakko;;substantiivi;4*A
lepikko;;substantiivi;4*A
lepikkö;;substantiivi;4*A
leväkkö;;substantiivi;4*A
liehakko;;substantiivi;4*A
liejukko;;substantiivi;4*A
lierikko;;substantiivi;4*A
liivakko;;substantiivi;4*A
limakko;;substantiivi;4*A
logistikko;;substantiivi;4*A
lokerikko;;substantiivi;4*A
lompakko;;substantiivi;4*A
loogikko;;substantiivi;4*A
louhikko;;substantiivi;4*A
lumikko;;substantiivi;4*A
lumpeikko;;substantiivi;4*A
luodikko;;substantiivi;4*A
lyyrikko;;substantiivi;4*A
lätäkkö;;substantiivi;4*A
lävikkö;;substantiivi;4*A
maagikko;;substantiivi;4*A
maallikko;;substantiivi;4*A
maanikko;;substantiivi;4*A
makrobiootikko;;substantiivi;4*A
maljakko;;substantiivi;4*A
matalikko;;substantiivi;4*A
matemaatikko;;substantiivi;4*A
mausteikko;;substantiivi;4*A
mekaanikko;;substantiivi;4*A
melankolikko;;substantiivi;4*A
metsikkö;;substantiivi;4*A
miimikko;;substantiivi;4*A
monikko;;substantiivi;4*A
murrokko;;substantiivi;4*A
muusikko;;substantiivi;4*A
mystikko;;substantiivi;4*A
männikkö;;substantiivi;4*A
mättäikkö;;substantiivi;4*A
narkoleptikko;;substantiivi;4*A
naulakko;;substantiivi;4*A
nelikko;;substantiivi;4*A
nelikkö;;substantiivi;4*A
neurasteenikko;;substantiivi;4*A
neurootikko;;substantiivi;4*A
nimikko;;substantiivi;4*A
numismaatikko;;substantiivi;4*A
nuorikko;;substantiivi;4*A
nurmikko;;substantiivi;4*A
näreikkö;;substantiivi;4*A
odelmikko;;substantiivi;4*A
ojikko;;substantiivi;4*A
optikko;;substantiivi;4*A
ortorektikko;;substantiivi;4*A
otsikko;;substantiivi;4*A
pajukko;;substantiivi;4*A
palmikko;;substantiivi;4*A
palpakko;;substantiivi;4*A
paperikko;;substantiivi;4*A
parlamentaarikko;;substantiivi;4*A
paunikko;;substantiivi;4*A
pehmeikkö;;substantiivi;4*A
pensaikko;;substantiivi;4*A
poliitikko;;substantiivi;4*A
portaikko;;substantiivi;4*A
psoriaatikko;;substantiivi;4*A
puistikko;;substantiivi;4*A
punakko;;substantiivi;4*A
pusikko;;substantiivi;4*A
puskikko;;substantiivi;4*A
pussikko;;substantiivi;4*A
pyhäkkö;;substantiivi;4*A
pyknikko;;substantiivi;4*A
pylväikkö;;substantiivi;4*A
päällikkö;;substantiivi;4*A
pöheikkö;;substantiivi;4*A
pöpelikkö;;substantiivi;4*A
rannikko;;substantiivi;4*A
rapakko;;substantiivi;4*A
ratsukko;;substantiivi;4*A
raudikko;;substantiivi;4*A
reumaatikko;;substantiivi;4*A
ristikko;;substantiivi;4*A
risukko;;substantiivi;4*A
rullakko;;substantiivi;4*A
ruohikko;;substantiivi;4*A
ruoikko;;substantiivi;4*A
ruovikko;;substantiivi;4*A
rusakko;;substantiivi;4*A
ruskeaverikkö;;substantiivi;4*A
ruudukko;;substantiivi;4*A
rynnäkkö;;substantiivi;4*A
ryteikkö;;substantiivi;4*A
rämeikkö;;substantiivi;4*A
rääseikkö;;substantiivi;4*A
sammakko;;substantiivi;4*A
sammalikko;;substantiivi;4*A
satiirikko;;substantiivi;4*A
savakko;;substantiivi;4*A
savikko;;substantiivi;4*A
seitikko;;substantiivi;4*A
seitsikko;;substantiivi;4*A
sepelikkö;;substantiivi;4*A
sielikkö;;substantiivi;4*A
sihteerikkö;;substantiivi;4*A
silmikko;;substantiivi;4*A
sinfonikko;;substantiivi;4*A
sisäkkö;;substantiivi;4*A
skeptikko;;substantiivi;4*A
skitsofreenikko;;substantiivi;4*A
skolastikko;;substantiivi;4*A
sokerikko;;substantiivi;4*A
solukko;;substantiivi;4*A
somerikko;;substantiivi;4*A
soraikko;;substantiivi;4*A
spastikko;;substantiivi;4*A
suolakko;;substantiivi;4*A
systemaatikko;;substantiivi;4*A
säleikkö;;substantiivi;4*A
tadikko;;substantiivi;4*A
taimikko;;substantiivi;4*A
taktikko;;substantiivi;4*A
talikko;;substantiivi;4*A
taulukko;;substantiivi;4*A
teknikko;;substantiivi;4*A
teoreetikko;;substantiivi;4*A
tervakko;;substantiivi;4*A
tiheikkö;;substantiivi;4*A
torrakko;;substantiivi;4*A
tosikko;;substantiivi;4*A
traagikko;;substantiivi;4*A
tummaverikkö;;substantiivi;4*A
ullakko;;substantiivi;4*A
unikko;;substantiivi;4*A
vaaleaverikkö;;substantiivi;4*A
vadelmikko;;substantiivi;4*A
valikko;;substantiivi;4*A
valjakko;;substantiivi;4*A
varikko;;substantiivi;4*A
varvikko;;substantiivi;4*A
varvukko;;substantiivi;4*A
vatukko;;substantiivi;4*A
venakko;;substantiivi;4*A
vesaikko;;substantiivi;4*A
vesakko;;substantiivi;4*A
vesikko;;substantiivi;4*A
viidakko;;substantiivi;4*A
viirikkö;;substantiivi;4*A
viisikko;;substantiivi;4*A
villakko;;substantiivi;4*A
villikko;;substantiivi;4*A
vilukko;;substantiivi;4*A
välikkö;;substantiivi;4*A
yhdeksikkö;;substantiivi;4*A
yksikkö;;substantiivi;4*A
yksitoistikko;;substantiivi;4*A
ylläkkö;;substantiivi;4*A
älykkö;;substantiivi;4*A
äpärikkö;;substantiivi;4*A
ruunikko;;substantiivi, adjektiivi;4*A
siivous;;substantiivi;40, 39
koiras;;substantiivi;41, (39)
olas;;substantiivi;41, (39)
tuomas;;substantiivi;41, 39
aallokas;;adjektiivi;41*A
aistikas;;adjektiivi;41*A
ajatuksekas;;adjektiivi;41*A
aloitteikas;;adjektiivi;41*A
ansiokas;;adjektiivi;41*A
aromikas;;adjektiivi;41*A
arvokas;;adjektiivi;41*A
charmikas;;adjektiivi;41*A
edukas;;adjektiivi;41*A
elämyksekäs;;adjektiivi;41*A
halukas;;adjektiivi;41*A
hapekas;;adjektiivi;41*A
hapokas;;adjektiivi;41*A
harteikas;;adjektiivi;41*A
hartiakas;;adjektiivi;41*A
himokas;;adjektiivi;41*A
hinnakas;;adjektiivi;41*A
hohdokas;;adjektiivi;41*A
huolekas;;adjektiivi;41*A
hyödykäs;;adjektiivi;41*A
ilmeikäs;;adjektiivi;41*A
innokas;;adjektiivi;41*A
irvokas;;adjektiivi;41*A
itsekäs;;adjektiivi;41*A
iäkäs;;adjektiivi;41*A
juonikas;;adjektiivi;41*A
juonteikas;;adjektiivi;41*A
juovikas;;adjektiivi;41*A
jänteikäs;;adjektiivi;41*A
kalvakas;;adjektiivi;41*A
kantikas;;adjektiivi;41*A
kartiokas;;adjektiivi;41*A
kelvokas;;adjektiivi;41*A
kodikas;;adjektiivi;41*A
kohtalokas;;adjektiivi;41*A
kompleksikas;;adjektiivi;41*A
konstikas;;adjektiivi;41*A
kookas;;adjektiivi;41*A
kuivakas;;adjektiivi;41*A
kukikas;;adjektiivi;41*A
kulmikas;;adjektiivi;41*A
kunniakas;;adjektiivi;41*A
kunnokas;;adjektiivi;41*A
kuosikas;;adjektiivi;41*A
kurvikas;;adjektiivi;41*A
kuulakas;;adjektiivi;41*A
kyvykäs;;adjektiivi;41*A
kärjekäs;;adjektiivi;41*A
kärkäs;;adjektiivi;41*A
laadukas;;adjektiivi;41*A
lahjakas;;adjektiivi;41*A
laikukas;;adjektiivi;41*A
laineikas;;adjektiivi;41*A
lajikas;;adjektiivi;41*A
lanteikas;;adjektiivi;41*A
lapsekas;;adjektiivi;41*A
lemmekäs;;adjektiivi;41*A
lennokas;;adjektiivi;41*A
liehakas;;adjektiivi;41*A
lihakas;;adjektiivi;41*A
lihaksekas;;adjektiivi;41*A
lihaksikas;;adjektiivi;41*A
linjakas;;adjektiivi;41*A
liukas;;adjektiivi;41*A
loistokas;;adjektiivi;41*A
luonnikas;;adjektiivi;41*A
luonteikas;;adjektiivi;41*A
lupsakas;;adjektiivi;41*A
lystikäs;;adjektiivi;41*A
läikikäs;;adjektiivi;41*A
läiskikäs;;adjektiivi;41*A
mahakas;;adjektiivi;41*A
mahdikas;;adjektiivi;41*A
mainehikas;;adjektiivi;41*A
maineikas;;adjektiivi;41*A
mallikas;;adjektiivi;41*A
malmikas;;adjektiivi;41*A
maukas;;adjektiivi;41*A
mehukas;;adjektiivi;41*A
menestyksekäs;;adjektiivi;41*A
merkityksekäs;;adjektiivi;41*A
miehekäs;;adjektiivi;41*A
mielekäs;;adjektiivi;41*A
mielikuvituksekas;;adjektiivi;41*A
muodikas;;adjektiivi;41*A
muodokas;;adjektiivi;41*A
mutkikas;;adjektiivi;41*A
nautinnokas;;adjektiivi;41*A
nenäkäs;;adjektiivi;41*A
nerokas;;adjektiivi;41*A
neuvokas;;adjektiivi;41*A
niljakas;;adjektiivi;41*A
nimekäs;;adjektiivi;41*A
nivelikäs;;adjektiivi;41*A
nuorekas;;adjektiivi;41*A
oikukas;;adjektiivi;41*A
oksakas;;adjektiivi;41*A
onnekas;;adjektiivi;41*A
paatoksekas;;adjektiivi;41*A
painokas;;adjektiivi;41*A
parrakas;;adjektiivi;41*A
pelokas;;adjektiivi;41*A
perinteikäs;;adjektiivi;41*A
piikikäs;;adjektiivi;41*A
pilkukas;;adjektiivi;41*A
poimukas;;adjektiivi;41*A
ponnekas;;adjektiivi;41*A
povekas;;adjektiivi;41*A
puuhakas;;adjektiivi;41*A
pykälikäs;;adjektiivi;41*A
pyrstökäs;;adjektiivi;41*A
raamikas;;adjektiivi;41*A
rahakas;;adjektiivi;41*A
raidakas;;adjektiivi;41*A
raikas;;adjektiivi;41*A
railakas;;adjektiivi;41*A
raivokas;;adjektiivi;41*A
ravinteikas;;adjektiivi;41*A
rehvakas;;adjektiivi;41*A
rei’ikäs;;adjektiivi;41*A
reiäkäs;;adjektiivi;41*A
riehakas;;adjektiivi;41*A
riemukas;;adjektiivi;41*A
ruudikas;;adjektiivi;41*A
ruudukas;;adjektiivi;41*A
ryhdikäs;;adjektiivi;41*A
rytmikäs;;adjektiivi;41*A
räyhäkäs;;adjektiivi;41*A
saarekas;;adjektiivi;41*A
sapekas;;adjektiivi;41*A
sarvekas;;adjektiivi;41*A
seikkailukas;;adjektiivi;41*A
seksikäs;;adjektiivi;41*A
sielukas;;adjektiivi;41*A
sinnikäs;;adjektiivi;41*A
sisukas;;adjektiivi;41*A
sisällyksekäs;;adjektiivi;41*A
sisällökäs;;adjektiivi;41*A
siunauksekas;;adjektiivi;41*A
soinnikas;;adjektiivi;41*A
soinnukas;;adjektiivi;41*A
sulokas;;adjektiivi;41*A
suonekas;;adjektiivi;41*A
suonikas;;adjektiivi;41*A
särmikäs;;adjektiivi;41*A
sävykäs;;adjektiivi;41*A
tahdikas;;adjektiivi;41*A
taidokas;;adjektiivi;41*A
taiteikas;;adjektiivi;41*A
tapauksekas;;adjektiivi;41*A
tarmokas;;adjektiivi;41*A
tasokas;;adjektiivi;41*A
tehokas;;adjektiivi;41*A
temperamentikas;;adjektiivi;41*A
terhakas;;adjektiivi;41*A
toimekas;;adjektiivi;41*A
toiveikas;;adjektiivi;41*A
touhukas;;adjektiivi;41*A
trendikäs;;adjektiivi;41*A
tuloksekas;;adjektiivi;41*A
tunnokas;;adjektiivi;41*A
tunteikas;;adjektiivi;41*A
typekäs;;adjektiivi;41*A
tyvekäs;;adjektiivi;41*A
tyylikäs;;adjektiivi;41*A
tähdekäs;;adjektiivi;41*A
tähdikäs;;adjektiivi;41*A
täplikäs;;adjektiivi;41*A
uhmakas;;adjektiivi;41*A
ulotteikas;;adjektiivi;41*A
vaiheikas;;adjektiivi;41*A
vatsakas;;adjektiivi;41*A
vauhdikas;;adjektiivi;41*A
vedekäs;;adjektiivi;41*A
verekäs;;adjektiivi;41*A
viekas;;adjektiivi;41*A
viiksekäs;;adjektiivi;41*A
viiksikäs;;adjektiivi;41*A
viirukas;;adjektiivi;41*A
vilkas;;adjektiivi;41*A
vitamiinikas;;adjektiivi;41*A
vitsikäs;;adjektiivi;41*A
vivahduksekas;;adjektiivi;41*A
vivahteikas;;adjektiivi;41*A
voimakas;;adjektiivi;41*A
voitokas;;adjektiivi;41*A
väekäs;;adjektiivi;41*A
värikäs;;adjektiivi;41*A
yllätyksekäs;;adjektiivi;41*A
ytimekäs;;adjektiivi;41*A
älykäs;;adjektiivi;41*A
ärhäkäs;;adjektiivi;41*A
äänekäs;;adjektiivi;41*A
haarakas;;adjektiivi, substantiivi;41*A
humalikas;;adjektiivi, substantiivi;41*A
kirkas;;adjektiivi, substantiivi;41*A
rakas;;adjektiivi, substantiivi;41*A
rikas;;adjektiivi, substantiivi;41*A
siivekäs;;adjektiivi, substantiivi;41*A
varakas;;adjektiivi, substantiivi;41*A
varrekas;;adjektiivi, substantiivi;41*A
ajokas;1;substantiivi;41*A
ajokas;2;substantiivi;41*A
alokas;;substantiivi;41*A
asiakas;;substantiivi;41*A
asukas;;substantiivi;41*A
avokas;;substantiivi;41*A
ehdokas;;substantiivi;41*A
epäkäs;;substantiivi;41*A
eväkäs;;substantiivi;41*A
hansikas;;substantiivi;41*A
haudikas;;substantiivi;41*A
hollannikas;;substantiivi;41*A
huopikas;;substantiivi;41*A
huovikas;;substantiivi;41*A
hyväkäs;;substantiivi;41*A
ihokas;;substantiivi;41*A
istukas;;substantiivi;41*A
juotikas;;substantiivi;41*A
juurekas;;substantiivi;41*A
juurikas;;substantiivi;41*A
kastikas;;substantiivi;41*A
kellokas;;substantiivi;41*A
kohokas;;substantiivi;41*A
kynsikäs;;substantiivi;41*A
kämmekäs;;substantiivi;41*A
kärsäkäs;;substantiivi;41*A
kääväkäs;;substantiivi;41*A
könsikäs;;substantiivi;41*A
lahokas;;substantiivi;41*A
lapikas;;substantiivi;41*A
lipokas;;substantiivi;41*A
maahikas;;substantiivi;41*A
maljakas;;substantiivi;41*A
munakas;;substantiivi;41*A
nahikas;;substantiivi;41*A
naudikas;;substantiivi;41*A
neljäkäs;;substantiivi;41*A
nisäkäs;;substantiivi;41*A
nousukas;;substantiivi;41*A
nuijakas;;substantiivi;41*A
nutukas;;substantiivi;41*A
ohukas;;substantiivi;41*A
orakas;;substantiivi;41*A
osakas;;substantiivi;41*A
paistikas;;substantiivi;41*A
pallokas;;substantiivi;41*A
peijakas;;substantiivi;41*A
piilokas;;substantiivi;41*A
pistokas;;substantiivi;41*A
pudokas;;substantiivi;41*A
puolikas;;substantiivi;41*A
pussikas;;substantiivi;41*A
risakas;;substantiivi;41*A
rusokas;;substantiivi;41*A
saapikas;;substantiivi;41*A
sannikas;;substantiivi;41*A
sarvikuonokas;;substantiivi;41*A
siilikäs;;substantiivi;41*A
sirvikäs;;substantiivi;41*A
sormikas;;substantiivi;41*A
suunnikas;;substantiivi;41*A
tahokas;;substantiivi;41*A
taivukas;;substantiivi;41*A
tallukas;;substantiivi;41*A
tarjokas;;substantiivi;41*A
teräkäs;;substantiivi;41*A
tikkaat;;substantiivi;41*A
toimikas;;substantiivi;41*A
tulokas;;substantiivi;41*A
upokas;;substantiivi;41*A
vahakas;;substantiivi;41*A
vaihdokas;;substantiivi;41*A
valkovillakas;;substantiivi;41*A
vanukas;;substantiivi;41*A
villakas;;substantiivi;41*A
vinokas;;substantiivi;41*A
vuohikas;;substantiivi;41*A
reipas;;adjektiivi;41*B
valpas;;adjektiivi;41*B
vilpas;;adjektiivi;41*B
lipas;;substantiivi;41*B
opas;;substantiivi;41*B
rypäs;;substantiivi;41*B
saapas;;substantiivi;41*B
tupas;;substantiivi;41*B
typäs;;substantiivi;41*B
altis;;adjektiivi;41*C
raitis;;adjektiivi;41*C
rietas;;adjektiivi;41*C
juutas;;substantiivi;41*C
mätäs;;substantiivi;41*C
ratas;;substantiivi;41*C
rattaat;;substantiivi;41*C
vantus;;substantiivi;41*C
ies;;substantiivi;41*D
kiuas;;substantiivi;41*D
oas;;substantiivi;41*D
ruis;;substantiivi;41*D
varas;;substantiivi;41*D
äes;;substantiivi;41*D
ryväs;;substantiivi;41*E
seiväs;;substantiivi;41*E
varvas;;substantiivi;41*E
havas;;substantiivi;41*E, 39
ahdas;;adjektiivi;41*F
hidas;;adjektiivi;41*F
puhdas;;adjektiivi, substantiivi;41*F
keidas;;substantiivi;41*F
pudas;;substantiivi;41*F
tahdas;;substantiivi;41*F
tehdas;;substantiivi;41*F
asbestikangas;;substantiivi;41*G
brodyyrikangas;;substantiivi;41*G
farkkukangas;;substantiivi;41*G
farmarikangas;;substantiivi;41*G
froteekangas;;substantiivi;41*G
hamekangas;;substantiivi;41*G
harsokangas;;substantiivi;41*G
hiomakangas;;substantiivi;41*G
housukangas;;substantiivi;41*G
huonekalukangas;;substantiivi;41*G
huopakangas;;substantiivi;41*G
jakardikangas;;substantiivi;41*G
jouhikangas;;substantiivi;41*G
joustokangas;;substantiivi;41*G
julistekangas;;substantiivi;41*G
juuttikangas;;substantiivi;41*G
jäkäläkangas;;substantiivi;41*G
kalanruotokangas;;substantiivi;41*G
kampalankakangas;;substantiivi;41*G
kanavakangas;;substantiivi;41*G
kangas;1;substantiivi;41*G
kangas;2;substantiivi;41*G
karstalankakangas;;substantiivi;41*G
karukkokangas;;substantiivi;41*G
kesäkangas;;substantiivi;41*G
kovikekangas;;substantiivi;41*G
kreppikangas;;substantiivi;41*G
kuitukangas;;substantiivi;41*G
kumikangas;;substantiivi;41*G
kuningas;;substantiivi;41*G
kuponkikangas;;substantiivi;41*G
kuviokangas;;substantiivi;41*G
köngäs;;substantiivi;41*G
laajakangas;;substantiivi;41*G
lakanakangas;;substantiivi;41*G
leninkikangas;;substantiivi;41*G
liimakangas;;substantiivi;41*G
lintuniisikangas;;substantiivi;41*G
maarakennuskangas;;substantiivi;41*G
markiisikangas;;substantiivi;41*G
metallikangas;;substantiivi;41*G
mikrokuitukangas;;substantiivi;41*G
mokkakangas;;substantiivi;41*G
mäntykangas;;substantiivi;41*G
nailonkangas;;substantiivi;41*G
neulekangas;;substantiivi;41*G
nukkakangas;;substantiivi;41*G
ommelkangas;;substantiivi;41*G
ontelokangas;;substantiivi;41*G
painokangas;;substantiivi;41*G
pellavakangas;;substantiivi;41*G
plyysikangas;;substantiivi;41*G
pukukangas;;substantiivi;41*G
pumpulikangas;;substantiivi;41*G
purjekangas;;substantiivi;41*G
puuvillakangas;;substantiivi;41*G
pyyhekangas;;substantiivi;41*G
pyyheliinakangas;;substantiivi;41*G
päälliskangas;;substantiivi;41*G
rengas;;substantiivi;41*G
rohdinkangas;;substantiivi;41*G
sekoitekangas;;substantiivi;41*G
siiviläkangas;;substantiivi;41*G
silkkikangas;;substantiivi;41*G
sisustuskangas;;substantiivi;41*G
smirgelikangas;;substantiivi;41*G
suodatinkangas;;substantiivi;41*G
säkkikangas;;substantiivi;41*G
taustakangas;;substantiivi;41*G
teddykangas;;substantiivi;41*G
telttakangas;;substantiivi;41*G
tikkikangas;;substantiivi;41*G
toppakangas;;substantiivi;41*G
tukikangas;;substantiivi;41*G
turvekangas;;substantiivi;41*G
tuulikangas;;substantiivi;41*G
tweedkangas;;substantiivi;41*G
untuvakangas;;substantiivi;41*G
vahakangas;;substantiivi;41*G
valkokangas;;substantiivi;41*G
verhoilukangas;;substantiivi;41*G
verhokangas;;substantiivi;41*G
verkkokangas;;substantiivi;41*G
villakangas;;substantiivi;41*G
villasekoitekangas;;substantiivi;41*G
vohvelikangas;;substantiivi;41*G
vuorikangas;;substantiivi;41*G
öljykangas;;substantiivi;41*G
hammas;;substantiivi;41*H
lammas;;substantiivi;41*H
allas;;substantiivi;41*I
mallas;;substantiivi;41*I
maltaat;;substantiivi;41*I
kallas;;substantiivi;41*I, 39
kinnas;;substantiivi;41*J
rynnäs;;substantiivi;41*J
vannas;;substantiivi;41*J
harras;;adjektiivi;41*K
marras;;substantiivi;41*K
parras;;substantiivi;41*K
porras;;substantiivi;41*K
varras;;substantiivi;41*K
immyt;;substantiivi;43*H
ettone;;substantiivi;48, (8)
ori;;substantiivi;48, 5
häive;;substantiivi;48*(E)
viive;;substantiivi;48*(E)
ajankuluke;;substantiivi;48*A
aloke;;substantiivi;48*A
aluke;;substantiivi;48*A
elvyke;;substantiivi;48*A
eläke;;substantiivi;48*A
haarake;;substantiivi;48*A
hake;;substantiivi;48*A
hanke;;substantiivi;48*A
hapoke;;substantiivi;48*A
harjake;;substantiivi;48*A
hauduke;;substantiivi;48*A
helke;;substantiivi;48*A
hilloke;;substantiivi;48*A
hioke;;substantiivi;48*A
huoneke;;substantiivi;48*A
hyvike;;substantiivi;48*A
hyydyke;;substantiivi;48*A
hyödyke;;substantiivi;48*A
härpäke;;substantiivi;48*A
imuke;;substantiivi;48*A
jalake;;substantiivi;48*A
jaoke;;substantiivi;48*A
jasmike;;substantiivi;48*A
jäädyke;;substantiivi;48*A
jäähdyke;;substantiivi;48*A
kaareke;;substantiivi;48*A
kaarroke;;substantiivi;48*A
kaavake;;substantiivi;48*A
kahvinselvike;;substantiivi;48*A
kalke;;substantiivi;48*A
kannake;;substantiivi;48*A
kannike;;substantiivi;48*A
karike;;substantiivi;48*A
kastike;;substantiivi;48*A
kelluke;;substantiivi;48*A
kerake;;substantiivi;48*A
kieleke;;substantiivi;48*A
kiihoke;;substantiivi;48*A
kiilloke;;substantiivi;48*A
kiinnike;;substantiivi;48*A
kilke;;substantiivi;48*A
kimmoke;;substantiivi;48*A
kirjake;;substantiivi;48*A
kolke;;substantiivi;48*A
koroke;;substantiivi;48*A
korvake;;substantiivi;48*A
korvike;;substantiivi;48*A
kostuke;;substantiivi;48*A
kovike;;substantiivi;48*A
kuivike;;substantiivi;48*A
kuopake;;substantiivi;48*A
kuorike;;substantiivi;48*A
kuuloke;;substantiivi;48*A
kuvake;;substantiivi;48*A
lahdeke;;substantiivi;48*A
lajike;;substantiivi;48*A
lauseke;;substantiivi;48*A
leike;;substantiivi;48*A
levike;;substantiivi;48*A
levyke;;substantiivi;48*A
liehuke;;substantiivi;48*A
lievike;;substantiivi;48*A
liike;;substantiivi;48*A
linnake;;substantiivi;48*A
lipuke;;substantiivi;48*A
listake;;substantiivi;48*A
lisuke;;substantiivi;48*A
lisäke;;substantiivi;48*A
lohduke;;substantiivi;48*A
lomake;;substantiivi;48*A
lopuke;;substantiivi;48*A
lujike;;substantiivi;48*A
lyijyke;;substantiivi;48*A
läike;;substantiivi;48*A
lämmike;;substantiivi;48*A
lääke;;substantiivi;48*A
maidoke;;substantiivi;48*A
moike;;substantiivi;48*A
mureke;;substantiivi;48*A
mäike;;substantiivi;48*A
niemeke;;substantiivi;48*A
nimeke;;substantiivi;48*A
nimike;;substantiivi;48*A
ohdake;;substantiivi;48*A
ojuke;;substantiivi;48*A
olake;;substantiivi;48*A
osake;;substantiivi;48*A
otsake;;substantiivi;48*A
painike;;substantiivi;48*A
paistike;;substantiivi;48*A
partavaahdoke;;substantiivi;48*A
parveke;;substantiivi;48*A
pauke;;substantiivi;48*A
pehmike;;substantiivi;48*A
peruke;;substantiivi;48*A
pesäke;;substantiivi;48*A
pidike;;substantiivi;48*A
pidäke;;substantiivi;48*A
pilke;1;substantiivi;48*A
pilke;2;substantiivi;48*A
pillike;;substantiivi;48*A
pistoke;;substantiivi;48*A
polveke;;substantiivi;48*A
pujoke;;substantiivi;48*A
rahake;;substantiivi;48*A
ranneke;;substantiivi;48*A
reuhake;;substantiivi;48*A
reunake;;substantiivi;48*A
rike;;substantiivi;48*A
rohjake;;substantiivi;48*A
rutjake;;substantiivi;48*A
ruusuke;;substantiivi;48*A
räike;;substantiivi;48*A
saareke;;substantiivi;48*A
saastuke;;substantiivi;48*A
salmeke;;substantiivi;48*A
sammuke;;substantiivi;48*A
sarake;;substantiivi;48*A
sarveke;;substantiivi;48*A
savuke;;substantiivi;48*A
seinäke;;substantiivi;48*A
seisake;;substantiivi;48*A
seläke;;substantiivi;48*A
siiveke;;substantiivi;48*A
silmäke;;substantiivi;48*A
solmuke;;substantiivi;48*A
suitsuke;;substantiivi;48*A
sulake;;substantiivi;48*A
suulake;;substantiivi;48*A
syke;;substantiivi;48*A
sytyke;;substantiivi;48*A
säilyke;;substantiivi;48*A
tarke;;substantiivi;48*A
tarvike;;substantiivi;48*A
tilke;;substantiivi;48*A
torke;;substantiivi;48*A
tuike;;substantiivi;48*A
tuke;;substantiivi;48*A
tulke;;substantiivi;48*A
tumake;;substantiivi;48*A
tuoksusimake;;substantiivi;48*A
turhake;;substantiivi;48*A
turjake;;substantiivi;48*A
tyydyke;;substantiivi;48*A
tädyke;;substantiivi;48*A
uloke;;substantiivi;48*A
vahvike;;substantiivi;48*A
vaimoke;;substantiivi;48*A
vannike;;substantiivi;48*A
varoke;;substantiivi;48*A
vastake;;substantiivi;48*A
vastike;;substantiivi;48*A
vedike;;substantiivi;48*A
venyke;;substantiivi;48*A
veruke;;substantiivi;48*A
viihdyke;;substantiivi;48*A
viileke;;substantiivi;48*A
vilke;;substantiivi;48*A
virike;;substantiivi;48*A
virke;;substantiivi;48*A
virvoke;;substantiivi;48*A
vouhake;;substantiivi;48*A
vyöhyke;;substantiivi;48*A
välike;;substantiivi;48*A
välke;;substantiivi;48*A
yllyke;;substantiivi;48*A
ärsyke;;substantiivi;48*A
siitake;;substantiivi;48*A, 8
ape;;substantiivi;48*B
kampe;;substantiivi;48*B
kamppeet;;substantiivi;48*B
lape;;substantiivi;48*B
raape;;substantiivi;48*B
ripe;;substantiivi;48*B
roipe;;substantiivi;48*B
rompe;;substantiivi;48*B
aate;;substantiivi;48*C
ajanviete;;substantiivi;48*C
aloite;;substantiivi;48*C
asete;;substantiivi;48*C
elinajanodote;;substantiivi;48*C
eliniänodote;;substantiivi;48*C
erite;;substantiivi;48*C
esite;;substantiivi;48*C
haite;;substantiivi;48*C
hapate;;substantiivi;48*C
hapete;;substantiivi;48*C
harjoite;;substantiivi;48*C
haudute;;substantiivi;48*C
heite;;substantiivi;48*C
heräte;;substantiivi;48*C
hete;;substantiivi;48*C
houkute;;substantiivi;48*C
hyvite;;substantiivi;48*C
hyydyte;;substantiivi;48*C
hävite;;substantiivi;48*C
innoite;;substantiivi;48*C
istute;;substantiivi;48*C
johdate;;substantiivi;48*C
juoksete;;substantiivi;48*C
juoksute;;substantiivi;48*C
juote;;substantiivi;48*C
jännite;;substantiivi;48*C
jäte;;substantiivi;48*C
jäähdyte;;substantiivi;48*C
kaasute;;substantiivi;48*C
kannate;;substantiivi;48*C
karkote;;substantiivi;48*C
kate;;substantiivi;48*C
kehite;;substantiivi;48*C
kellute;;substantiivi;48*C
keskeyte;;substantiivi;48*C
kiihote;;substantiivi;48*C
kiillote;;substantiivi;48*C
kiinnite;;substantiivi;48*C
kirjoite;;substantiivi;48*C
koite;;substantiivi;48*C
korte;;substantiivi;48*C
kostute;;substantiivi;48*C
kovete;;substantiivi;48*C
kovite;;substantiivi;48*C
kuivate;;substantiivi;48*C
kuorrute;;substantiivi;48*C
kynte;;substantiivi;48*C
käsite;;substantiivi;48*C
käyte;;substantiivi;48*C
köyte;;substantiivi;48*C
laite;;substantiivi;48*C
lajite;;substantiivi;48*C
lannoite;;substantiivi;48*C
lasite;;substantiivi;48*C
leivite;;substantiivi;48*C
levite;;substantiivi;48*C
levyte;;substantiivi;48*C
liete;;substantiivi;48*C
liimoite;;substantiivi;48*C
liite;;substantiivi;48*C
liivate;;substantiivi;48*C
linnoite;;substantiivi;48*C
liuote;;substantiivi;48*C
lujite;;substantiivi;48*C
lähete;;substantiivi;48*C
lääte;;substantiivi;48*C
makeute;;substantiivi;48*C
miete;;substantiivi;48*C
miinoite;;substantiivi;48*C
moite;;substantiivi;48*C
mädäte;;substantiivi;48*C
määrite;;substantiivi;48*C
nauhoite;;substantiivi;48*C
nukute;;substantiivi;48*C
näyte;;substantiivi;48*C
odote;;substantiivi;48*C
oksete;;substantiivi;48*C
osoite;;substantiivi;48*C
ote;;substantiivi;48*C
painate;;substantiivi;48*C
pakote;;substantiivi;48*C
palaute;;substantiivi;48*C
palte;;substantiivi;48*C
pehmite;;substantiivi;48*C
peite;;substantiivi;48*C
pelote;;substantiivi;48*C
pinnoite;;substantiivi;48*C
polte;;substantiivi;48*C
postite;;substantiivi;48*C
puite;;substantiivi;48*C
pullote;;substantiivi;48*C
puudute;;substantiivi;48*C
puute;;substantiivi;48*C
pääte;;substantiivi;48*C
pölyte;;substantiivi;48*C
raate;;substantiivi;48*C
rajoite;;substantiivi;48*C
rasite;;substantiivi;48*C
raudoite;;substantiivi;48*C
rauhoite;;substantiivi;48*C
rei’ite;;substantiivi;48*C
rentoute;;substantiivi;48*C
riite;;substantiivi;48*C
ripote;;substantiivi;48*C
rokote;;substantiivi;48*C
ruiskute;;substantiivi;48*C
saastute;;substantiivi;48*C
saate;;substantiivi;48*C
sakeute;;substantiivi;48*C
sammute;;substantiivi;48*C
sekoite;;substantiivi;48*C
selite;;substantiivi;48*C
sepite;;substantiivi;48*C
silote;;substantiivi;48*C
sirote;;substantiivi;48*C
sovite;;substantiivi;48*C
suihkute;;substantiivi;48*C
suitsute;;substantiivi;48*C
sulate;;substantiivi;48*C
sulute;;substantiivi;48*C
sumute;;substantiivi;48*C
suorite;;substantiivi;48*C
suunnite;;substantiivi;48*C
suute;;substantiivi;48*C
syyte;;substantiivi;48*C
syöte;;substantiivi;48*C
syövyte;;substantiivi;48*C
säilyte;;substantiivi;48*C
säilöte;;substantiivi;48*C
sävyte;;substantiivi;48*C
taite;;substantiivi;48*C
tallete;;substantiivi;48*C
tarkoite;;substantiivi;48*C
tasoite;;substantiivi;48*C
tavoite;;substantiivi;48*C
tehote;;substantiivi;48*C
tiedote;;substantiivi;48*C
toimite;;substantiivi;48*C
tosite;;substantiivi;48*C
tulite;;substantiivi;48*C
tuote;;substantiivi;48*C
täyte;;substantiivi;48*C
upote;;substantiivi;48*C
uute;;substantiivi;48*C
vaahdote;;substantiivi;48*C
vaate;;substantiivi;48*C
vaikute;;substantiivi;48*C
varte;;substantiivi;48*C
velvoite;;substantiivi;48*C
viihdyte;;substantiivi;48*C
viikate;;substantiivi;48*C
viite;;substantiivi;48*C
vyöte;;substantiivi;48*C
väite;;substantiivi;48*C
väkevöite;;substantiivi;48*C
ylite;;substantiivi;48*C
äänite;;substantiivi;48*C
aie;;substantiivi;48*D
hiue;;substantiivi;48*D
jae;;substantiivi;48*D
karkeistae;;substantiivi;48*D
koe;;substantiivi;48*D
pyyhe;;substantiivi;48*D
rae;;substantiivi;48*D
säe;;substantiivi;48*D
säie;;substantiivi;48*D
tae;1;substantiivi;48*D
tae;2;substantiivi;48*D
helve;;substantiivi;48*E
karve;;substantiivi;48*E
kuve;;substantiivi;48*E
lieve;;substantiivi;48*E
live;1;substantiivi;48*E
rove;;substantiivi;48*E
taive;;substantiivi;48*E
tarve;;substantiivi;48*E
turve;;substantiivi;48*E
kade;;adjektiivi;48*F
ahde;;substantiivi;48*F
haude;;substantiivi;48*F
hede;;substantiivi;48*F
hohde;;substantiivi;48*F
hoide;;substantiivi;48*F
huuhde;;substantiivi;48*F
hyyde;;substantiivi;48*F
höyde;;substantiivi;48*F
johde;;substantiivi;48*F
kaade;;substantiivi;48*F
kaide;;substantiivi;48*F
kide;;substantiivi;48*F
kohde;;substantiivi;48*F
kude;;substantiivi;48*F
laude;;substantiivi;48*F
lauhde;;substantiivi;48*F
lauteet;;substantiivi;48*F
lude;;substantiivi;48*F
luode;1;substantiivi;48*F
luode;2;substantiivi;48*F
lyhde;;substantiivi;48*F
lähde;;substantiivi;48*F
made;;substantiivi;48*F
mielipide;;substantiivi;48*F
nide;;substantiivi;48*F
nuhde;;substantiivi;48*F
paahde;;substantiivi;48*F
puhde;;substantiivi;48*F
putkiyhde;;substantiivi;48*F
pyyde;;substantiivi;48*F
päihde;;substantiivi;48*F
raide;;substantiivi;48*F
ruode;;substantiivi;48*F
räjähde;;substantiivi;48*F
sade;;substantiivi;48*F
side;;substantiivi;48*F
suhde;;substantiivi;48*F
suude;;substantiivi;48*F
säde;;substantiivi;48*F
sääde;;substantiivi;48*F
taide;;substantiivi;48*F
tiede;;substantiivi;48*F
toimenpide;;substantiivi;48*F
tähde;;substantiivi;48*F
vaade;;substantiivi;48*F
vaihde;;substantiivi;48*F
viihde;;substantiivi;48*F
vivahde;;substantiivi;48*F
voide;;substantiivi;48*F
vuode;;substantiivi;48*F
lumme;;substantiivi;48*H
helle;;substantiivi;48*I
imelle;;substantiivi;48*I
kiille;;substantiivi;48*I
kimalle;;substantiivi;48*I
kimmelle;;substantiivi;48*I
mielle;;substantiivi;48*I
palle;1;substantiivi;48*I
palle;2;substantiivi;48*I
viille;;substantiivi;48*I
vuolle;;substantiivi;48*I
aidanne;;substantiivi;48*J
alanne;;substantiivi;48*J
arominvahvenne;;substantiivi;48*J
asenne;;substantiivi;48*J
avanne;;substantiivi;48*J
enne;;substantiivi;48*J
harjanne;;substantiivi;48*J
heikenne;;substantiivi;48*J
ihanne;;substantiivi;48*J
iljanne;;substantiivi;48*J
jauhonparanne;;substantiivi;48*J
juonne;;substantiivi;48*J
jyrkänne;;substantiivi;48*J
jäljenne;;substantiivi;48*J
jänne;;substantiivi;48*J
jäänne;;substantiivi;48*J
kanne;;substantiivi;48*J
karhenne;;substantiivi;48*J
kiinne;;substantiivi;48*J
kujanne;;substantiivi;48*J
kuopanne;;substantiivi;48*J
kustanne;;substantiivi;48*J
käytänne;;substantiivi;48*J
käänne;;substantiivi;48*J
laimenne;;substantiivi;48*J
lanne;;substantiivi;48*J
liikenne;;substantiivi;48*J
luonne;;substantiivi;48*J
lyhenne;;substantiivi;48*J
ohenne;;substantiivi;48*J
ojenne;;substantiivi;48*J
paanne;;substantiivi;48*J
painanne;;substantiivi;48*J
perinne;;substantiivi;48*J
pinne;;substantiivi;48*J
polanne;;substantiivi;48*J
rakenne;;substantiivi;48*J
ranne;;substantiivi;48*J
ravinne;;substantiivi;48*J
rinne;;substantiivi;48*J
saanne;;substantiivi;48*J
selänne;;substantiivi;48*J
suhdanne;;substantiivi;48*J
syvänne;;substantiivi;48*J
tallenne;;substantiivi;48*J
tasanne;;substantiivi;48*J
tilanne;;substantiivi;48*J
toiminne;;substantiivi;48*J
tunne;;substantiivi;48*J
täydenne;;substantiivi;48*J
törmänne;;substantiivi;48*J
töyränne;;substantiivi;48*J
vaalenne;;substantiivi;48*J
vanne;;substantiivi;48*J
varmenne;;substantiivi;48*J
väänne;;substantiivi;48*J
ylänne;;substantiivi;48*J
äänne;;substantiivi;48*J
aarre;;substantiivi;48*K
hierre;;substantiivi;48*K
horre;;substantiivi;48*K
huurre;;substantiivi;48*K
imarre;;substantiivi;48*K
kaarre;;substantiivi;48*K
kaiverre;;substantiivi;48*K
kierre;;substantiivi;48*K
koverre;;substantiivi;48*K
murre;;substantiivi;48*K
piirre;;substantiivi;48*K
pyörre;;substantiivi;48*K
siirre;;substantiivi;48*K
uurre;;substantiivi;48*K
vierre;;substantiivi;48*K
elje;;substantiivi;48*L
hylje;;substantiivi;48*L
lahje;;substantiivi;48*L
palje;;substantiivi;48*L
pohje;;substantiivi;48*L
rahje;;substantiivi;48*L
rahkeet;;substantiivi;48*L
sulje;;substantiivi;48*L
telje;;substantiivi;48*L
vehje;;substantiivi;48*L
säen;;substantiivi;49*D
taival;;substantiivi;49*E
udar;;substantiivi;49*F
penger;;substantiivi;49*G
ommel;;substantiivi;49*H
vemmel;;substantiivi;49*H
kannel;;substantiivi;49*J
kinner;;substantiivi;49*J
manner;;substantiivi;49*J
piennar;;substantiivi;49*J
tanner;;substantiivi;49*J
sioux;;substantiivi;5, (22)
csárdás;;substantiivi;5, (39)
TES;;substantiivi;5, 10
syli;;substantiivi;5, 23
irtovuori;;substantiivi;5, 26
lämpövuori;;substantiivi;5, 26
silkkivuori;;substantiivi;5, 26
tikkivuori;;substantiivi;5, 26
vuori;2;substantiivi;5, 26
välivuori;;substantiivi;5, 26
avatar;;substantiivi;5, 32*C
kuskus;;substantiivi;5, 39
halpahalli;;substantiivi;5, 50
vierasmaali;;substantiivi;5, 50
villiriisi;;substantiivi;5, 50
villiviini;;substantiivi;5, 50
nuoripari;;substantiivi;5, 51
kaihi;;substantiivi;5, 7
karhi;;substantiivi;5, 7
pop;;adverbi, substantiivi;5*(B)
bergamotti;;substantiivi;5*(C)
nuti;;adjektiivi;5*(F)
huti;;substantiivi;5*(F)
kuti;1;substantiivi;5*(F)
peti;;substantiivi;5*(F)
lunki;;adjektiivi;5*(G)
mörkki;;adjektiivi;5*A
opaakki;;adjektiivi;5*A
rustiikki;;adjektiivi;5*A
ubiikki;;adjektiivi;5*A
uniikki;;adjektiivi;5*A
feikki;;adjektiivi, substantiivi;5*A
taukki;;adjektiivi, substantiivi;5*A
aerobikki;;substantiivi;5*A
ailakki;;substantiivi;5*A
ajokki;;substantiivi;5*A
ammoniakki;;substantiivi;5*A
anorakki;;substantiivi;5*A
ansaripetopunkki;;substantiivi;5*A
antiikki;;substantiivi;5*A
apteekki;;substantiivi;5*A
arkki;1;substantiivi;5*A
arkki;2;substantiivi;5*A
arkki;3;substantiivi;5*A
armanjakki;;substantiivi;5*A
arrakki;;substantiivi;5*A
arsenikki;;substantiivi;5*A
artoteekki;;substantiivi;5*A
asioimistulkki;;substantiivi;5*A
asteekki;;substantiivi;5*A
astrakaaniturkki;;substantiivi;5*A
asukki;;substantiivi;5*A
atsteekki;;substantiivi;5*A
avokki;;substantiivi;5*A
barokki;;substantiivi;5*A
batikki;;substantiivi;5*A
blokki;;substantiivi;5*A
bolsevikki;;substantiivi;5*A
bolševikki;;substantiivi;5*A
breikki;;substantiivi;5*A
bulkki;;substantiivi;5*A
dekki;;substantiivi;5*A
diskoteekki;;substantiivi;5*A
donkki;;substantiivi;5*A
drinkki;;substantiivi;5*A
džonkki;;substantiivi;5*A
ehtoolliskalkki;;substantiivi;5*A
eksykki;;substantiivi;5*A
emäkki;;substantiivi;5*A
epookki;;substantiivi;5*A
eunukki;;substantiivi;5*A
fakki;;substantiivi;5*A
flokki;;substantiivi;5*A
frakki;;substantiivi;5*A
frankki;;substantiivi;5*A
gonokokki;;substantiivi;5*A
haitekki;;substantiivi;5*A
hanhikki;;substantiivi;5*A
harppuunatykki;;substantiivi;5*A
helokki;;substantiivi;5*A
hinkki;;substantiivi;5*A
historiikki;;substantiivi;5*A
hoidokki;;substantiivi;5*A
hokki;;substantiivi;5*A
holhokki;;substantiivi;5*A
holkki;;substantiivi;5*A
hydrobikki;;substantiivi;5*A
hypoteekki;;substantiivi;5*A
häkki;;substantiivi;5*A
hämähäkki;;substantiivi;5*A
häntäheikki;;substantiivi;5*A
härkki;;substantiivi;5*A
hävikki;;substantiivi;5*A
ilmatorjuntatykki;;substantiivi;5*A
inhokki;;substantiivi;5*A
irkki;;substantiivi;5*A
isukki;;substantiivi;5*A
jakki;1;substantiivi;5*A
jakki;2;substantiivi;5*A
jauhopunkki;;substantiivi;5*A
jenkki;;substantiivi;5*A
jerkki;;substantiivi;5*A
juorukki;;substantiivi;5*A
jupikki;;substantiivi;5*A
juustopunkki;;substantiivi;5*A
jäkki;;substantiivi;5*A
jälkipyykki;;substantiivi;5*A
kaakki;;substantiivi;5*A
kajakki;;substantiivi;5*A
kalabaliikki;;substantiivi;5*A
kalkki;1;substantiivi;5*A
kalkki;2;substantiivi;5*A
kalmukki;;substantiivi;5*A
kalupakki;;substantiivi;5*A
kanaviillokki;;substantiivi;5*A
kanaviilokki;;substantiivi;5*A
kaniturkki;;substantiivi;5*A
kanukki;;substantiivi;5*A
kapokki;;substantiivi;5*A
kapsekki;;substantiivi;5*A
kapsäkki;;substantiivi;5*A
karkki;;substantiivi;5*A
katafalkki;;substantiivi;5*A
kaunokki;;substantiivi;5*A
kehrääjäpunkki;;substantiivi;5*A
kelsiturkki;;substantiivi;5*A
kenttäpakki;;substantiivi;5*A
kenttätykki;;substantiivi;5*A
keripukki;;substantiivi;5*A
kesäturkki;;substantiivi;5*A
kettuturkki;;substantiivi;5*A
kierretulkki;;substantiivi;5*A
kihokki;;substantiivi;5*A
kilkki;;substantiivi;5*A
kimröökki;;substantiivi;5*A
kirjoitustulkki;;substantiivi;5*A
kirjopyykki;;substantiivi;5*A
kitupiikki;;substantiivi;5*A
kivipyykki;;substantiivi;5*A
klikki;1;substantiivi;5*A
klikki;2;substantiivi;5*A
kloaakki;;substantiivi;5*A
kohokki;;substantiivi;5*A
kokki;1;substantiivi;5*A
kokki;2;substantiivi;5*A
koliikki;;substantiivi;5*A
kommervenkki;;substantiivi;5*A
konetykki;;substantiivi;5*A
konferenssitulkki;;substantiivi;5*A
konjakki;;substantiivi;5*A
konsekutiivitulkki;;substantiivi;5*A
konseptiarkki;;substantiivi;5*A
korkki;;substantiivi;5*A
kotikokki;;substantiivi;5*A
kriminkoipiturkki;;substantiivi;5*A
kriminnahkaturkki;;substantiivi;5*A
krimiturkki;;substantiivi;5*A
kritiikki;;substantiivi;5*A
kräkki;;substantiivi;5*A
kulakki;;substantiivi;5*A
kuvailutulkki;;substantiivi;5*A
kvarkki;1;substantiivi;5*A
kvarkki;2;substantiivi;5*A
kyökki;;substantiivi;5*A
käsipyykki;;substantiivi;5*A
kääntöturkki;;substantiivi;5*A
laivakokki;;substantiivi;5*A
laivatykki;;substantiivi;5*A
lakki;;substantiivi;5*A
lammasturkki;;substantiivi;5*A
lankki;;substantiivi;5*A
lapsiparkki;;substantiivi;5*A
laukki;;substantiivi;5*A
lehdokki;;substantiivi;5*A
leikki;;substantiivi;5*A
leinikki;;substantiivi;5*A
lellikki;;substantiivi;5*A
lemmikki;;substantiivi;5*A
lenkki;;substantiivi;5*A
lennokki;;substantiivi;5*A
lennäkki;;substantiivi;5*A
levikki;;substantiivi;5*A
levytulkki;;substantiivi;5*A
liekki;;substantiivi;5*A
liidokki;;substantiivi;5*A
liikki;;substantiivi;5*A
liitonarkki;;substantiivi;5*A
likapyykki;;substantiivi;5*A
limerikki;;substantiivi;5*A
linkki;;substantiivi;5*A
lokki;;substantiivi;5*A
lukki;;substantiivi;5*A
lumitykki;;substantiivi;5*A
luokki;;substantiivi;5*A
läkki;;substantiivi;5*A
maalitykki;;substantiivi;5*A
maikki;;substantiivi;5*A
majavaturkki;;substantiivi;5*A
makki;;substantiivi;5*A
malvikki;;substantiivi;5*A
mamelukki;;substantiivi;5*A
maniokki;;substantiivi;5*A
matkaparkki;;substantiivi;5*A
mediateekki;;substantiivi;5*A
meikki;;substantiivi;5*A
menekki;;substantiivi;5*A
merkki;;substantiivi;5*A
mestarikokki;;substantiivi;5*A
mikki;;substantiivi;5*A
minkki;;substantiivi;5*A
minkkiturkki;;substantiivi;5*A
mokkaturkki;;substantiivi;5*A
monarkki;;substantiivi;5*A
mosaiikki;;substantiivi;5*A
munkki;;substantiivi;5*A
musiikki;;substantiivi;5*A
myyntitykki;;substantiivi;5*A
mökki;;substantiivi;5*A
nakki;1;substantiivi;5*A
nakki;2;substantiivi;5*A
nakki;3;substantiivi;5*A
neuvokki;;substantiivi;5*A
nilkki;;substantiivi;5*A
nukki;;substantiivi;5*A
nulkki;;substantiivi;5*A
nupukki;;substantiivi;5*A
nutriaturkki;;substantiivi;5*A
nyrkki;;substantiivi;5*A
nyrkkipyykki;;substantiivi;5*A
näkki;;substantiivi;5*A
oligarkki;;substantiivi;5*A
ordoviikki;;substantiivi;5*A
orvokki;;substantiivi;5*A
ostjakki;;substantiivi;5*A
otakilokki;;substantiivi;5*A
ottomaaniturkki;;substantiivi;5*A
oudokki;;substantiivi;5*A
painoarkki;;substantiivi;5*A
pakki;1;substantiivi;5*A
pakki;2;substantiivi;5*A
palkki;;substantiivi;5*A
paniikki;;substantiivi;5*A
pankki;;substantiivi;5*A
panssarintorjuntatykki;;substantiivi;5*A
paperiarkki;;substantiivi;5*A
parakki;;substantiivi;5*A
parikki;;substantiivi;5*A
parkki;1;substantiivi;5*A
parkki;2;substantiivi;5*A
parkki;3;substantiivi;5*A
parkki;4;substantiivi;5*A
peltipakki;;substantiivi;5*A
penkki;;substantiivi;5*A
peruukki;;substantiivi;5*A
petankki;;substantiivi;5*A
petopunkki;;substantiivi;5*A
pielikki;;substantiivi;5*A
piikki;;substantiivi;5*A
piisamiturkki;;substantiivi;5*A
piiskatykki;;substantiivi;5*A
pikkupyykki;;substantiivi;5*A
piknikki;;substantiivi;5*A
pilkki;;substantiivi;5*A
pitokokki;;substantiivi;5*A
plakki;;substantiivi;5*A
plankki;;substantiivi;5*A
pläkki;;substantiivi;5*A
polemiikki;;substantiivi;5*A
politrukki;;substantiivi;5*A
prinssinakki;;substantiivi;5*A
publiikki;;substantiivi;5*A
puhetulkki;;substantiivi;5*A
pukki;1;substantiivi;5*A
pukki;2;substantiivi;5*A
punikki;;substantiivi;5*A
punkki;1;substantiivi;5*A
punkki;2;substantiivi;5*A
puoliturkki;;substantiivi;5*A
purkki;;substantiivi;5*A
putiikki;;substantiivi;5*A
pysäkki;;substantiivi;5*A
pyykki;1;substantiivi;5*A
pyykki;2;substantiivi;5*A
pyökki;;substantiivi;5*A
pyöräparkki;;substantiivi;5*A
pähkinähakki;;substantiivi;5*A
päivikki;;substantiivi;5*A
pölypunkki;;substantiivi;5*A
raakki;;substantiivi;5*A
rajapyykki;;substantiivi;5*A
rajatulkki;;substantiivi;5*A
rakki;;substantiivi;5*A
rakotulkki;;substantiivi;5*A
rankki;;substantiivi;5*A
rannikki;;substantiivi;5*A
rannikkotykki;;substantiivi;5*A
raukki;;substantiivi;5*A
raunikki;;substantiivi;5*A
ravintolakokki;;substantiivi;5*A
rekki;;substantiivi;5*A
reliikki;;substantiivi;5*A
repliikki;;substantiivi;5*A
rikki;1;substantiivi;5*A
ristikki;;substantiivi;5*A
rokki;;substantiivi;5*A
rubriikki;;substantiivi;5*A
rukki;1;substantiivi;5*A
rukki;2;substantiivi;5*A
ruokki;;substantiivi;5*A
rusokki;;substantiivi;5*A
ruukki;;substantiivi;5*A
rynnäkkötykki;;substantiivi;5*A
räkki;;substantiivi;5*A
rääkki;;substantiivi;5*A
sakki;;substantiivi;5*A
šakki;;substantiivi;5*A
salikokki;;substantiivi;5*A
salmiakki;;substantiivi;5*A
saslikki;;substantiivi;5*A
šeikki;;substantiivi;5*A
seisokki;;substantiivi;5*A
seitikki;;substantiivi;5*A
šekki;;substantiivi;5*A
sekki;;substantiivi;5*A
senkki;;substantiivi;5*A
shakki;;substantiivi;5*A
sheikki;;substantiivi;5*A
shekki;;substantiivi;5*A
shokki;;substantiivi;5*A
sievikki;;substantiivi;5*A
siksakki;;substantiivi;5*A
silkki;;substantiivi;5*A
simultaanitulkki;;substantiivi;5*A
sinkki;;substantiivi;5*A
sisäturkki;;substantiivi;5*A
skunkki;;substantiivi;5*A
slovakki;;substantiivi;5*A
sminkki;;substantiivi;5*A
smokki;;substantiivi;5*A
soilikki;;substantiivi;5*A
sokki;;substantiivi;5*A
šokki;;substantiivi;5*A
solmukki;;substantiivi;5*A
soopeliturkki;;substantiivi;5*A
soppatykki;;substantiivi;5*A
spiikki;;substantiivi;5*A
stafylokokki;;substantiivi;5*A
stikki;;substantiivi;5*A
streptokokki;;substantiivi;5*A
stukki;;substantiivi;5*A
sudennahkaturkki;;substantiivi;5*A
sumakki;;substantiivi;5*A
suorasuuntaustykki;;substantiivi;5*A
suosikki;;substantiivi;5*A
supiturkki;;substantiivi;5*A
susiturkki;;substantiivi;5*A
suvakki;;substantiivi;5*A
syrnikki;;substantiivi;5*A
syyhypunkki;;substantiivi;5*A
säkki;;substantiivi;5*A
takapakki;;substantiivi;5*A
takki;;substantiivi;5*A
taksvärkki;;substantiivi;5*A
talkki;;substantiivi;5*A
talvikki;;substantiivi;5*A
talviturkki;;substantiivi;5*A
tankki;;substantiivi;5*A
tarokki;;substantiivi;5*A
teikki;;substantiivi;5*A
tekoturkki;;substantiivi;5*A
termiikki;;substantiivi;5*A
tiikki;;substantiivi;5*A
tikki;;substantiivi;5*A
tilkkutäkki;;substantiivi;5*A
tonikki;;substantiivi;5*A
toppatäkki;;substantiivi;5*A
trafiikki;;substantiivi;5*A
trikki;;substantiivi;5*A
triptyykki;;substantiivi;5*A
tropiikki;;substantiivi;5*A
trukki;;substantiivi;5*A
tšekki;;substantiivi;5*A
tsoukki;;substantiivi;5*A
tukki;;substantiivi;5*A
tulkki;1;substantiivi;5*A
tulkki;2;substantiivi;5*A
tunkki;;substantiivi;5*A
tupakki;;substantiivi;5*A
turkki;1;substantiivi;5*A
turkki;2;substantiivi;5*A
turkki;3;substantiivi;5*A
tykki;1;substantiivi;5*A
tykki;2;substantiivi;5*A
tyräkki;;substantiivi;5*A
työkalupakki;;substantiivi;5*A
työmaatulkki;;substantiivi;5*A
työntötulkki;;substantiivi;5*A
tähdikki;;substantiivi;5*A
täkki;1;substantiivi;5*A
täkki;2;substantiivi;5*A
tärkki;;substantiivi;5*A
tölkki;;substantiivi;5*A
ukki;;substantiivi;5*A
uzbekki;;substantiivi;5*A
vaihdokki;;substantiivi;5*A
vajakki;;substantiivi;5*A
valepukki;;substantiivi;5*A
valkki;;substantiivi;5*A
valkopyykki;;substantiivi;5*A
vasikkaturkki;;substantiivi;5*A
vekki;;substantiivi;5*A
verrokki;;substantiivi;5*A
vesitykki;;substantiivi;5*A
videoteekki;;substantiivi;5*A
videotykki;;substantiivi;5*A
vihannespunkki;;substantiivi;5*A
viillokki;;substantiivi;5*A
viilokki;;substantiivi;5*A
vinkki;;substantiivi;5*A
voilokki;;substantiivi;5*A
vokki;;substantiivi;5*A
wokki;;substantiivi;5*A
votjakki;;substantiivi;5*A
vänrikki;;substantiivi;5*A
värkki;;substantiivi;5*A
västäräkki;;substantiivi;5*A
äkämäpunkki;;substantiivi;5*A
örkki;;substantiivi;5*A
friikki;;substantiivi, adjektiivi;5*A
pinkki;;substantiivi, adjektiivi;5*A
supliikki;;substantiivi, adjektiivi;5*A
helppoheikki;;substantiivi;5*A, 50
sippi;;adjektiivi;5*B
skarppi;;adjektiivi;5*B
alppi;;substantiivi;5*B
anoppi;;substantiivi;5*B
antilooppi;;substantiivi;5*B
appi;2;substantiivi;5*B
biotooppi;;substantiivi;5*B
dermatoskooppi;;substantiivi;5*B
dippi;;substantiivi;5*B
endoskooppi;;substantiivi;5*B
episkooppi;;substantiivi;5*B
etappi;;substantiivi;5*B
filantrooppi;;substantiivi;5*B
floppi;;substantiivi;5*B
geotooppi;;substantiivi;5*B
greippi;;substantiivi;5*B
griippi;;substantiivi;5*B
grippi;;substantiivi;5*B
gyroskooppi;;substantiivi;5*B
harppi;;substantiivi;5*B
heliotrooppi;;substantiivi;5*B
heppi;;substantiivi;5*B
hippi;;substantiivi;5*B
horoskooppi;;substantiivi;5*B
hujoppi;;substantiivi;5*B
iisoppi;;substantiivi;5*B
isotooppi;;substantiivi;5*B
jeeppi;;substantiivi;5*B
jiippi;;substantiivi;5*B
jolppi;;substantiivi;5*B
juippi;;substantiivi;5*B
juppi;;substantiivi;5*B
kaappi;;substantiivi;5*B
kaleidoskooppi;;substantiivi;5*B
kamppi;;substantiivi;5*B
kanikoppi;;substantiivi;5*B
kanooppi;;substantiivi;5*B
kappi;;substantiivi;5*B
karhunkoppi;;substantiivi;5*B
karppi;;substantiivi;5*B
keeppi;;substantiivi;5*B
kemppi;;substantiivi;5*B
keppi;;substantiivi;5*B
ketsuppi;;substantiivi;5*B
kieppi;;substantiivi;5*B
kippi;;substantiivi;5*B
klappi;;substantiivi;5*B
klimppi;;substantiivi;5*B
klippi;;substantiivi;5*B
kloppi;;substantiivi;5*B
knaappi;;substantiivi;5*B
knoppi;;substantiivi;5*B
koirankoppi;;substantiivi;5*B
komppi;;substantiivi;5*B
koppi;1;substantiivi;5*B
koppi;2;substantiivi;5*B
korppi;1;substantiivi;5*B
korppi;2;substantiivi;5*B
kramppi;;substantiivi;5*B
krappi;;substantiivi;5*B
kreppi;;substantiivi;5*B
kuljettajankoppi;;substantiivi;5*B
kuppi;;substantiivi;5*B
kyklooppi;;substantiivi;5*B
kymppi;;substantiivi;5*B
kystoskooppi;;substantiivi;5*B
kyyppi;1;substantiivi;5*B
kyyppi;2;substantiivi;5*B
lappi;;substantiivi;5*B
larppi;;substantiivi;5*B
lippi;;substantiivi;5*B
luppi;;substantiivi;5*B
luuppi;;substantiivi;5*B
lööppi;;substantiivi;5*B
mappi;;substantiivi;5*B
meppi;;substantiivi;5*B
mikroskooppi;;substantiivi;5*B
moppi;;substantiivi;5*B
neppi;;substantiivi;5*B
nuppi;;substantiivi;5*B
näppi;;substantiivi;5*B
oppi;;substantiivi;5*B
oskilloskooppi;;substantiivi;5*B
paippi;;substantiivi;5*B
pappi;;substantiivi;5*B
partisiippi;;substantiivi;5*B
peippi;;substantiivi;5*B
periskooppi;;substantiivi;5*B
pikavippi;;substantiivi;5*B
pimppi;;substantiivi;5*B
polyyppi;;substantiivi;5*B
poppi;;substantiivi;5*B
prinsiippi;;substantiivi;5*B
pseudokruppi;;substantiivi;5*B
puhelinkoppi;;substantiivi;5*B
pukukoppi;;substantiivi;5*B
ramppi;;substantiivi;5*B
rangaistuskoppi;;substantiivi;5*B
rippi;;substantiivi;5*B
räppi;;substantiivi;5*B
satraappi;;substantiivi;5*B
siirappi;;substantiivi;5*B
sinappi;;substantiivi;5*B
sirppi;;substantiivi;5*B
skuuppi;;substantiivi;5*B
soppi;2;substantiivi;5*B
sovituskoppi;;substantiivi;5*B
steppi;1;substantiivi;5*B
steppi;2;substantiivi;5*B
stereoskooppi;;substantiivi;5*B
stereotyyppi;;substantiivi;5*B
stetoskooppi;;substantiivi;5*B
stoppi;;substantiivi;5*B
strippi;;substantiivi;5*B
suihkukoppi;;substantiivi;5*B
sumppi;;substantiivi;5*B
synkooppi;;substantiivi;5*B
säppi;;substantiivi;5*B
tamppi;;substantiivi;5*B
tappi;;substantiivi;5*B
teippi;;substantiivi;5*B
teleskooppi;;substantiivi;5*B
tippi;;substantiivi;5*B
toppi;1;substantiivi;5*B
toppi;2;substantiivi;5*B
trippi;;substantiivi;5*B
troppi;;substantiivi;5*B
tsemppi;;substantiivi;5*B
tumppi;;substantiivi;5*B
tuoppi;;substantiivi;5*B
tyyppi;;substantiivi;5*B
työmaakoppi;;substantiivi;5*B
tärppi;;substantiivi;5*B
uimakoppi;;substantiivi;5*B
vamppi;;substantiivi;5*B
vankikoppi;;substantiivi;5*B
varppi;;substantiivi;5*B
vilppi;;substantiivi;5*B
vippi;1;substantiivi;5*B
vippi;2;substantiivi;5*B
vippi;3;substantiivi;5*B
vrappi;;substantiivi;5*B
vräppi;;substantiivi;5*B
ymppi;;substantiivi;5*B
äppi;;substantiivi;5*B
äänestyskoppi;;substantiivi;5*B
nappi;;substantiivi, adjektiivi;5*B
adekvaatti;;adjektiivi;5*C
ambivalentti;;adjektiivi;5*C
arrogantti;;adjektiivi;5*C
charmantti;;adjektiivi;5*C
dekadentti;;adjektiivi;5*C
dementti;;adjektiivi;5*C
diskreetti;;adjektiivi;5*C
divergentti;;adjektiivi;5*C
ekstravertti;;adjektiivi;5*C
ekstrovertti;;adjektiivi;5*C
ekvivalentti;;adjektiivi;5*C
elegantti;;adjektiivi;5*C
evidentti;;adjektiivi;5*C
hurtti;;adjektiivi;5*C
impotentti;;adjektiivi;5*C
indifferentti;;adjektiivi;5*C
inertti;;adjektiivi;5*C
intelligentti;;adjektiivi;5*C
intresantti;;adjektiivi;5*C
introvertti;;adjektiivi;5*C
invariantti;;adjektiivi;5*C
irrelevantti;;adjektiivi;5*C
kiltti;1;adjektiivi;5*C
kimurantti;;adjektiivi;5*C
koherentti;;adjektiivi;5*C
kompetentti;;adjektiivi;5*C
kongruentti;;adjektiivi;5*C
konvergentti;;adjektiivi;5*C
kurantti;;adjektiivi;5*C
latentti;;adjektiivi;5*C
militantti;;adjektiivi;5*C
nätti;;adjektiivi;5*C
pikantti;;adjektiivi;5*C
potentti;;adjektiivi;5*C
privaatti;;adjektiivi;5*C
redundantti;;adjektiivi;5*C
relevantti;;adjektiivi;5*C
resilientti;;adjektiivi;5*C
resistentti;;adjektiivi;5*C
saletti;;adjektiivi;5*C
söötti;;adjektiivi;5*C
tolerantti;;adjektiivi;5*C
transparentti;;adjektiivi;5*C
transsendentti;;adjektiivi;5*C
turbulentti;;adjektiivi;5*C
virulentti;;adjektiivi;5*C
väärtti;;adjektiivi;5*C
akuutti;;adjektiivi, substantiivi;5*C
analfabeetti;;adjektiivi, substantiivi;5*C
dominantti;;adjektiivi, substantiivi;5*C
höntti;;adjektiivi, substantiivi;5*C
konstantti;;adjektiivi, substantiivi;5*C
laktoosi-intolerantti;;adjektiivi, substantiivi;5*C
mäntti;2;adjektiivi, substantiivi;5*C
permanentti;;adjektiivi, substantiivi;5*C
suupaltti;;adjektiivi, substantiivi;5*C
violetti;;adjektiivi, substantiivi;5*C
aaprotti;;substantiivi;5*C
abiturientti;;substantiivi;5*C
abortti;;substantiivi;5*C
absintti;;substantiivi;5*C
absoluutti;;substantiivi;5*C
adjutantti;;substantiivi;5*C
adventti;;substantiivi;5*C
agaatti;;substantiivi;5*C
agentti;;substantiivi;5*C
aggregaatti;;substantiivi;5*C
ahmatti;;substantiivi;5*C
akaatti;;substantiivi;5*C
akantti;;substantiivi;5*C
akrobaatti;;substantiivi;5*C
akrylaatti;;substantiivi;5*C
aksentti;;substantiivi;5*C
akseptantti;;substantiivi;5*C
aktiviteetti;;substantiivi;5*C
akvaviitti;;substantiivi;5*C
aleutti;;substantiivi;5*C
amarantti;;substantiivi;5*C
ammatti;;substantiivi;5*C
amuletti;;substantiivi;5*C
anakoluutti;;substantiivi;5*C
analgeetti;;substantiivi;5*C
anekdootti;;substantiivi;5*C
anesteetti;;substantiivi;5*C
aniitti;;substantiivi;5*C
annuiteetti;;substantiivi;5*C
anonymiteetti;;substantiivi;5*C
antibiootti;;substantiivi;5*C
antidootti;;substantiivi;5*C
antikvariaatti;;substantiivi;5*C
antioksidantti;;substantiivi;5*C
antiperspirantti;;substantiivi;5*C
antisemiitti;;substantiivi;5*C
antrasiitti;;substantiivi;5*C
aparaatti;;substantiivi;5*C
apatiitti;;substantiivi;5*C
apotti;;substantiivi;5*C
apparaatti;;substantiivi;5*C
appletti;;substantiivi;5*C
argentiitti;;substantiivi;5*C
argumentti;;substantiivi;5*C
aristokraatti;;substantiivi;5*C
arkeofyytti;;substantiivi;5*C
artriitti;;substantiivi;5*C
asetaatti;;substantiivi;5*C
asetti;;substantiivi;5*C
asfaltti;;substantiivi;5*C
askeetti;;substantiivi;5*C
assistentti;;substantiivi;5*C
astaatti;;substantiivi;5*C
astronautti;;substantiivi;5*C
asvaltti;;substantiivi;5*C
atleetti;;substantiivi;5*C
attentaatti;;substantiivi;5*C
attribuutti;;substantiivi;5*C
auktoriteetti;;substantiivi;5*C
auskultantti;;substantiivi;5*C
automaatti;;substantiivi;5*C
autotermiitti;;substantiivi;5*C
avosetti;;substantiivi;5*C
baletti;;substantiivi;5*C
baltti;;substantiivi;5*C
banaliteetti;;substantiivi;5*C
bandiitti;;substantiivi;5*C
banketti;1;substantiivi;5*C
banketti;2;substantiivi;5*C
barbituraatti;;substantiivi;5*C
baretti;;substantiivi;5*C
basaltti;;substantiivi;5*C
bassetti;;substantiivi;5*C
bataatti;;substantiivi;5*C
bauksiitti;;substantiivi;5*C
biitti;;substantiivi;5*C
bikarbonaatti;;substantiivi;5*C
biotiitti;;substantiivi;5*C
bitti;;substantiivi;5*C
blanketti;;substantiivi;5*C
boikotti;;substantiivi;5*C
botti;;substantiivi;5*C
briketti;;substantiivi;5*C
britti;;substantiivi;5*C
bronkiitti;;substantiivi;5*C
brunetti;;substantiivi;5*C
budjetti;;substantiivi;5*C
bufetti;;substantiivi;5*C
buffetti;;substantiivi;5*C
bursiitti;;substantiivi;5*C
byrokraatti;;substantiivi;5*C
chatti;;substantiivi;5*C
debatti;;substantiivi;5*C
debytantti;;substantiivi;5*C
debyytti;;substantiivi;5*C
deitti;;substantiivi;5*C
delegaatti;;substantiivi;5*C
demokraatti;;substantiivi;5*C
deodorantti;;substantiivi;5*C
desantti;;substantiivi;5*C
despootti;;substantiivi;5*C
dieetti;;substantiivi;5*C
diletantti;;substantiivi;5*C
diplomaatti;;substantiivi;5*C
direktoraatti;;substantiivi;5*C
diskantti;;substantiivi;5*C
disketti;;substantiivi;5*C
disponibiliteetti;;substantiivi;5*C
dissidentti;;substantiivi;5*C
diureetti;;substantiivi;5*C
diversiteetti;;substantiivi;5*C
dokumentti;;substantiivi;5*C
dolomiitti;;substantiivi;5*C
dosentti;;substantiivi;5*C
dosetti;;substantiivi;5*C
dubletti;;substantiivi;5*C
dupletti;;substantiivi;5*C
duplikaatti;;substantiivi;5*C
dynamiitti;;substantiivi;5*C
eboniitti;;substantiivi;5*C
eetvartti;;substantiivi;5*C
ekspatriaatti;;substantiivi;5*C
ekspertti;;substantiivi;5*C
eksponentti;;substantiivi;5*C
elefantti;;substantiivi;5*C
elektrolyytti;;substantiivi;5*C
elektronivoltti;;substantiivi;5*C
elementti;;substantiivi;5*C
eliitti;;substantiivi;5*C
elätti;;substantiivi;5*C
emigrantti;;substantiivi;5*C
emiraatti;;substantiivi;5*C
enkefaliitti;;substantiivi;5*C
entiteetti;;substantiivi;5*C
epifyytti;;substantiivi;5*C
epiteetti;;substantiivi;5*C
epoletti;;substantiivi;5*C
esteetti;;substantiivi;5*C
estimaatti;;substantiivi;5*C
etiketti;;substantiivi;5*C
eurokraatti;;substantiivi;5*C
fagosyytti;;substantiivi;5*C
fagotti;;substantiivi;5*C
falsetti;;substantiivi;5*C
farmaseutti;;substantiivi;5*C
fasiliteetti;;substantiivi;5*C
faskiitti;;substantiivi;5*C
fermaatti;;substantiivi;5*C
ferriitti;;substantiivi;5*C
fertiliteetti;;substantiivi;5*C
filamentti;;substantiivi;5*C
filetti;;substantiivi;5*C
filtti;;substantiivi;5*C
floretti;;substantiivi;5*C
fluoriitti;;substantiivi;5*C
fokstrotti;;substantiivi;5*C
folaatti;;substantiivi;5*C
fondantti;;substantiivi;5*C
fontti;;substantiivi;5*C
forintti;;substantiivi;5*C
formaatti;;substantiivi;5*C
fosfaatti;;substantiivi;5*C
fragmentti;;substantiivi;5*C
fregatti;;substantiivi;5*C
frekventti;;substantiivi;5*C
fretti;;substantiivi;5*C
frigiditeetti;;substantiivi;5*C
ftalaatti;;substantiivi;5*C
förskotti;;substantiivi;5*C
gambiitti;;substantiivi;5*C
gameetti;;substantiivi;5*C
gammahydroksibutyraatti;;substantiivi;5*C
geodeetti;;substantiivi;5*C
glyfosaatti;;substantiivi;5*C
goljatti;;substantiivi;5*C
gootti;;substantiivi;5*C
grafiitti;;substantiivi;5*C
granaatti;;substantiivi;5*C
graniitti;;substantiivi;5*C
graviditeetti;;substantiivi;5*C
habitaatti;;substantiivi;5*C
halatti;;substantiivi;5*C
halkomotti;;substantiivi;5*C
hantti;;substantiivi;5*C
helkatti;;substantiivi;5*C
helkutti;;substantiivi;5*C
helskutti;;substantiivi;5*C
helvetti;;substantiivi;5*C
hematiitti;;substantiivi;5*C
hemmetti;;substantiivi;5*C
hepatiitti;;substantiivi;5*C
hepokatti;;substantiivi;5*C
hermafrodiitti;;substantiivi;5*C
heterotsygootti;;substantiivi;5*C
hiitti;;substantiivi;5*C
hiivatti;;substantiivi;5*C
himputti;;substantiivi;5*C
hintti;;substantiivi;5*C
hitti;;substantiivi;5*C
holhotti;;substantiivi;5*C
holtti;;substantiivi;5*C
homeopaatti;;substantiivi;5*C
homotsygootti;;substantiivi;5*C
horisontti;;substantiivi;5*C
hottentotti;;substantiivi;5*C
housunpuntti;;substantiivi;5*C
hugenotti;;substantiivi;5*C
hunsvotti;;substantiivi;5*C
huntti;;substantiivi;5*C
huvitutti;;substantiivi;5*C
hyasintti;;substantiivi;5*C
hydraatti;;substantiivi;5*C
hytti;;substantiivi;5*C
identiteetti;;substantiivi;5*C
idiootti;;substantiivi;5*C
ikkunakitti;;substantiivi;5*C
iltti;;substantiivi;5*C
immuniteetti;;substantiivi;5*C
implantaatti;;substantiivi;5*C
implantti;;substantiivi;5*C
informantti;;substantiivi;5*C
insertti;;substantiivi;5*C
instituutti;;substantiivi;5*C
instrumentti;;substantiivi;5*C
integriteetti;;substantiivi;5*C
intendentti;;substantiivi;5*C
intensiteetti;;substantiivi;5*C
internaatti;;substantiivi;5*C
intimiteetti;;substantiivi;5*C
intti;;substantiivi;5*C
inuiitti;;substantiivi;5*C
inuitti;;substantiivi;5*C
invaliditeetti;;substantiivi;5*C
jakuutti;;substantiivi;5*C
jetsetti;;substantiivi;5*C
jetti;;substantiivi;5*C
jogurtti;;substantiivi;5*C
jugurtti;;substantiivi;5*C
jukurtti;;substantiivi;5*C
juopporatti;;substantiivi;5*C
juutti;1;substantiivi;5*C
juutti;2;substantiivi;5*C
jätti;;substantiivi;5*C
jättipotti;;substantiivi;5*C
jöötti;;substantiivi;5*C
kabinetti;;substantiivi;5*C
kadetti;;substantiivi;5*C
kaksoisvoltti;;substantiivi;5*C
kalifaatti;;substantiivi;5*C
kalotti;;substantiivi;5*C
kalsiitti;;substantiivi;5*C
kameleontti;;substantiivi;5*C
kandidaatti;;substantiivi;5*C
kanootti;;substantiivi;5*C
kantaatti;;substantiivi;5*C
kantti;;substantiivi;5*C
kaoliniitti;;substantiivi;5*C
kapasiteetti;;substantiivi;5*C
kapitulantti;;substantiivi;5*C
karaatti;;substantiivi;5*C
karbonaatti;;substantiivi;5*C
kasematti;;substantiivi;5*C
kasetti;;substantiivi;5*C
kaskelotti;;substantiivi;5*C
kastanjetit;;substantiivi;5*C
kastraatti;;substantiivi;5*C
kasvatti;;substantiivi;5*C
katalyytti;;substantiivi;5*C
katapultti;;substantiivi;5*C
kateetti;;substantiivi;5*C
katgutti;;substantiivi;5*C
katti;;substantiivi;5*C
kausaliteetti;;substantiivi;5*C
keltti;;substantiivi;5*C
kersantti;;substantiivi;5*C
kierrepultti;;substantiivi;5*C
kiltti;2;substantiivi;5*C
kiristyspultti;;substantiivi;5*C
kitti;1;substantiivi;5*C
klarinetti;;substantiivi;5*C
klintti;;substantiivi;5*C
klootti;;substantiivi;5*C
klosetti;;substantiivi;5*C
kluutti;;substantiivi;5*C
klöntti;;substantiivi;5*C
koboltti;;substantiivi;5*C
koeffisientti;;substantiivi;5*C
kohortti;;substantiivi;5*C
kojootti;;substantiivi;5*C
kokotti;;substantiivi;5*C
koliitti;;substantiivi;5*C
koljatti;;substantiivi;5*C
kolmoisvoltti;;substantiivi;5*C
kombinaatti;;substantiivi;5*C
komendantti;;substantiivi;5*C
komitentti;;substantiivi;5*C
kommentti;;substantiivi;5*C
komplementti;;substantiivi;5*C
komponentti;;substantiivi;5*C
kompotti;;substantiivi;5*C
komuutti;;substantiivi;5*C
konfetti;;substantiivi;5*C
konkordaatti;;substantiivi;5*C
konossementti;;substantiivi;5*C
konsentraatti;;substantiivi;5*C
konsertti;;substantiivi;5*C
konsonantti;;substantiivi;5*C
konsulaatti;;substantiivi;5*C
konsulentti;;substantiivi;5*C
konsultti;;substantiivi;5*C
kontingentti;;substantiivi;5*C
kontti;1;substantiivi;5*C
kontti;2;substantiivi;5*C
kontti;3;substantiivi;5*C
konventti;;substantiivi;5*C
koordinaatti;;substantiivi;5*C
korintti;;substantiivi;5*C
kornetti;;substantiivi;5*C
korrelaatti;;substantiivi;5*C
korseletti;;substantiivi;5*C
korsetti;;substantiivi;5*C
kortti;;substantiivi;5*C
korvetti;;substantiivi;5*C
kosekantti;;substantiivi;5*C
kosmonautti;;substantiivi;5*C
kosmopoliitti;;substantiivi;5*C
kotangentti;;substantiivi;5*C
kotletti;;substantiivi;5*C
kranaatti;;substantiivi;5*C
kravatti;;substantiivi;5*C
krediitti;;substantiivi;5*C
kriketti;;substantiivi;5*C
kroaatti;;substantiivi;5*C
kroissantti;;substantiivi;5*C
krokantti;;substantiivi;5*C
kroketti;1;substantiivi;5*C
kroketti;2;substantiivi;5*C
kultti;;substantiivi;5*C
kumkvatti;;substantiivi;5*C
kupletti;;substantiivi;5*C
kupriitti;;substantiivi;5*C
kuriositeetti;;substantiivi;5*C
kuutti;1;substantiivi;5*C
kuutti;2;substantiivi;5*C
kuvernementti;;substantiivi;5*C
kuvertti;;substantiivi;5*C
kvaliteetti;;substantiivi;5*C
kvantiteetti;;substantiivi;5*C
kvantti;;substantiivi;5*C
kvartetti;;substantiivi;5*C
kvartsiitti;;substantiivi;5*C
kvartti;;substantiivi;5*C
kverulantti;;substantiivi;5*C
kvintetti;;substantiivi;5*C
kvintti;;substantiivi;5*C
kyltti;;substantiivi;5*C
kystiitti;;substantiivi;5*C
köntti;;substantiivi;5*C
körtti;;substantiivi;5*C
laborantti;;substantiivi;5*C
labradoriitti;;substantiivi;5*C
labyrintti;;substantiivi;5*C
laminaatti;;substantiivi;5*C
lampetti;;substantiivi;5*C
lansetti;;substantiivi;5*C
lantti;;substantiivi;5*C
lasaretti;;substantiivi;5*C
lavetti;;substantiivi;5*C
legaatti;;substantiivi;5*C
legitimiteetti;;substantiivi;5*C
lehtoraatti;;substantiivi;5*C
letti;;substantiivi;5*C
leukosyytti;;substantiivi;5*C
likviditeetti;;substantiivi;5*C
lilliputti;;substantiivi;5*C
limekvatti;;substantiivi;5*C
limetti;;substantiivi;5*C
limiitti;;substantiivi;5*C
linimentti;;substantiivi;5*C
linjamentti;;substantiivi;5*C
lisensiaatti;;substantiivi;5*C
lojaliteetti;;substantiivi;5*C
lokvatti;;substantiivi;5*C
loppukaneetti;;substantiivi;5*C
lornjetti;;substantiivi;5*C
lottopotti;;substantiivi;5*C
luhtahuitti;;substantiivi;5*C
luntti;;substantiivi;5*C
luotti;;substantiivi;5*C
luutnantti;;substantiivi;5*C
lymfosyytti;;substantiivi;5*C
lähetti;;substantiivi;5*C
läntti;;substantiivi;5*C
lätti;1;substantiivi;5*C
lätti;2;substantiivi;5*C
löntti;;substantiivi;5*C
magnaatti;;substantiivi;5*C
magneetti;;substantiivi;5*C
magnesiitti;;substantiivi;5*C
magnetiitti;;substantiivi;5*C
maistraatti;;substantiivi;5*C
majesteetti;;substantiivi;5*C
majoriteetti;;substantiivi;5*C
malakiitti;;substantiivi;5*C
maligniteetti;;substantiivi;5*C
maltti;;substantiivi;5*C
mammutti;;substantiivi;5*C
mandaatti;;substantiivi;5*C
maneetti;;substantiivi;5*C
mansetti;;substantiivi;5*C
marakatti;;substantiivi;5*C
marionetti;;substantiivi;5*C
marketti;;substantiivi;5*C
maskotti;;substantiivi;5*C
mastodontti;;substantiivi;5*C
matriarkaatti;;substantiivi;5*C
matti;1;substantiivi;5*C
maturiteetti;;substantiivi;5*C
melanosyytti;;substantiivi;5*C
mentaliteetti;;substantiivi;5*C
menuetti;;substantiivi;5*C
meriitti;;substantiivi;5*C
merikontti;;substantiivi;5*C
merikrotti;;substantiivi;5*C
meritokraatti;;substantiivi;5*C
merkantti;;substantiivi;5*C
mesenaatti;;substantiivi;5*C
meteoriitti;;substantiivi;5*C
migmatiitti;;substantiivi;5*C
miitti;;substantiivi;5*C
millivoltti;;substantiivi;5*C
minareetti;;substantiivi;5*C
minoriteetti;;substantiivi;5*C
minuutti;;substantiivi;5*C
mobiliteetti;;substantiivi;5*C
momentti;;substantiivi;5*C
monoliitti;;substantiivi;5*C
monumentti;;substantiivi;5*C
moraliteetti;;substantiivi;5*C
mortaliteetti;;substantiivi;5*C
mortti;;substantiivi;5*C
motetti;;substantiivi;5*C
motti;1;substantiivi;5*C
motti;2;substantiivi;5*C
motti;3;substantiivi;5*C
mulatti;;substantiivi;5*C
muotti;;substantiivi;5*C
muratti;;substantiivi;5*C
musikantti;;substantiivi;5*C
muskatti;;substantiivi;5*C
musketti;;substantiivi;5*C
muskotti;;substantiivi;5*C
muskoviitti;;substantiivi;5*C
myntti;;substantiivi;5*C
myrtti;;substantiivi;5*C
myytti;;substantiivi;5*C
mäntti;1;substantiivi;5*C
mötti;;substantiivi;5*C
naprapaatti;;substantiivi;5*C
nataliteetti;;substantiivi;5*C
natriumglutamaatti;;substantiivi;5*C
nefriitti;;substantiivi;5*C
nenätti;;substantiivi;5*C
neropatti;;substantiivi;5*C
netiketti;;substantiivi;5*C
netti;;substantiivi;5*C
neuriitti;;substantiivi;5*C
neutraliteetti;;substantiivi;5*C
niitti;;substantiivi;5*C
nitraatti;;substantiivi;5*C
nitriitti;;substantiivi;5*C
noisetti;;substantiivi;5*C
nootti;;substantiivi;5*C
notariaatti;;substantiivi;5*C
nugetti;;substantiivi;5*C
nukkumatti;;substantiivi;5*C
nuotti;;substantiivi;5*C
nymfetti;;substantiivi;5*C
nyytti;;substantiivi;5*C
oktetti;;substantiivi;5*C
omeletti;;substantiivi;5*C
operetti;;substantiivi;5*C
opiaatti;;substantiivi;5*C
opponentti;;substantiivi;5*C
oribletti;;substantiivi;5*C
orientti;;substantiivi;5*C
originaliteetti;;substantiivi;5*C
ornamentti;;substantiivi;5*C
oselotti;;substantiivi;5*C
osteopaatti;;substantiivi;5*C
otselotti;;substantiivi;5*C
paatti;;substantiivi;5*C
paketti;;substantiivi;5*C
paletti;;substantiivi;5*C
paljetti;;substantiivi;5*C
pamfletti;;substantiivi;5*C
pankrotti;;substantiivi;5*C
pantti;;substantiivi;5*C
papatti;;substantiivi;5*C
papiljotti;;substantiivi;5*C
parasiitti;;substantiivi;5*C
pariteetti;;substantiivi;5*C
parketti;;substantiivi;5*C
parlamentti;;substantiivi;5*C
patentti;;substantiivi;5*C
patriarkaatti;;substantiivi;5*C
patriootti;;substantiivi;5*C
patti;1;substantiivi;5*C
patti;2;substantiivi;5*C
pefletti;;substantiivi;5*C
pegmatiitti;;substantiivi;5*C
pelletti;;substantiivi;5*C
pelätti;;substantiivi;5*C
pensionaatti;;substantiivi;5*C
pergamentti;;substantiivi;5*C
peridotiitti;;substantiivi;5*C
perliitti;;substantiivi;5*C
permeabiliteetti;;substantiivi;5*C
perversiteetti;;substantiivi;5*C
peräkaneetti;;substantiivi;5*C
peräkontti;;substantiivi;5*C
petiitti;;substantiivi;5*C
pieteetti;;substantiivi;5*C
pigmentti;;substantiivi;5*C
piletti;;substantiivi;5*C
pilotti;;substantiivi;5*C
piltti;;substantiivi;5*C
pinaatti;;substantiivi;5*C
pinsetit;;substantiivi;5*C
pintti;;substantiivi;5*C
pipetti;;substantiivi;5*C
piraatti;;substantiivi;5*C
pirskatti;;substantiivi;5*C
pirtti;;substantiivi;5*C
piruetti;;substantiivi;5*C
plagiaatti;;substantiivi;5*C
plakaatti;;substantiivi;5*C
plaketti;;substantiivi;5*C
plasmosyytti;;substantiivi;5*C
pläntti;;substantiivi;5*C
pointti;;substantiivi;5*C
polariteetti;;substantiivi;5*C
poletti;;substantiivi;5*C
polyetyleenitereftalaatti;;substantiivi;5*C
polyglotti;;substantiivi;5*C
pontti;;substantiivi;5*C
populariteetti;;substantiivi;5*C
portti;;substantiivi;5*C
postulaatti;;substantiivi;5*C
potaatti;;substantiivi;5*C
potretti;;substantiivi;5*C
potti;1;substantiivi;5*C
potti;2;substantiivi;5*C
predikaatti;;substantiivi;5*C
prejudikaatti;;substantiivi;5*C
prekariaatti;;substantiivi;5*C
prelaatti;;substantiivi;5*C
preparaatti;;substantiivi;5*C
presidentti;;substantiivi;5*C
printti;;substantiivi;5*C
prioriteetti;;substantiivi;5*C
probiootti;;substantiivi;5*C
produktiviteetti;;substantiivi;5*C
proletariaatti;;substantiivi;5*C
promiskuiteetti;;substantiivi;5*C
prosentti;;substantiivi;5*C
prostatiitti;;substantiivi;5*C
protektoraatti;;substantiivi;5*C
protestantti;;substantiivi;5*C
präntti;;substantiivi;5*C
psykopaatti;;substantiivi;5*C
puberteetti;;substantiivi;5*C
publisiteetti;;substantiivi;5*C
puhvetti;;substantiivi;5*C
puketti;;substantiivi;5*C
pukinkontti;;substantiivi;5*C
pulpetti;;substantiivi;5*C
pultti;1;substantiivi;5*C
pultti;2;substantiivi;5*C
puntti;1;substantiivi;5*C
puntti;2;substantiivi;5*C
puntti;3;substantiivi;5*C
puolivoltti;;substantiivi;5*C
putti;;substantiivi;5*C
pyriitti;;substantiivi;5*C
rahtikontti;;substantiivi;5*C
raitti;;substantiivi;5*C
raketti;;substantiivi;5*C
rakletti;;substantiivi;5*C
raportti;;substantiivi;5*C
rariteetti;;substantiivi;5*C
ratti;1;substantiivi;5*C
ratti;2;substantiivi;5*C
realiteetti;;substantiivi;5*C
referaatti;;substantiivi;5*C
referentti;;substantiivi;5*C
reitti;;substantiivi;5*C
relaksantti;;substantiivi;5*C
remontti;;substantiivi;5*C
reservaatti;;substantiivi;5*C
respiitti;;substantiivi;5*C
resultantti;;substantiivi;5*C
retortti;;substantiivi;5*C
retriitti;;substantiivi;5*C
riitti;;substantiivi;5*C
robotti;;substantiivi;5*C
rontti;;substantiivi;5*C
rosetti;;substantiivi;5*C
rudimentti;;substantiivi;5*C
ruletti;;substantiivi;5*C
rusetti;;substantiivi;5*C
rykmentti;;substantiivi;5*C
räkätti;;substantiivi;5*C
rätti;;substantiivi;5*C
sabatti;;substantiivi;5*C
saitti;;substantiivi;5*C
saketti;;substantiivi;5*C
sakramentti;;substantiivi;5*C
salaatti;;substantiivi;5*C
salisylaatti;;substantiivi;5*C
sametti;;substantiivi;5*C
samotti;;substantiivi;5*C
sandaletti;;substantiivi;5*C
sapatti;;substantiivi;5*C
satelliitti;;substantiivi;5*C
sauvavoltti;;substantiivi;5*C
sedimentti;;substantiivi;5*C
segmentti;;substantiivi;5*C
seitti;;substantiivi;5*C
sekantti;;substantiivi;5*C
sekstantti;;substantiivi;5*C
sekstetti;;substantiivi;5*C
seksualiteetti;;substantiivi;5*C
sekundantti;;substantiivi;5*C
selektiviteetti;;substantiivi;5*C
selibaatti;;substantiivi;5*C
selluliitti;;substantiivi;5*C
sementti;;substantiivi;5*C
senaatti;;substantiivi;5*C
seniliteetti;;substantiivi;5*C
sentti;;substantiivi;5*C
septetti;;substantiivi;5*C
serbetti;;substantiivi;5*C
serpentiniitti;;substantiivi;5*C
sertifikaatti;;substantiivi;5*C
servetti;;substantiivi;5*C
servietti;;substantiivi;5*C
setlementti;;substantiivi;5*C
setti;;substantiivi;5*C
seviotti;;substantiivi;5*C
shotti;;substantiivi;5*C
sideriitti;;substantiivi;5*C
sikolätti;;substantiivi;5*C
silikaatti;;substantiivi;5*C
siltti;;substantiivi;5*C
siluetti;;substantiivi;5*C
simsetti;;substantiivi;5*C
sinetti;;substantiivi;5*C
singulariteetti;;substantiivi;5*C
sintti;;substantiivi;5*C
sipatti;;substantiivi;5*C
sitaatti;;substantiivi;5*C
sitronaatti;;substantiivi;5*C
sivetti;;substantiivi;5*C
skeitti;;substantiivi;5*C
skotti;;substantiivi;5*C
skribentti;;substantiivi;5*C
skuutti;1;substantiivi;5*C
skuutti;2;substantiivi;5*C
slotti;;substantiivi;5*C
sokkapultti;;substantiivi;5*C
solidariteetti;;substantiivi;5*C
sonaatti;;substantiivi;5*C
sonetti;;substantiivi;5*C
sorbetti;;substantiivi;5*C
sorsetti;;substantiivi;5*C
sortimentti;;substantiivi;5*C
sortti;;substantiivi;5*C
sosieteetti;;substantiivi;5*C
sosiopaatti;;substantiivi;5*C
spagaatti;;substantiivi;5*C
spagetti;;substantiivi;5*C
spakaatti;;substantiivi;5*C
spektroliitti;;substantiivi;5*C
spekulantti;;substantiivi;5*C
speltti;;substantiivi;5*C
spesialiteetti;;substantiivi;5*C
spinetti;;substantiivi;5*C
sportti;;substantiivi;5*C
spotti;;substantiivi;5*C
sprintti;;substantiivi;5*C
spurtti;;substantiivi;5*C
stabiliteetti;;substantiivi;5*C
standartti;;substantiivi;5*C
startti;;substantiivi;5*C
statuutti;;substantiivi;5*C
steriliteetti;;substantiivi;5*C
stiletti;;substantiivi;5*C
stimulantti;;substantiivi;5*C
stipendiaatti;;substantiivi;5*C
stuertti;;substantiivi;5*C
stuntti;;substantiivi;5*C
subretti;;substantiivi;5*C
subsidiariteetti;;substantiivi;5*C
substituutti;;substantiivi;5*C
suffragetti;;substantiivi;5*C
sukaatti;;substantiivi;5*C
sukkaatti;;substantiivi;5*C
sulfaatti;;substantiivi;5*C
sulfiitti;;substantiivi;5*C
sultanaatti;;substantiivi;5*C
sunniitti;;substantiivi;5*C
suntti;;substantiivi;5*C
suojatti;;substantiivi;5*C
suplementti;;substantiivi;5*C
surrogaatti;;substantiivi;5*C
suvereniteetti;;substantiivi;5*C
sviitti;;substantiivi;5*C
syklamaatti;;substantiivi;5*C
symbiontti;;substantiivi;5*C
syndikaatti;;substantiivi;5*C
sytostaatti;;substantiivi;5*C
syötti;;substantiivi;5*C
taavetti;;substantiivi;5*C
tabletti;;substantiivi;5*C
taikonautti;;substantiivi;5*C
takakontti;;substantiivi;5*C
tangentti;;substantiivi;5*C
tantti;;substantiivi;5*C
tapetti;;substantiivi;5*C
tarteletti;;substantiivi;5*C
tasetti;;substantiivi;5*C
taskumatti;;substantiivi;5*C
tatti;;substantiivi;5*C
teknokraatti;;substantiivi;5*C
temperamentti;;substantiivi;5*C
tentti;;substantiivi;5*C
teodoliitti;;substantiivi;5*C
terapeutti;;substantiivi;5*C
termiitti;1;substantiivi;5*C
termiitti;2;substantiivi;5*C
termostaatti;;substantiivi;5*C
tertsetti;;substantiivi;5*C
testamentti;;substantiivi;5*C
tiivistyskitti;;substantiivi;5*C
tikankontti;;substantiivi;5*C
tiketti;;substantiivi;5*C
tiltaltti;;substantiivi;5*C
tintti;;substantiivi;5*C
toaletti;;substantiivi;5*C
toiletti;;substantiivi;5*C
tomaatti;;substantiivi;5*C
tonaliteetti;;substantiivi;5*C
tonsilliitti;;substantiivi;5*C
tontti;;substantiivi;5*C
traktaatti;;substantiivi;5*C
transplantaatti;;substantiivi;5*C
transvestiitti;;substantiivi;5*C
trassaatti;;substantiivi;5*C
trassentti;;substantiivi;5*C
tratti;;substantiivi;5*C
tribuutti;;substantiivi;5*C
triumviraatti;;substantiivi;5*C
trivialiteetti;;substantiivi;5*C
trombosyytti;;substantiivi;5*C
trumpetti;;substantiivi;5*C
tsygootti;;substantiivi;5*C
tsätti;;substantiivi;5*C
tulitikkupuntti;;substantiivi;5*C
tuohikontti;;substantiivi;5*C
turvatti;;substantiivi;5*C
tutti;1;substantiivi;5*C
tuutti;;substantiivi;5*C
tviitti;;substantiivi;5*C
twiitti;;substantiivi;5*C
tytti;;substantiivi;5*C
tärpätti;;substantiivi;5*C
tökötti;;substantiivi;5*C
töltti;;substantiivi;5*C
töötti;;substantiivi;5*C
udmurtti;;substantiivi;5*C
undulaatti;;substantiivi;5*C
uutismotti;;substantiivi;5*C
vaarnapultti;;substantiivi;5*C
wahhabiitti;;substantiivi;5*C
validiteetti;;substantiivi;5*C
valtti;;substantiivi;5*C
valvatti;;substantiivi;5*C
vantti;;substantiivi;5*C
variantti;;substantiivi;5*C
varrantti;;substantiivi;5*C
vartti;;substantiivi;5*C
vatti;;substantiivi;5*C
watti;;substantiivi;5*C
verifikaatti;;substantiivi;5*C
vermikuliitti;;substantiivi;5*C
vermutti;;substantiivi;5*C
vidiootti;;substantiivi;5*C
vietti;;substantiivi;5*C
viltti;;substantiivi;5*C
vinegretti;;substantiivi;5*C
vinjetti;;substantiivi;5*C
vintti;1;substantiivi;5*C
vintti;2;substantiivi;5*C
virtuositeetti;;substantiivi;5*C
visiitti;;substantiivi;5*C
viskositeetti;;substantiivi;5*C
vismutti;;substantiivi;5*C
vitaliteetti;;substantiivi;5*C
volatiliteetti;;substantiivi;5*C
voltti;1;substantiivi;5*C
voltti;2;substantiivi;5*C
vompatti;;substantiivi;5*C
vulkaniitti;;substantiivi;5*C
yrtti;;substantiivi;5*C
zeniitti;;substantiivi;5*C
zeoliitti;;substantiivi;5*C
öylätti;;substantiivi;5*C
briljantti;;substantiivi, adjektiivi;5*C
flirtti;;substantiivi, adjektiivi;5*C
juntti;;substantiivi, adjektiivi;5*C
koketti;;substantiivi, adjektiivi;5*C
kuitti;;substantiivi, adjektiivi;5*C
matti;2;substantiivi, adjektiivi;5*C
mutantti;;substantiivi, adjektiivi;5*C
naatti;;substantiivi, adjektiivi;5*C
nörtti;;substantiivi, adjektiivi;5*C
pedantti;;substantiivi, adjektiivi;5*C
timantti;;substantiivi, adjektiivi;5*C
ventti;;substantiivi, adjektiivi;5*C
assosiaatiolaki;;substantiivi;5*D
erillislaki;;substantiivi;5*D
erityislaki;;substantiivi;5*D
kausaalilaki;;substantiivi;5*D
kieltolaki;;substantiivi;5*D
kommutaatiolaki;;substantiivi;5*D
korpilaki;;substantiivi;5*D
laki;1;substantiivi;5*D
luonnonlaki;;substantiivi;5*D
maakuntalaki;;substantiivi;5*D
maanlaki;;substantiivi;5*D
peruslaki;;substantiivi;5*D
perustuslaki;;substantiivi;5*D
poikkeuslaki;;substantiivi;5*D
puitelaki;;substantiivi;5*D
rikoslaki;;substantiivi;5*D
valmiuslaki;;substantiivi;5*D
valtuuslaki;;substantiivi;5*D
yleislaki;;substantiivi;5*D
äännelaki;;substantiivi;5*D
hupi;;substantiivi;5*E
rehti;;adjektiivi;5*F
tuhti;;adjektiivi;5*F
ahti;;substantiivi;5*F
Ahti;;substantiivi;5*F
ajojahti;;substantiivi;5*F
arkkitehti;;substantiivi;5*F
hirvijahti;;substantiivi;5*F
jahti;1;substantiivi;5*F
jahti;2;substantiivi;5*F
jänisjahti;;substantiivi;5*F
karhujahti;;substantiivi;5*F
kettujahti;;substantiivi;5*F
kihti;;substantiivi;5*F
kolehti;;substantiivi;5*F
kontrahti;;substantiivi;5*F
konvehti;;substantiivi;5*F
koti;;substantiivi;5*F
kyyti;;substantiivi;5*F
lahti;2;substantiivi;5*F
lampuoti;;substantiivi;5*F
luhti;;substantiivi;5*F
luoti;;substantiivi;5*F
mahti;;substantiivi;5*F
maiti;;substantiivi;5*F
muoti;;substantiivi;5*F
mäti;;substantiivi;5*F
neiti;;substantiivi;5*F
nihti;;substantiivi;5*F
nukkasihti;;substantiivi;5*F
pihdit;;substantiivi;5*F
puhti;;substantiivi;5*F
puoti;;substantiivi;5*F
pärepihti;;substantiivi;5*F
raati;;substantiivi;5*F
rahti;;substantiivi;5*F
reti;;substantiivi;5*F
ruoti;;substantiivi;5*F
ruuti;;substantiivi;5*F
ruuvipihti;;substantiivi;5*F
ryhti;;substantiivi;5*F
ryti;;substantiivi;5*F
ryyti;;substantiivi;5*F
sahti;;substantiivi;5*F
seiti;;substantiivi;5*F
sihti;1;substantiivi;5*F
sihti;2;substantiivi;5*F
sorsajahti;;substantiivi;5*F
susijahti;;substantiivi;5*F
suti;;substantiivi;5*F
tahti;;substantiivi;5*F
tauti;;substantiivi;5*F
täti;;substantiivi;5*F
vahti;;substantiivi;5*F
vati;;substantiivi;5*F
vauhti;;substantiivi;5*F
viti;;substantiivi;5*F
vouti;;substantiivi;5*F
äiti;;substantiivi;5*F
ballonki;;substantiivi;5*G
balonki;;substantiivi;5*G
blandinki;;substantiivi;5*G
brovninki;;substantiivi;5*G
fiilinki;;substantiivi;5*G
filunki;;substantiivi;5*G
hämminki;;substantiivi;5*G
häslinki;;substantiivi;5*G
juomingit;;substantiivi;5*G
kalsongit;;substantiivi;5*G
kartonki;;substantiivi;5*G
kaupunki;;substantiivi;5*G
kettinki;;substantiivi;5*G
killinki;;substantiivi;5*G
konki;;substantiivi;5*G
koolinki;;substantiivi;5*G
kortonki;;substantiivi;5*G
kretonki;;substantiivi;5*G
krutonki;;substantiivi;5*G
kulunki;;substantiivi;5*G
kuponki;;substantiivi;5*G
lankonki;;substantiivi;5*G
lantinki;;substantiivi;5*G
lantrinki;;substantiivi;5*G
latinki;;substantiivi;5*G
lejeerinki;;substantiivi;5*G
leninki;;substantiivi;5*G
mahonki;;substantiivi;5*G
maininki;;substantiivi;5*G
marenki;;substantiivi;5*G
medaljonki;;substantiivi;5*G
meininki;;substantiivi;5*G
messinki;;substantiivi;5*G
miitinki;;substantiivi;5*G
oranki;;substantiivi;5*G
patonki;;substantiivi;5*G
paviljonki;;substantiivi;5*G
piironki;;substantiivi;5*G
pulisonki;;substantiivi;5*G
putinki;;substantiivi;5*G
pytinki;;substantiivi;5*G
ranki;;substantiivi;5*G
reelinki;;substantiivi;5*G
renki;;substantiivi;5*G
riitinki;;substantiivi;5*G
rinki;;substantiivi;5*G
rottinki;;substantiivi;5*G
rustinki;;substantiivi;5*G
rätinki;;substantiivi;5*G
saalinki;;substantiivi;5*G
salonki;;substantiivi;5*G
sertinki;;substantiivi;5*G
seslonki;;substantiivi;5*G
sesonki;;substantiivi;5*G
shillinki;;substantiivi;5*G
sifonki;;substantiivi;5*G
šillinki;;substantiivi;5*G
suopunki;;substantiivi;5*G
syylinki;;substantiivi;5*G
syytinki;;substantiivi;5*G
syömingit;;substantiivi;5*G
sählinki;;substantiivi;5*G
talonki;;substantiivi;5*G
tellinki;;substantiivi;5*G
tinki;;substantiivi;5*G
tongit;;substantiivi;5*G
vaillinki;;substantiivi;5*G
vanki;;substantiivi;5*G
viikinki;;substantiivi;5*G
vilunki;;substantiivi;5*G
virsinki;;substantiivi;5*G
vooninki;;substantiivi;5*G
västinki;;substantiivi;5*G
pelti;;substantiivi;5*I
aatelointi;;substantiivi;5*J
abortointi;;substantiivi;5*J
absorbointi;;substantiivi;5*J
abstrahointi;;substantiivi;5*J
adaptointi;;substantiivi;5*J
adoptointi;;substantiivi;5*J
adsorbointi;;substantiivi;5*J
agitointi;;substantiivi;5*J
ahkerointi;;substantiivi;5*J
akklimatisointi;;substantiivi;5*J
akkreditointi;;substantiivi;5*J
aktivointi;;substantiivi;5*J
aktualisointi;;substantiivi;5*J
akustointi;;substantiivi;5*J
allokointi;;substantiivi;5*J
aluminointi;;substantiivi;5*J
amputointi;;substantiivi;5*J
analysointi;;substantiivi;5*J
animointi;;substantiivi;5*J
ankkurointi;;substantiivi;5*J
annotointi;;substantiivi;5*J
anti;;substantiivi;5*J
apinointi;;substantiivi;5*J
applikointi;;substantiivi;5*J
aprikointi;;substantiivi;5*J
arenti;;substantiivi;5*J
argumentointi;;substantiivi;5*J
arkistointi;;substantiivi;5*J
artikulointi;;substantiivi;5*J
arviointi;;substantiivi;5*J
asemointi;;substantiivi;5*J
asfaltointi;;substantiivi;5*J
asiointi;;substantiivi;5*J
askarointi;;substantiivi;5*J
aspirointi;;substantiivi;5*J
assimilointi;;substantiivi;5*J
assosiointi;;substantiivi;5*J
asvaltointi;;substantiivi;5*J
ateriointi;;substantiivi;5*J
auditointi;;substantiivi;5*J
auktorisointi;;substantiivi;5*J
auktorointi;;substantiivi;5*J
auskultointi;;substantiivi;5*J
automatisointi;;substantiivi;5*J
bagatellisointi;;substantiivi;5*J
balansointi;;substantiivi;5*J
balsamointi;;substantiivi;5*J
banalisointi;;substantiivi;5*J
betonointi;;substantiivi;5*J
boikotointi;;substantiivi;5*J
boulderointi;;substantiivi;5*J
budjetointi;;substantiivi;5*J
byrokratisointi;;substantiivi;5*J
debatointi;;substantiivi;5*J
dekantointi;;substantiivi;5*J
delegointi;;substantiivi;5*J
demagnetointi;;substantiivi;5*J
dementointi;;substantiivi;5*J
demilitarisointi;;substantiivi;5*J
demobilisointi;;substantiivi;5*J
demokratisointi;;substantiivi;5*J
demonisointi;;substantiivi;5*J
demonstrointi;;substantiivi;5*J
demoralisointi;;substantiivi;5*J
denaturointi;;substantiivi;5*J
deponointi;;substantiivi;5*J
derivointi;;substantiivi;5*J
desentralisointi;;substantiivi;5*J
desinfektointi;;substantiivi;5*J
desinfiointi;;substantiivi;5*J
devalvointi;;substantiivi;5*J
diagnosointi;;substantiivi;5*J
diariointi;;substantiivi;5*J
dieselöinti;;substantiivi;5*J
differentiointi;;substantiivi;5*J
digitalisointi;;substantiivi;5*J
digitointi;;substantiivi;5*J
diskriminointi;;substantiivi;5*J
diskvalifiointi;;substantiivi;5*J
dokumentointi;;substantiivi;5*J
dominointi;;substantiivi;5*J
dramatisointi;;substantiivi;5*J
editointi;;substantiivi;5*J
eliminointi;;substantiivi;5*J
eloksointi;;substantiivi;5*J
elämöinti;;substantiivi;5*J
emalointi;;substantiivi;5*J
emittointi;;substantiivi;5*J
emulointi;;substantiivi;5*J
emännöinti;;substantiivi;5*J
englanti;;substantiivi;5*J
ennakointi;;substantiivi;5*J
entisöinti;;substantiivi;5*J
epilointi;;substantiivi;5*J
epäröinti;;substantiivi;5*J
erotisointi;;substantiivi;5*J
esitelmöinti;;substantiivi;5*J
eskalointi;;substantiivi;5*J
estimointi;;substantiivi;5*J
etiketöinti;;substantiivi;5*J
evakuointi;;substantiivi;5*J
evaluointi;;substantiivi;5*J
evankeliointi;;substantiivi;5*J
fabulointi;;substantiivi;5*J
falsifiointi;;substantiivi;5*J
fantisointi;;substantiivi;5*J
fasilitointi;;substantiivi;5*J
fiksointi;;substantiivi;5*J
fileointi;;substantiivi;5*J
fillarointi;;substantiivi;5*J
filmatisointi;;substantiivi;5*J
filosofointi;;substantiivi;5*J
finansiointi;;substantiivi;5*J
fluorointi;;substantiivi;5*J
fokusointi;;substantiivi;5*J
foliointi;;substantiivi;5*J
formalisointi;;substantiivi;5*J
formatointi;;substantiivi;5*J
formulointi;;substantiivi;5*J
fosforointi;;substantiivi;5*J
fraktiointi;;substantiivi;5*J
fuusiointi;;substantiivi;5*J
gallupointi;;substantiivi;5*J
galvanointi;;substantiivi;5*J
generointi;;substantiivi;5*J
gratinointi;;substantiivi;5*J
grönlanti;;substantiivi;5*J
haarukointi;;substantiivi;5*J
hakkerointi;;substantiivi;5*J
hallinnointi;;substantiivi;5*J
haparointi;;substantiivi;5*J
haravointi;;substantiivi;5*J
harmonisointi;;substantiivi;5*J
havainnointi;;substantiivi;5*J
hedelmöinti;;substantiivi;5*J
henkilöinti;;substantiivi;5*J
hoippurointi;;substantiivi;5*J
hollanti;;substantiivi;5*J
homogenisointi;;substantiivi;5*J
homogenointi;;substantiivi;5*J
hopeointi;;substantiivi;5*J
hulinointi;;substantiivi;5*J
huomiointi;;substantiivi;5*J
hutilointi;;substantiivi;5*J
hypnotisointi;;substantiivi;5*J
häiriköinti;;substantiivi;5*J
hätiköinti;;substantiivi;5*J
identifiointi;;substantiivi;5*J
ideointi;;substantiivi;5*J
ihannointi;;substantiivi;5*J
ikkunointi;;substantiivi;5*J
ikävöinti;;substantiivi;5*J
ilakointi;;substantiivi;5*J
ilkamointi;;substantiivi;5*J
ilmastointi;;substantiivi;5*J
imitointi;;substantiivi;5*J
immobilisointi;;substantiivi;5*J
immunisointi;;substantiivi;5*J
impregnointi;;substantiivi;5*J
improvisointi;;substantiivi;5*J
imurointi;;substantiivi;5*J
indeksointi;;substantiivi;5*J
indoktrinointi;;substantiivi;5*J
informointi;;substantiivi;5*J
inhalointi;;substantiivi;5*J
innovointi;;substantiivi;5*J
installointi;;substantiivi;5*J
instrumentointi;;substantiivi;5*J
integrointi;;substantiivi;5*J
internointi;;substantiivi;5*J
intrigointi;;substantiivi;5*J
inventointi;;substantiivi;5*J
investointi;;substantiivi;5*J
ionisointi;;substantiivi;5*J
islanti;;substantiivi;5*J
isolointi;;substantiivi;5*J
isännöinti;;substantiivi;5*J
iterointi;;substantiivi;5*J
jankkurointi;;substantiivi;5*J
jumalointi;;substantiivi;5*J
juonti;;substantiivi;5*J
jäänti;;substantiivi;5*J
kaakelointi;;substantiivi;5*J
kaaviointi;;substantiivi;5*J
kahakointi;;substantiivi;5*J
kahinointi;;substantiivi;5*J
kalibrointi;;substantiivi;5*J
kalkylointi;;substantiivi;5*J
kaltevointi;;substantiivi;5*J
kampanjointi;;substantiivi;5*J
kanavointi;;substantiivi;5*J
kapalointi;;substantiivi;5*J
kapinointi;;substantiivi;5*J
kapitalisointi;;substantiivi;5*J
kapitalointi;;substantiivi;5*J
karkelointi;;substantiivi;5*J
karnevalisointi;;substantiivi;5*J
karrikointi;;substantiivi;5*J
karsinointi;;substantiivi;5*J
kasetointi;;substantiivi;5*J
kastrointi;;substantiivi;5*J
kategorisointi;;substantiivi;5*J
katetrointi;;substantiivi;5*J
keikarointi;;substantiivi;5*J
kellarointi;;substantiivi;5*J
kesannointi;;substantiivi;5*J
kestopigmentointi;;substantiivi;5*J
kestävöinti;;substantiivi;5*J
kihelmöinti;;substantiivi;5*J
kiikarointi;;substantiivi;5*J
kiintiöinti;;substantiivi;5*J
kipinöinti;;substantiivi;5*J
kirjelmöinti;;substantiivi;5*J
klassifiointi;;substantiivi;5*J
koagulointi;;substantiivi;5*J
kodifiointi;;substantiivi;5*J
kolmiointi;;substantiivi;5*J
kombinointi;;substantiivi;5*J
kommentointi;;substantiivi;5*J
kommunikointi;;substantiivi;5*J
komparointi;;substantiivi;5*J
kompensointi;;substantiivi;5*J
kompostointi;;substantiivi;5*J
kompurointi;;substantiivi;5*J
konfigurointi;;substantiivi;5*J
konjugointi;;substantiivi;5*J
konsentrointi;;substantiivi;5*J
konservointi;;substantiivi;5*J
konstruointi;;substantiivi;5*J
konsultointi;;substantiivi;5*J
kontribuointi;;substantiivi;5*J
kontrollointi;;substantiivi;5*J
konvertointi;;substantiivi;5*J
koonti;;substantiivi;5*J
koordinointi;;substantiivi;5*J
kopiointi;;substantiivi;5*J
kortistointi;;substantiivi;5*J
krematointi;;substantiivi;5*J
kriminalisointi;;substantiivi;5*J
kritikointi;;substantiivi;5*J
kritisointi;;substantiivi;5*J
kuparointi;;substantiivi;5*J
kursivointi;;substantiivi;5*J
kuutiointi;;substantiivi;5*J
kuviointi;;substantiivi;5*J
kvalifiointi;;substantiivi;5*J
kvantifiointi;;substantiivi;5*J
käpälöinti;;substantiivi;5*J
kärhämöinti;;substantiivi;5*J
käräjöinti;;substantiivi;5*J
käynti;;substantiivi;5*J
laakerointi;;substantiivi;5*J
laastarointi;;substantiivi;5*J
laborointi;;substantiivi;5*J
laminointi;;substantiivi;5*J
lapiointi;;substantiivi;5*J
laskelmointi;;substantiivi;5*J
legitimointi;;substantiivi;5*J
liehakointi;;substantiivi;5*J
lihavointi;;substantiivi;5*J
liikennöinti;;substantiivi;5*J
liisteröinti;;substantiivi;5*J
likvidointi;;substantiivi;5*J
lisensiointi;;substantiivi;5*J
lisensointi;;substantiivi;5*J
litterointi;;substantiivi;5*J
lokalisointi;;substantiivi;5*J
lokerointi;;substantiivi;5*J
luettelointi;;substantiivi;5*J
luonti;;substantiivi;5*J
lyönti;;substantiivi;5*J
magnetisointi;;substantiivi;5*J
magnetointi;;substantiivi;5*J
maisemointi;;substantiivi;5*J
maksimointi;;substantiivi;5*J
manipulointi;;substantiivi;5*J
mankelointi;;substantiivi;5*J
manöverointi;;substantiivi;5*J
marinointi;;substantiivi;5*J
markkinointi;;substantiivi;5*J
marmorointi;;substantiivi;5*J
martiointi;;substantiivi;5*J
masinointi;;substantiivi;5*J
masturbointi;;substantiivi;5*J
medikalisointi;;substantiivi;5*J
meditointi;;substantiivi;5*J
mellakointi;;substantiivi;5*J
mentorointi;;substantiivi;5*J
merserointi;;substantiivi;5*J
messingöinti;;substantiivi;5*J
mestarointi;;substantiivi;5*J
metallointi;;substantiivi;5*J
metastasointi;;substantiivi;5*J
metelöinti;;substantiivi;5*J
mikroskopointi;;substantiivi;5*J
minimointi;;substantiivi;5*J
mitätöinti;;substantiivi;5*J
mobilisointi;;substantiivi;5*J
modernisointi;;substantiivi;5*J
moderointi;;substantiivi;5*J
modifiointi;;substantiivi;5*J
modulointi;;substantiivi;5*J
monitorointi;;substantiivi;5*J
monopolisointi;;substantiivi;5*J
moottorointi;;substantiivi;5*J
moralisointi;;substantiivi;5*J
motivointi;;substantiivi;5*J
moukarointi;;substantiivi;5*J
muhinointi;;substantiivi;5*J
mukilointi;;substantiivi;5*J
murkinointi;;substantiivi;5*J
museointi;;substantiivi;5*J
musisointi;;substantiivi;5*J
mystifiointi;;substantiivi;5*J
myynti;;substantiivi;5*J
naamiointi;;substantiivi;5*J
nahinointi;;substantiivi;5*J
nainti;;substantiivi;5*J
navigointi;;substantiivi;5*J
neliöinti;;substantiivi;5*J
neutralointi;;substantiivi;5*J
nikkelöinti;;substantiivi;5*J
nimikointi;;substantiivi;5*J
normalisointi;;substantiivi;5*J
nostalgisointi;;substantiivi;5*J
nujakointi;;substantiivi;5*J
numerointi;;substantiivi;5*J
nyansointi;;substantiivi;5*J
näpelöinti;;substantiivi;5*J
observointi;;substantiivi;5*J
ohjelmointi;;substantiivi;5*J
operointi;;substantiivi;5*J
opponointi;;substantiivi;5*J
optimointi;;substantiivi;5*J
organisointi;;substantiivi;5*J
orientointi;;substantiivi;5*J
orkestrointi;;substantiivi;5*J
otsikointi;;substantiivi;5*J
otsonisointi;;substantiivi;5*J
otsonointi;;substantiivi;5*J
paketointi;;substantiivi;5*J
pakinointi;;substantiivi;5*J
palmikointi;;substantiivi;5*J
palpointi;;substantiivi;5*J
palsamointi;;substantiivi;5*J
panelointi;;substantiivi;5*J
panerointi;;substantiivi;5*J
panikointi;;substantiivi;5*J
panorointi;;substantiivi;5*J
panssarointi;;substantiivi;5*J
paperointi;;substantiivi;5*J
parafinointi;;substantiivi;5*J
parafointi;;substantiivi;5*J
parfymointi;;substantiivi;5*J
parodiointi;;substantiivi;5*J
partiointi;;substantiivi;5*J
parturointi;;substantiivi;5*J
pastörointi;;substantiivi;5*J
patentointi;;substantiivi;5*J
patikointi;;substantiivi;5*J
patinointi;;substantiivi;5*J
pelletointi;;substantiivi;5*J
pelletöinti;;substantiivi;5*J
pendelöinti;;substantiivi;5*J
penikointi;;substantiivi;5*J
perforointi;;substantiivi;5*J
personifiointi;;substantiivi;5*J
personointi;;substantiivi;5*J
peukalointi;;substantiivi;5*J
piehtarointi;;substantiivi;5*J
pikkelöinti;;substantiivi;5*J
pilleröinti;;substantiivi;5*J
pilotointi;;substantiivi;5*J
pisarointi;;substantiivi;5*J
plagiointi;;substantiivi;5*J
platinointi;;substantiivi;5*J
pokkurointi;;substantiivi;5*J
polemikointi;;substantiivi;5*J
polemisointi;;substantiivi;5*J
politikointi;;substantiivi;5*J
politisointi;;substantiivi;5*J
pomilointi;;substantiivi;5*J
popularisointi;;substantiivi;5*J
preparointi;;substantiivi;5*J
presisointi;;substantiivi;5*J
priorisointi;;substantiivi;5*J
produsointi;;substantiivi;5*J
profilointi;;substantiivi;5*J
projisiointi;;substantiivi;5*J
projisointi;;substantiivi;5*J
propagointi;;substantiivi;5*J
prosessointi;;substantiivi;5*J
prostituointi;;substantiivi;5*J
protestointi;;substantiivi;5*J
provosointi;;substantiivi;5*J
psykologiointi;;substantiivi;5*J
psykologisointi;;substantiivi;5*J
puikkarointi;;substantiivi;5*J
puinti;;substantiivi;5*J
pulikointi;;substantiivi;5*J
pullikointi;;substantiivi;5*J
puntarointi;;substantiivi;5*J
puoskarointi;;substantiivi;5*J
pykälöinti;;substantiivi;5*J
pysäköinti;;substantiivi;5*J
pyynti;;substantiivi;5*J
päsmäröinti;;substantiivi;5*J
radiointi;;substantiivi;5*J
raffinointi;;substantiivi;5*J
rahastointi;;substantiivi;5*J
raportointi;;substantiivi;5*J
rasterointi;;substantiivi;5*J
ratifiointi;;substantiivi;5*J
rationalisointi;;substantiivi;5*J
reagointi;;substantiivi;5*J
realisointi;;substantiivi;5*J
redusointi;;substantiivi;5*J
referointi;;substantiivi;5*J
reformointi;;substantiivi;5*J
regenerointi;;substantiivi;5*J
rehabilitointi;;substantiivi;5*J
rekisteröinti;;substantiivi;5*J
reklamointi;;substantiivi;5*J
rekonstruointi;;substantiivi;5*J
rekrytointi;;substantiivi;5*J
remontointi;;substantiivi;5*J
replikointi;;substantiivi;5*J
resonointi;;substantiivi;5*J
restaurointi;;substantiivi;5*J
resursointi;;substantiivi;5*J
rettelöinti;;substantiivi;5*J
retusointi;;substantiivi;5*J
revalvointi;;substantiivi;5*J
ripulointi;;substantiivi;5*J
robotisointi;;substantiivi;5*J
robotointi;;substantiivi;5*J
rusikointi;;substantiivi;5*J
rynnäköinti;;substantiivi;5*J
rähinöinti;;substantiivi;5*J
räpiköinti;;substantiivi;5*J
räätälöinti;;substantiivi;5*J
saanti;;substantiivi;5*J
sabotointi;;substantiivi;5*J
salamointi;;substantiivi;5*J
sanforointi;;substantiivi;5*J
sanktiointi;;substantiivi;5*J
saranointi;;substantiivi;5*J
satulointi;;substantiivi;5*J
saturointi;;substantiivi;5*J
savotointi;;substantiivi;5*J
segmentointi;;substantiivi;5*J
sekunti;;substantiivi;5*J
sementointi;;substantiivi;5*J
sensorointi;1;substantiivi;5*J
sensorointi;2;substantiivi;5*J
sensurointi;;substantiivi;5*J
sentralisointi;;substantiivi;5*J
separointi;;substantiivi;5*J
sepelöinti;;substantiivi;5*J
seppelöinti;;substantiivi;5*J
sertifiointi;;substantiivi;5*J
siivilöinti;;substantiivi;5*J
sijainti;;substantiivi;5*J
silmikointi;;substantiivi;5*J
silmukointi;;substantiivi;5*J
simulointi;;substantiivi;5*J
sinetöinti;;substantiivi;5*J
sinkilöinti;;substantiivi;5*J
siselöinti;;substantiivi;5*J
skematisointi;;substantiivi;5*J
smirgelöinti;;substantiivi;5*J
sointi;;substantiivi;5*J
sokerointi;;substantiivi;5*J
somatisointi;;substantiivi;5*J
sopulointi;;substantiivi;5*J
sosialisointi;;substantiivi;5*J
spekulointi;;substantiivi;5*J
spesialisointi;;substantiivi;5*J
spesifiointi;;substantiivi;5*J
sponsorointi;;substantiivi;5*J
stabilointi;;substantiivi;5*J
standardisointi;;substantiivi;5*J
standardointi;;substantiivi;5*J
sterilisointi;;substantiivi;5*J
sterilointi;;substantiivi;5*J
stilisointi;;substantiivi;5*J
stimulointi;;substantiivi;5*J
strukturointi;;substantiivi;5*J
sublimointi;;substantiivi;5*J
subventointi;;substantiivi;5*J
suhmurointi;;substantiivi;5*J
suikalointi;;substantiivi;5*J
sukkulointi;;substantiivi;5*J
suutarointi;;substantiivi;5*J
sympatisointi;;substantiivi;5*J
synkopointi;;substantiivi;5*J
synkronisointi;;substantiivi;5*J
synkronointi;;substantiivi;5*J
syntesointi;;substantiivi;5*J
syntetisointi;;substantiivi;5*J
synti;;substantiivi;5*J
systematisointi;;substantiivi;5*J
systemointi;;substantiivi;5*J
syönti;;substantiivi;5*J
säiliöinti;;substantiivi;5*J
säätiöinti;;substantiivi;5*J
tabulointi;;substantiivi;5*J
taikinointi;;substantiivi;5*J
taiturointi;;substantiivi;5*J
takavarikointi;;substantiivi;5*J
takilointi;;substantiivi;5*J
taktikointi;;substantiivi;5*J
taltiointi;;substantiivi;5*J
tapetointi;;substantiivi;5*J
tariffointi;;substantiivi;5*J
tarinointi;;substantiivi;5*J
tatuointi;;substantiivi;5*J
taulukointi;;substantiivi;5*J
teikarointi;;substantiivi;5*J
teksturointi;;substantiivi;5*J
telakointi;;substantiivi;5*J
televisiointi;;substantiivi;5*J
teoriointi;;substantiivi;5*J
terapointi;;substantiivi;5*J
terassointi;;substantiivi;5*J
terminointi;;substantiivi;5*J
tiirikointi;;substantiivi;5*J
tilastointi;;substantiivi;5*J
tiliöinti;;substantiivi;5*J
titulointi;;substantiivi;5*J
tohelointi;;substantiivi;5*J
tohtorointi;;substantiivi;5*J
toikkarointi;;substantiivi;5*J
torpedointi;;substantiivi;5*J
transformointi;;substantiivi;5*J
translitterointi;;substantiivi;5*J
transplantointi;;substantiivi;5*J
transponointi;;substantiivi;5*J
tumpelointi;;substantiivi;5*J
tumpulointi;;substantiivi;5*J
tunarointi;;substantiivi;5*J
tunnelmointi;;substantiivi;5*J
tunnelointi;;substantiivi;5*J
tunti;;substantiivi;5*J
tuomarointi;;substantiivi;5*J
tuonti;;substantiivi;5*J
tupakointi;;substantiivi;5*J
turinointi;;substantiivi;5*J
tutorointi;;substantiivi;5*J
tuutorointi;;substantiivi;5*J
uinti;;substantiivi;5*J
umpiointi;;substantiivi;5*J
unelmointi;;substantiivi;5*J
urakointi;;substantiivi;5*J
uutisointi;;substantiivi;5*J
vaikerointi;;substantiivi;5*J
vakiointi;;substantiivi;5*J
validointi;;substantiivi;5*J
valikointi;;substantiivi;5*J
vandalisointi;;substantiivi;5*J
varastointi;;substantiivi;5*J
variointi;;substantiivi;5*J
vartiointi;;substantiivi;5*J
vasarointi;;substantiivi;5*J
vasikointi;;substantiivi;5*J
vatulointi;;substantiivi;5*J
ventilointi;;substantiivi;5*J
verbalisointi;;substantiivi;5*J
verifiointi;;substantiivi;5*J
verkostointi;;substantiivi;5*J
versiointi;;substantiivi;5*J
videointi;;substantiivi;5*J
viemäröinti;;substantiivi;5*J
vienti;;substantiivi;5*J
viheriöinti;;substantiivi;5*J
viipalointi;;substantiivi;5*J
viittilöinti;;substantiivi;5*J
vikurointi;;substantiivi;5*J
virvelöinti;;substantiivi;5*J
visiointi;;substantiivi;5*J
visualisointi;;substantiivi;5*J
vitaminointi;;substantiivi;5*J
vointi;;substantiivi;5*J
vulgarisointi;;substantiivi;5*J
vulkanointi;;substantiivi;5*J
väkevöinti;;substantiivi;5*J
yksilöinti;;substantiivi;5*J
ympyröinti;;substantiivi;5*J
ympäröinti;;substantiivi;5*J
äyskäröinti;;substantiivi;5*J
öykkäröinti;;substantiivi;5*J
isorotta;;substantiivi;50, (51)
kuivamuona;;substantiivi;50, (51)
kuivaruoka;;substantiivi;50, (51)
märkämuona;;substantiivi;50, (51)
märkäruoka;;substantiivi;50, (51)
outolintu;;substantiivi;50, (51)
isokierto;;substantiivi;50, 51
isokoskelo;;substantiivi;50, 51
isokuovi;;substantiivi;50, 51
isokäpylintu;;substantiivi;50, 51
isolepinkäinen;;substantiivi;50, 51
isolokki;;substantiivi;50, 51
isomaksaruoho;;substantiivi;50, 51
isopanda;;substantiivi;50, 51
isorumpu;;substantiivi;50, 51
karkearehu;;substantiivi;50, 51
kirjavapillike;;substantiivi;50, 51
kuivakukka;;substantiivi;50, 51
lämminvarasto;;substantiivi;50, 51
lämminvaunu;;substantiivi;50, 51
mustaherukka;;substantiivi;50, 51
mustalintu;;substantiivi;50, 51
mustapippuri;;substantiivi;50, 51
mustatorvisieni;;substantiivi;50, 51
pahaputki;;substantiivi;50, 51
pitkäkirkko;;substantiivi;50, 51
pitkäperjantai;;substantiivi;50, 51
puolikuu;;substantiivi;50, 51
puolimatka;;substantiivi;50, 51
puoliväli;;substantiivi;50, 51
puoliyö;;substantiivi;50, 51
raitisilma;;substantiivi;50, 51
raskasvesi;;substantiivi;50, 51
raskasvety;;substantiivi;50, 51
suorakulma;;substantiivi;50, 51
suoraommel;;substantiivi;50, 51
hienosokeri;;substantiivi;51, 50
isojako;;substantiivi;51, 50
isomasto;;substantiivi;51, 50
isopistooli;;substantiivi;51, 50
isopurje;;substantiivi;51, 50
isorokko;;substantiivi;51, 50
isosisar;;substantiivi;51, 50
isosisko;;substantiivi;51, 50
isovarvas;;substantiivi;51, 50
isoveli;;substantiivi;51, 50
isoviha;;substantiivi;51, 50
kuivakakku;;substantiivi;51, 50
kuivakausi;;substantiivi;51, 50
kuivapaino;;substantiivi;51, 50
mustamakkara;;substantiivi;51, 50
omakuva;;substantiivi;51, 50
puolipäivä;;substantiivi;51, 50
sepiväpeippi;;substantiivi;51, 50
täysikuu;;substantiivi;51, 50
vierasmies;;substantiivi;51, 50
hapsi;;substantiivi;7, (29)
uksi;;substantiivi;7, (29)
kymi;;substantiivi;7, (5)
kaikki;;pronomini;7*A
appi;1;substantiivi;7*B
happi;;substantiivi;7*B
sappi;;substantiivi;7*B
soppi;1;substantiivi;7*B
tuppi;;substantiivi;7*B
typpi;;substantiivi;7*B
hauki;;substantiivi;7*D
hiki;;substantiivi;7*D
joki;;substantiivi;7*D
kallionlaki;;substantiivi;7*D
kitalaki;;substantiivi;7*D
käki;;substantiivi;7*D
laki;2;substantiivi;7*D
mäki;;substantiivi;7*D
noki;;substantiivi;7*D
piki;;substantiivi;7*D
päälaki;;substantiivi;7*D
reki;;substantiivi;7*D
suulaki;;substantiivi;7*D
taivaanlaki;;substantiivi;7*D
tuki;;substantiivi;7*D
tunturinlaki;;substantiivi;7*D
vaaranlaki;;substantiivi;7*D
väki;;substantiivi;7*D
arpi;;substantiivi;7*E
kilpi;;substantiivi;7*E
koipi;;substantiivi;7*E
korpi;;substantiivi;7*E
leipäläpi;;substantiivi;7*E
läpi;2;substantiivi;7*E
napinläpi;;substantiivi;7*E
persläpi;;substantiivi;7*E
rupi;;substantiivi;7*E
siipi;;substantiivi;7*E
virpi;;substantiivi;7*E
alpi;;substantiivi;7*E, (5)
helpi;;substantiivi;7*E, (5)
seipi;;substantiivi;7*E, 5*(E)
haahti;;substantiivi;7*F
lahti;1;substantiivi;7*F
lehti;;substantiivi;7*F
lintulahti;;substantiivi;7*F
merenlahti;;substantiivi;7*F
tähti;;substantiivi;7*F
vyyhti;;substantiivi;7*F, 5*F
hanki;;substantiivi;7*G
henki;;substantiivi;7*G
kanki;;substantiivi;7*G
länget;;substantiivi;7*G
onki;;substantiivi;7*G
sänki;;substantiivi;7*G
impi;;substantiivi;7*H
kampi;;substantiivi;7*H
kimpi;;substantiivi;7*H
lampi;;substantiivi;7*H
lempi;;substantiivi;7*H
rimpi;;substantiivi;7*H
sampi;;substantiivi;7*H
umpi;;substantiivi;7*H
arki;;substantiivi;7*L
jälki;;substantiivi;7*L
järki;;substantiivi;7*L
kurki;;substantiivi;7*L
kylki;;substantiivi;7*L
kärki;;substantiivi;7*L
olki;;substantiivi;7*L
solki;;substantiivi;7*L
sylki;;substantiivi;7*L
särki;;substantiivi;7*L
telki;;substantiivi;7*L
brownie;;substantiivi;8, (21)
cookie;;substantiivi;8, (21)
fruitie;;substantiivi;8, (21)
smoothie;;substantiivi;8, (21)
whoopie;;substantiivi;8, (21)
kolme;;numeraali;8, (mon.7)
meze;;substantiivi;8, 21
caddie;;substantiivi;8, 3
bourette;;substantiivi;8*(C)
rillette;;substantiivi;8*(C)
ringette;;substantiivi;8*(C)
vinaigrette;;substantiivi;8*(C)
nukke;;substantiivi;8*A
jeppe;;substantiivi;8*B
aneurysma;;substantiivi;9, 10
kysta;;substantiivi;9, 10
lymfa;;substantiivi;9, 10
lyyra;;substantiivi;9, 10
myrha;;substantiivi;9, 10
tylla;;substantiivi;9, 10
vänskä;;substantiivi;9, 10
koala;;substantiivi;9, 12, (10)
ahkeraliisa;;substantiivi;9, 50
grappa;;substantiivi;9*(B)
bruschetta;;substantiivi;9*(C)
ciabatta;;substantiivi;9*(C)
pancetta;;substantiivi;9*(C)
ricotta;;substantiivi;9*(C)
sinfonietta;;substantiivi;9*(C)
nahka;;substantiivi;9*(D)
raita;3;substantiivi;9*(F)
seljanka;;substantiivi;9*(G)
soljanka;;substantiivi;9*(G)
vimpa;;substantiivi;9*(H)
niukka;;adjektiivi;9*A
piukka;;adjektiivi;9*A
rankka;;adjektiivi;9*A
sankka;;adjektiivi;9*A
silkka;;adjektiivi;9*A
tarkka;;adjektiivi;9*A
vankka;;adjektiivi;9*A
tiukka;;adjektiivi, substantiivi;9*A
aerodynamiikka;;substantiivi;9*A
akka;;substantiivi;9*A
akustiikka;;substantiivi;9*A
almanakka;;substantiivi;9*A
analytiikka;;substantiivi;9*A
anglistiikka;;substantiivi;9*A
ankka;;substantiivi;9*A
arabistiikka;;substantiivi;9*A
aritmetiikka;;substantiivi;9*A
aseptiikka;;substantiivi;9*A
astronautiikka;;substantiivi;9*A
automatiikka;;substantiivi;9*A
avioniikka;;substantiivi;9*A
avotakka;;substantiivi;9*A
balalaikka;;substantiivi;9*A
ballistiikka;;substantiivi;9*A
biometriikka;;substantiivi;9*A
bioniikka;;substantiivi;9*A
biotakka;;substantiivi;9*A
bitumilakka;;substantiivi;9*A
botaniikka;;substantiivi;9*A
diagnostiikka;;substantiivi;9*A
dialektiikka;;substantiivi;9*A
didaktiikka;;substantiivi;9*A
dietetiikka;;substantiivi;9*A
dogmatiikka;;substantiivi;9*A
dramatiikka;;substantiivi;9*A
dynamiikka;;substantiivi;9*A
eksegetiikka;;substantiivi;9*A
eksotiikka;;substantiivi;9*A
elektroniikka;;substantiivi;9*A
enkka;;substantiivi;9*A
epigenetiikka;;substantiivi;9*A
erotiikka;;substantiivi;9*A
esseistiikka;;substantiivi;9*A
estetiikka;;substantiivi;9*A
fennistiikka;;substantiivi;9*A
fennougristiikka;;substantiivi;9*A
fikka;;substantiivi;9*A
filkka;;substantiivi;9*A
flikka;;substantiivi;9*A
folkloristiikka;;substantiivi;9*A
fonetiikka;;substantiivi;9*A
genetiikka;;substantiivi;9*A
germanistiikka;;substantiivi;9*A
guttaperkka;;substantiivi;9*A
harkat;;substantiivi;9*A
harmonikka;;substantiivi;9*A
hartsilakka;;substantiivi;9*A
haukka;;substantiivi;9*A
heinäsirkka;;substantiivi;9*A
hepsankeikka;;substantiivi;9*A
heraldiikka;;substantiivi;9*A
hermeneutiikka;;substantiivi;9*A
heuristiikka;;substantiivi;9*A
hiekka;;substantiivi;9*A
hikka;;substantiivi;9*A
hilkka;;substantiivi;9*A
hiuslakka;;substantiivi;9*A
hydrauliikka;;substantiivi;9*A
iikka;;substantiivi;9*A
informatiikka;;substantiivi;9*A
japaninlakka;;substantiivi;9*A
jenkka;;substantiivi;9*A
journalistiikka;;substantiivi;9*A
juridiikka;;substantiivi;9*A
jättilaukka;;substantiivi;9*A
kakka;;substantiivi;9*A
kangaspakka;;substantiivi;9*A
karakteristiikka;;substantiivi;9*A
kasuistiikka;;substantiivi;9*A
keikka;;substantiivi;9*A
kelkka;;substantiivi;9*A
keramiikka;;substantiivi;9*A
kermanekka;;substantiivi;9*A
kierrepakka;;substantiivi;9*A
kiitolaukka;;substantiivi;9*A
kikka;;substantiivi;9*A
kilkka;;substantiivi;9*A
kinematiikka;;substantiivi;9*A
kinetiikka;;substantiivi;9*A
kirjelakka;;substantiivi;9*A
kiropraktiikka;;substantiivi;9*A
korjauslakka;;substantiivi;9*A
korttipakka;;substantiivi;9*A
kosmetiikka;;substantiivi;9*A
kotisirkka;;substantiivi;9*A
krappilakka;;substantiivi;9*A
kreikka;;substantiivi;9*A
kriminalistiikka;;substantiivi;9*A
kulkusirkka;;substantiivi;9*A
kultalakka;1;substantiivi;9*A
kultalakka;2;substantiivi;9*A
kuperkeikka;;substantiivi;9*A
kybernetiikka;;substantiivi;9*A
kynsilakka;;substantiivi;9*A
kynsilaukka;;substantiivi;9*A
kyyhkyslakka;;substantiivi;9*A
käsipakka;;substantiivi;9*A
laikka;;substantiivi;9*A
lakka;1;substantiivi;9*A
lakka;2;substantiivi;9*A
lakka;3;substantiivi;9*A
lakka;4;substantiivi;9*A
laukka;1;substantiivi;9*A
laukka;2;substantiivi;9*A
lehtijousipakka;;substantiivi;9*A
liikka;;substantiivi;9*A
likka;;substantiivi;9*A
lingvistiikka;;substantiivi;9*A
litulaukka;;substantiivi;9*A
logistiikka;;substantiivi;9*A
maikka;;substantiivi;9*A
mankka;;substantiivi;9*A
markka;;substantiivi;9*A
matematiikka;;substantiivi;9*A
matriarkka;;substantiivi;9*A
mekaniikka;;substantiivi;9*A
mekatroniikka;;substantiivi;9*A
mekka;;substantiivi;9*A
melodiikka;;substantiivi;9*A
menkat;;substantiivi;9*A
metallilakka;;substantiivi;9*A
metodiikka;;substantiivi;9*A
miekka;;substantiivi;9*A
miikka;;substantiivi;9*A
moduulirekka;;substantiivi;9*A
motoriikka;;substantiivi;9*A
naakka;;substantiivi;9*A
nautiikka;;substantiivi;9*A
‑niekka;;substantiivi;9*A
nilkka;;substantiivi;9*A
nordistiikka;;substantiivi;9*A
novellistiikka;;substantiivi;9*A
numismatiikka;;substantiivi;9*A
oksalakka;;substantiivi;9*A
ongelmatiikka;;substantiivi;9*A
onomastiikka;;substantiivi;9*A
orientalistiikka;;substantiivi;9*A
ornamentiikka;;substantiivi;9*A
paikka;;substantiivi;9*A
pakka;1;substantiivi;9*A
pakka;2;substantiivi;9*A
palkka;;substantiivi;9*A
palosirkka;;substantiivi;9*A
palsternakka;;substantiivi;9*A
patriarkka;;substantiivi;9*A
pedagogiikka;;substantiivi;9*A
pekka;;substantiivi;9*A
pelkka;;substantiivi;9*A
penkka;;substantiivi;9*A
peristaltiikka;;substantiivi;9*A
pilkka;1;substantiivi;9*A
pilkka;2;substantiivi;9*A
pinkka;;substantiivi;9*A
plikka;;substantiivi;9*A
pneumatiikka;;substantiivi;9*A
poetiikka;;substantiivi;9*A
politiikka;;substantiivi;9*A
polttolakka;;substantiivi;9*A
praasniekka;;substantiivi;9*A
pragmatiikka;;substantiivi;9*A
prikka;;substantiivi;9*A
problematiikka;;substantiivi;9*A
pronssilakka;;substantiivi;9*A
purjolaukka;;substantiivi;9*A
rakka;;substantiivi;9*A
raukka;;substantiivi;9*A
rekka;1;substantiivi;9*A
rekka;2;substantiivi;9*A
retoriikka;;substantiivi;9*A
rikka;;substantiivi;9*A
rinkka;;substantiivi;9*A
ristilaukka;;substantiivi;9*A
robotiikka;;substantiivi;9*A
romanistiikka;;substantiivi;9*A
romantiikka;;substantiivi;9*A
rukoilijasirkka;;substantiivi;9*A
ruoholaukka;;substantiivi;9*A
rusistiikka;;substantiivi;9*A
russistiikka;;substantiivi;9*A
saikka;;substantiivi;9*A
sakka;;substantiivi;9*A
sanaharkka;;substantiivi;9*A
seikka;;substantiivi;9*A
sekka;;substantiivi;9*A
selluloosalakka;;substantiivi;9*A
semantiikka;;substantiivi;9*A
semiotiikka;;substantiivi;9*A
senkka;;substantiivi;9*A
sinettilakka;;substantiivi;9*A
sirkka;1;substantiivi;9*A
sirkka;2;substantiivi;9*A
sirkka;3;substantiivi;9*A
sisustustakka;;substantiivi;9*A
skolastiikka;;substantiivi;9*A
slavistiikka;;substantiivi;9*A
sofistiikka;;substantiivi;9*A
statistiikka;;substantiivi;9*A
stilistiikka;;substantiivi;9*A
suojalakka;;substantiivi;9*A
symboliikka;;substantiivi;9*A
systematiikka;;substantiivi;9*A
taakka;;substantiivi;9*A
takka;1;substantiivi;9*A
takka;2;substantiivi;9*A
tektoniikka;;substantiivi;9*A
telematiikka;;substantiivi;9*A
telkka;;substantiivi;9*A
tematiikka;;substantiivi;9*A
terkka;;substantiivi;9*A
tikka;;substantiivi;9*A
tilkka;;substantiivi;9*A
ugristiikka;;substantiivi;9*A
vakka;;substantiivi;9*A
vastalaukka;;substantiivi;9*A
veikka;1;substantiivi;9*A
veikka;2;substantiivi;9*A
vesivaippatakka;;substantiivi;9*A
yövilkka;;substantiivi;9*A
hiukka;;substantiivi, adverbi;9*A
vimppa;;adjektiivi, substantiivi;9*B
heippa;;interjektio;9*B
aviosiippa;;substantiivi;9*B
heppa;;substantiivi;9*B
hiippa;;substantiivi;9*B
hipat;;substantiivi;9*B
hippa;;substantiivi;9*B
jamppa;;substantiivi;9*B
kappa;1;substantiivi;9*B
kappa;2;substantiivi;9*B
kappa;3;substantiivi;9*B
kauppa;;substantiivi;9*B
kimppa;;substantiivi;9*B
kirppa;;substantiivi;9*B
kremppa;;substantiivi;9*B
laippa;;substantiivi;9*B
liippa;;substantiivi;9*B
lippa;;substantiivi;9*B
nappa;;substantiivi;9*B
nippa;;substantiivi;9*B
paappa;;substantiivi;9*B
pappa;;substantiivi;9*B
perunakappa;;substantiivi;9*B
raappa;;substantiivi;9*B
raippa;;substantiivi;9*B
remppa;;substantiivi;9*B
riippa;;substantiivi;9*B
siippa;1;substantiivi;9*B
siippa;2;substantiivi;9*B
tippa;;substantiivi;9*B
tirppa;;substantiivi;9*B
vaippa;;substantiivi;9*B
vesisiippa;;substantiivi;9*B
viiksisiippa;;substantiivi;9*B
vippa;;substantiivi;9*B
matta;;adjektiivi;9*C
aitta;;substantiivi;9*C
aortta;;substantiivi;9*C
apologeetta;;substantiivi;9*C
arkkimandriitta;;substantiivi;9*C
aurausviitta;;substantiivi;9*C
derivaatta;;substantiivi;9*C
eteläviitta;;substantiivi;9*C
geminaatta;;substantiivi;9*C
haitta;;substantiivi;9*C
hakkapeliitta;;substantiivi;9*C
hartiaviitta;;substantiivi;9*C
heltta;;substantiivi;9*C
hertta;;substantiivi;9*C
itäviitta;;substantiivi;9*C
jesuiitta;;substantiivi;9*C
johanniitta;;substantiivi;9*C
kajuutta;;substantiivi;9*C
karmeliitta;;substantiivi;9*C
kartta;;substantiivi;9*C
katekeetta;;substantiivi;9*C
komeetta;;substantiivi;9*C
koordinaatta;;substantiivi;9*C
laatta;;substantiivi;9*C
latta;;substantiivi;9*C
lautta;;substantiivi;9*C
länsiviitta;;substantiivi;9*C
martta;;substantiivi;9*C
meriviitta;;substantiivi;9*C
metropoliitta;;substantiivi;9*C
mitta;;substantiivi;9*C
napataatta;;substantiivi;9*C
ordinaatta;;substantiivi;9*C
osviitta;;substantiivi;9*C
peitta;;substantiivi;9*C
planeetta;;substantiivi;9*C
poeetta;;substantiivi;9*C
pohjoisviitta;;substantiivi;9*C
profeetta;;substantiivi;9*C
purppuraviitta;;substantiivi;9*C
regatta;;substantiivi;9*C
rekvisiitta;;substantiivi;9*C
riutta;;substantiivi;9*C
sadeviitta;;substantiivi;9*C
skiitta;;substantiivi;9*C
skitta;;substantiivi;9*C
suuntaviitta;;substantiivi;9*C
taltta;;substantiivi;9*C
tantta;;substantiivi;9*C
teltta;;substantiivi;9*C
tienviitta;;substantiivi;9*C
tratta;;substantiivi;9*C
valuutta;;substantiivi;9*C
viitta;1;substantiivi;9*C
viitta;2;substantiivi;9*C
arka;;adjektiivi;9*D
puoliraaka;;adjektiivi;9*D
raaka;1;adjektiivi;9*D
liika;;adjektiivi, substantiivi, adverbi;9*D
adventtiaika;;substantiivi;9*D
aika;1;substantiivi;9*D
ajastaika;;substantiivi;9*D
ajoaika;;substantiivi;9*D
alkamisaika;;substantiivi;9*D
alkuaika;;substantiivi;9*D
alokasaika;;substantiivi;9*D
altistusaika;;substantiivi;9*D
armonaika;;substantiivi;9*D
asevelvollisuusaika;;substantiivi;9*D
atomiaika;;substantiivi;9*D
aukioloaika;;substantiivi;9*D
aurinkoaika;;substantiivi;9*D
avaruusaika;;substantiivi;9*D
barokkiaika;;substantiivi;9*D
elinaika;;substantiivi;9*D
elämänaika;;substantiivi;9*D
enimmäisaika;;substantiivi;9*D
ennätysaika;;substantiivi;9*D
entisaika;;substantiivi;9*D
etsikkoaika;;substantiivi;9*D
euroaika;;substantiivi;9*D
haasteaika;;substantiivi;9*D
haka;1;substantiivi;9*D
haka;2;substantiivi;9*D
hakuaika;;substantiivi;9*D
hallitusaika;;substantiivi;9*D
hankinta-aika;;substantiivi;9*D
harjoitteluaika;;substantiivi;9*D
harkinta-aika;;substantiivi;9*D
haudonta-aika;;substantiivi;9*D
heilahdusaika;;substantiivi;9*D
heinäaika;;substantiivi;9*D
hengähdysaika;;substantiivi;9*D
hirmuaika;;substantiivi;9*D
hoitoaika;;substantiivi;9*D
hukka-aika;;substantiivi;9*D
ihanneaika;;substantiivi;9*D
ihmisparka;;substantiivi;9*D
ikiaika;;substantiivi;9*D
ikkunanhaka;;substantiivi;9*D
ilmestymisaika;;substantiivi;9*D
ilmoittautumisaika;;substantiivi;9*D
imetysaika;;substantiivi;9*D
inkubaatioaika;;substantiivi;9*D
irtisanomisaika;;substantiivi;9*D
istutusaika;;substantiivi;9*D
itämisaika;;substantiivi;9*D
jaksonaika;;substantiivi;9*D
jalka;;substantiivi;9*D
jalkavika;;substantiivi;9*D
jatkoaika;;substantiivi;9*D
jouluaika;;substantiivi;9*D
joulunaika;;substantiivi;9*D
joustoaika;;substantiivi;9*D
joutoaika;;substantiivi;9*D
julkaisuaika;;substantiivi;9*D
juoksuaika;;substantiivi;9*D
jättöaika;;substantiivi;9*D
jääaika;;substantiivi;9*D
kaamosaika;;substantiivi;9*D
kahviaika;;substantiivi;9*D
kanneaika;;substantiivi;9*D
kantoaika;;substantiivi;9*D
karbiinihaka;;substantiivi;9*D
karenssiaika;;substantiivi;9*D
karnevaaliaika;;substantiivi;9*D
kasvuaika;;substantiivi;9*D
katseluaika;;substantiivi;9*D
kehitysvika;;substantiivi;9*D
keisariaika;;substantiivi;9*D
keittoaika;;substantiivi;9*D
kelloaika;;substantiivi;9*D
kellonaika;;substantiivi;9*D
kelpoisuusaika;;substantiivi;9*D
keskiaika;;substantiivi;9*D
keskiaurinkoaika;;substantiivi;9*D
keskisarka;;substantiivi;9*D
kestoaika;;substantiivi;9*D
kesäaika;;substantiivi;9*D
kevätaika;;substantiivi;9*D
kierrosaika;;substantiivi;9*D
kiertoaika;;substantiivi;9*D
kiertohaka;;substantiivi;9*D
kihlausaika;;substantiivi;9*D
kiima-aika;;substantiivi;9*D
kilpailuaika;;substantiivi;9*D
kirkkoaika;;substantiivi;9*D
kirkonaika;;substantiivi;9*D
koeaika;;substantiivi;9*D
kokelasaika;;substantiivi;9*D
konevika;;substantiivi;9*D
korjuuaika;;substantiivi;9*D
korkkivika;;substantiivi;9*D
kouluaika;;substantiivi;9*D
koulutusaika;;substantiivi;9*D
kriisiaika;;substantiivi;9*D
kuivumisaika;;substantiivi;9*D
kukinta-aika;;substantiivi;9*D
kukkimisaika;;substantiivi;9*D
kukoistusaika;;substantiivi;9*D
kulkuaika;;substantiivi;9*D
kulta-aika;;substantiivi;9*D
kulumisvika;;substantiivi;9*D
kuningasaika;;substantiivi;9*D
kuoletusaika;;substantiivi;9*D
kuolinaika;;substantiivi;9*D
kustavilaisaika;;substantiivi;9*D
kutuaika;;substantiivi;9*D
kuulovika;;substantiivi;9*D
kylvöaika;;substantiivi;9*D
kyntöaika;;substantiivi;9*D
kärkiaika;;substantiivi;9*D
käsiaika;;substantiivi;9*D
käsivika;;substantiivi;9*D
käyntiaika;;substantiivi;9*D
käyttöaika;;substantiivi;9*D
laaka;;substantiivi;9*D
laatuaika;;substantiivi;9*D
laatuvika;;substantiivi;9*D
lahovika;;substantiivi;9*D
laina-aika;;substantiivi;9*D
lainausaika;;substantiivi;9*D
lapsiparka;;substantiivi;9*D
lapsivuodeaika;;substantiivi;9*D
lapsuudenaika;;substantiivi;9*D
lapsuusaika;;substantiivi;9*D
latenssiaika;;substantiivi;9*D
lehmihaka;;substantiivi;9*D
lentoaika;;substantiivi;9*D
lepoaika;;substantiivi;9*D
leuka;;substantiivi;9*D
lieka;;substantiivi;9*D
liikeaika;;substantiivi;9*D
lika;;substantiivi;9*D
linjavika;;substantiivi;9*D
lisäaika;;substantiivi;9*D
loistoaika;;substantiivi;9*D
loma-aika;;substantiivi;9*D
lonkkavika;;substantiivi;9*D
loppiaisaika;;substantiivi;9*D
loppuaika;;substantiivi;9*D
lounasaika;;substantiivi;9*D
luonnevika;;substantiivi;9*D
luppoaika;;substantiivi;9*D
lähetysaika;;substantiivi;9*D
lähiaika;;substantiivi;9*D
lähtöaika;;substantiivi;9*D
läppävika;;substantiivi;9*D
lääkäriaika;;substantiivi;9*D
maailmanaika;;substantiivi;9*D
maailmanennätysaika;;substantiivi;9*D
mainosaika;;substantiivi;9*D
maksuaika;;substantiivi;9*D
malka;;substantiivi;9*D
mansikka-aika;;substantiivi;9*D
marja-aika;;substantiivi;9*D
marttyyriaika;;substantiivi;9*D
matka-aika;;substantiivi;9*D
metsästysaika;;substantiivi;9*D
miesparka;;substantiivi;9*D
mietintäaika;;substantiivi;9*D
miettimisaika;;substantiivi;9*D
minimiaika;;substantiivi;9*D
moiteaika;;substantiivi;9*D
moottorivika;;substantiivi;9*D
muinaisaika;;substantiivi;9*D
murrosaika;;substantiivi;9*D
muuttoaika;;substantiivi;9*D
myöhäisglasiaaliaika;;substantiivi;9*D
myöhäiskeskiaika;;substantiivi;9*D
myöhästymisaika;;substantiivi;9*D
määräaika;;substantiivi;9*D
nautinta-aika;;substantiivi;9*D
nettoaika;;substantiivi;9*D
nukkumaanmenoaika;;substantiivi;9*D
nuoruudenaika;;substantiivi;9*D
nuoruusaika;;substantiivi;9*D
nykyaika;;substantiivi;9*D
odotusaika;;substantiivi;9*D
oloaika;;substantiivi;9*D
omavastuuaika;;substantiivi;9*D
onnenaika;;substantiivi;9*D
opiskeluaika;;substantiivi;9*D
oppiaika;;substantiivi;9*D
oppisopimusaika;;substantiivi;9*D
otteluaika;;substantiivi;9*D
paastonaika;;substantiivi;9*D
paikallisaika;;substantiivi;9*D
painoaika;;substantiivi;9*D
paistoaika;;substantiivi;9*D
pakanuudenaika;;substantiivi;9*D
palvelusaika;;substantiivi;9*D
pankkiaika;;substantiivi;9*D
parisuhdeaika;;substantiivi;9*D
paritteluaika;;substantiivi;9*D
parka;1;substantiivi;9*D
parveiluaika;;substantiivi;9*D
peliaika;;substantiivi;9*D
peltosarka;;substantiivi;9*D
perinataaliaika;;substantiivi;9*D
perunasarka;;substantiivi;9*D
peruutusaika;;substantiivi;9*D
pesimäaika;;substantiivi;9*D
piika;;substantiivi;9*D
pikkuvika;;substantiivi;9*D
pintavika;;substantiivi;9*D
piruparka;;substantiivi;9*D
pohja-aika;;substantiivi;9*D
poikaparka;;substantiivi;9*D
poikuusaika;;substantiivi;9*D
poissaoloaika;;substantiivi;9*D
puheaika;;substantiivi;9*D
puhevika;;substantiivi;9*D
pula-aika;;substantiivi;9*D
puoliaika;;substantiivi;9*D
puoliintumisaika;;substantiivi;9*D
puoshaka;;substantiivi;9*D
purentavika;;substantiivi;9*D
pysähdysaika;;substantiivi;9*D
pyyntiaika;;substantiivi;9*D
päiväaika;;substantiivi;9*D
päivällisaika;;substantiivi;9*D
pätevöitymisaika;;substantiivi;9*D
pääsiäisaika;;substantiivi;9*D
päättymisaika;;substantiivi;9*D
pörssiaika;;substantiivi;9*D
raaka;2;substantiivi;9*D
rakennevika;;substantiivi;9*D
rangaistusaika;;substantiivi;9*D
raskaudenaika;;substantiivi;9*D
raskausaika;;substantiivi;9*D
rauhanaika;;substantiivi;9*D
rauhoitusaika;;substantiivi;9*D
reaaliaika;;substantiivi;9*D
reaktioaika;;substantiivi;9*D
renessanssiaika;;substantiivi;9*D
respiittiaika;;substantiivi;9*D
rokokooaika;;substantiivi;9*D
rospuuttoaika;;substantiivi;9*D
ruoka-aika;;substantiivi;9*D
ruokailuaika;;substantiivi;9*D
ruokinta-aika;;substantiivi;9*D
ruska-aika;;substantiivi;9*D
ruuhka-aika;;substantiivi;9*D
ruutuaika;;substantiivi;9*D
ryhtivika;;substantiivi;9*D
rykimäaika;;substantiivi;9*D
räkkäaika;;substantiivi;9*D
saapumisaika;;substantiivi;9*D
sadeaika;;substantiivi;9*D
sadonkorjuuaika;;substantiivi;9*D
sairausaika;;substantiivi;9*D
salassapitoaika;;substantiivi;9*D
salpahaka;;substantiivi;9*D
sarka;1;substantiivi;9*D
sarka;2;substantiivi;9*D
seisomisaika;;substantiivi;9*D
seisonta-aika;;substantiivi;9*D
selkävika;;substantiivi;9*D
seurusteluaika;;substantiivi;9*D
sieniaika;;substantiivi;9*D
siika;;substantiivi;9*D
siirtymäaika;;substantiivi;9*D
sika;;substantiivi;9*D
sikiöaika;;substantiivi;9*D
sopimusaika;;substantiivi;9*D
sota-aika;;substantiivi;9*D
sukuvika;;substantiivi;9*D
sulkemisaika;;substantiivi;9*D
suoja-aika;;substantiivi;9*D
suoritusaika;;substantiivi;9*D
suruaika;;substantiivi;9*D
suurvalta-aika;;substantiivi;9*D
sydänhermovika;;substantiivi;9*D
sydänvika;;substantiivi;9*D
syntyaika;;substantiivi;9*D
syntymäaika;;substantiivi;9*D
syntymävika;;substantiivi;9*D
syöntiaika;;substantiivi;9*D
sähkövika;;substantiivi;9*D
taika;;substantiivi;9*D
taka;;substantiivi;9*D
takaisinmaksuaika;;substantiivi;9*D
takuuaika;;substantiivi;9*D
talviaika;;substantiivi;9*D
talvisaika;;substantiivi;9*D
tehoaika;;substantiivi;9*D
tekoaika;;substantiivi;9*D
tekovika;;substantiivi;9*D
tiineysaika;;substantiivi;9*D
tilastoaika;;substantiivi;9*D
tilausaika;;substantiivi;9*D
toimiaika;;substantiivi;9*D
toiminta-aika;;substantiivi;9*D
toimistoaika;;substantiivi;9*D
toimitusaika;;substantiivi;9*D
toipilasaika;;substantiivi;9*D
toipumisaika;;substantiivi;9*D
toriaika;;substantiivi;9*D
toukoaika;;substantiivi;9*D
tsaarinaika;;substantiivi;9*D
tuloaika;;substantiivi;9*D
tungosaika;;substantiivi;9*D
tuulihaka;;substantiivi;9*D
tyttöaika;;substantiivi;9*D
tyttöparka;;substantiivi;9*D
tyyppivika;;substantiivi;9*D
työaika;;substantiivi;9*D
työsarka;;substantiivi;9*D
työsopimusaika;;substantiivi;9*D
tähtiaika;;substantiivi;9*D
uittohaka;;substantiivi;9*D
vaaka;;substantiivi;9*D
vaikutusaika;;substantiivi;9*D
vakuutusaika;;substantiivi;9*D
valistusaika;;substantiivi;9*D
valitusaika;;substantiivi;9*D
valmistumisaika;;substantiivi;9*D
valmistusaika;;substantiivi;9*D
valmistusvika;;substantiivi;9*D
valmiusaika;;substantiivi;9*D
valotusaika;;substantiivi;9*D
valuvika;;substantiivi;9*D
valveillaoloaika;;substantiivi;9*D
varallaoloaika;;substantiivi;9*D
varastointiaika;;substantiivi;9*D
varhaiskeskiaika;;substantiivi;9*D
varoaika;;substantiivi;9*D
varoitusaika;;substantiivi;9*D
varusmiesaika;;substantiivi;9*D
vasikkahaka;;substantiivi;9*D
vastaanottoaika;;substantiivi;9*D
velka;;substantiivi;9*D
verka;;substantiivi;9*D
vierailuaika;;substantiivi;9*D
vieroitusaika;;substantiivi;9*D
viikinkiaika;;substantiivi;9*D
viivästymisaika;;substantiivi;9*D
vika;1;substantiivi;9*D
virastoaika;;substantiivi;9*D
virka;;substantiivi;9*D
virka-aika;;substantiivi;9*D
voimassaoloaika;;substantiivi;9*D
voittoaika;;substantiivi;9*D
vuodenaika;;substantiivi;9*D
vuokra-aika;;substantiivi;9*D
vuorokaudenaika;;substantiivi;9*D
vähimmäisaika;;substantiivi;9*D
väliaika;;substantiivi;9*D
värivika;;substantiivi;9*D
yleisaika;;substantiivi;9*D
yliaika;;substantiivi;9*D
ylimenoaika;;substantiivi;9*D
yöaika;;substantiivi;9*D
ärrävika;;substantiivi;9*D
ässävika;;substantiivi;9*D
normaaliaika;;substantiivi;9*D, 50
vapaa-aika;;substantiivi;9*D, 50
halpa;;adjektiivi;9*E
aapa;;substantiivi;9*E
arpa;;substantiivi;9*E
haapa;;substantiivi;9*E
kalpa;;substantiivi;9*E
kilpa;;substantiivi;9*E
lapa;;substantiivi;9*E
napa;;substantiivi;9*E
otsaripa;;substantiivi;9*E
ovenripa;;substantiivi;9*E
rapa;1;substantiivi;9*E
rapa;2;substantiivi;9*E
ripa;1;substantiivi;9*E
ripa;2;substantiivi;9*E
salpa;;substantiivi;9*E
tapa;;substantiivi;9*E
vapa;;substantiivi;9*E
ehta;;adjektiivi;9*F
kaita;1;adjektiivi;9*F
saita;;adjektiivi;9*F
sata;;numeraali;9*F
aita;;substantiivi;9*F
fondyypata;;substantiivi;9*F
hauta;;substantiivi;9*F
hieta;;substantiivi;9*F
jata;;substantiivi;9*F
joulupata;;substantiivi;9*F
kita;;substantiivi;9*F
laita;;substantiivi;9*F
lata;;substantiivi;9*F
lauta;;substantiivi;9*F
lihapata;;substantiivi;9*F
liituraita;;substantiivi;9*F
liuta;;substantiivi;9*F
magneettiraita;;substantiivi;9*F
muuripata;;substantiivi;9*F
nata;;substantiivi;9*F
nauta;;substantiivi;9*F
paita;;substantiivi;9*F
papupata;;substantiivi;9*F
pata;1;substantiivi;9*F
pata;2;substantiivi;9*F
pihta;;substantiivi;9*F
pika-aidat;;substantiivi;9*F
pitkittäisraita;;substantiivi;9*F
poikittaisraita;;substantiivi;9*F
poikkiraita;;substantiivi;9*F
puuropata;;substantiivi;9*F
pystyraita;;substantiivi;9*F
raita;1;substantiivi;9*F
raita;2;substantiivi;9*F
rata;;substantiivi;9*F
rauta;;substantiivi;9*F
rautapata;;substantiivi;9*F
riita;;substantiivi;9*F
rita;;substantiivi;9*F
rokkapata;;substantiivi;9*F
saunapata;;substantiivi;9*F
seepraraita;;substantiivi;9*F
seita;;substantiivi;9*F
suikalepata;;substantiivi;9*F
tervapata;;substantiivi;9*F
tärinäraita;;substantiivi;9*F
vaakaraita;;substantiivi;9*F
valurautapata;;substantiivi;9*F
vauhtiraita;;substantiivi;9*F
vesipata;;substantiivi;9*F
vihta;;substantiivi;9*F
viita;;substantiivi;9*F
vita;;substantiivi;9*F
väriraita;;substantiivi;9*F
ääniraita;;substantiivi;9*F
hanka;;substantiivi;9*G
jenka;;substantiivi;9*G
kuusanka;;substantiivi;9*G
lanka;;substantiivi;9*G
ranka;;substantiivi;9*G
sanka;;substantiivi;9*G
tinka;;substantiivi;9*G
vinka;1;substantiivi;9*G
vinka;2;substantiivi;9*G
rampa;;adjektiivi, substantiivi;9*H
kampa;;substantiivi;9*H
ilta;;substantiivi;9*I
kelta;;substantiivi;9*I
kilta;;substantiivi;9*I
silta;;substantiivi;9*I
valta;;substantiivi;9*I
ahminta;;substantiivi;9*J
ahnehdinta;;substantiivi;9*J
ammunta;1;substantiivi;9*J
ammunta;2;substantiivi;9*J
ansainta;;substantiivi;9*J
arvonta;;substantiivi;9*J
asetanta;;substantiivi;9*J
astunta;;substantiivi;9*J
elehdintä;;substantiivi;9*J
etsintä;;substantiivi;9*J
haenta;;substantiivi;9*J
hajonta;;substantiivi;9*J
hakuammunta;;substantiivi;9*J
hallinta;;substantiivi;9*J
halveksinta;;substantiivi;9*J
hankinta;;substantiivi;9*J
harkinta;;substantiivi;9*J
harsinta;;substantiivi;9*J
haudonta;;substantiivi;9*J
haukunta;;substantiivi;9*J
haulikkoammunta;;substantiivi;9*J
heilunta;;substantiivi;9*J
helkyntä;;substantiivi;9*J
hieronta;;substantiivi;9*J
hihkunta;;substantiivi;9*J
hiihdäntä;;substantiivi;9*J
hiivintä;;substantiivi;9*J
hillintä;;substantiivi;9*J
hinta;;substantiivi;9*J
hionta;;substantiivi;9*J
hirnunta;;substantiivi;9*J
hirviammunta;;substantiivi;9*J
hoenta;;substantiivi;9*J
holhonta;;substantiivi;9*J
horjunta;;substantiivi;9*J
huiskinta;;substantiivi;9*J
huojunta;;substantiivi;9*J
huolehdinta;;substantiivi;9*J
huolinta;;substantiivi;9*J
huounta;;substantiivi;9*J
hyljintä;;substantiivi;9*J
hyörintä;;substantiivi;9*J
häirintä;;substantiivi;9*J
häärintä;;substantiivi;9*J
ilmapistooliammunta;;substantiivi;9*J
ilmehdintä;;substantiivi;9*J
iskentä;;substantiivi;9*J
isopistooliammunta;;substantiivi;9*J
istunta;;substantiivi;9*J
itsesytyntä;;substantiivi;9*J
joiunta;;substantiivi;9*J
joukkotuhonta;;substantiivi;9*J
jousiammunta;;substantiivi;9*J
juhlinta;;substantiivi;9*J
jyrsintä;;substantiivi;9*J
kaadanta;;substantiivi;9*J
kaavinta;;substantiivi;9*J
kaitsenta;;substantiivi;9*J
kaiunta;;substantiivi;9*J
kalvinta;;substantiivi;9*J
kanta;;substantiivi;9*J
karhinta;;substantiivi;9*J
karjunta;;substantiivi;9*J
karsinta;;substantiivi;9*J
kartunta;;substantiivi;9*J
kasvanta;;substantiivi;9*J
katkonta;;substantiivi;9*J
katsonta;;substantiivi;9*J
kaupinta;;substantiivi;9*J
kehunta;;substantiivi;9*J
keikunta;;substantiivi;9*J
keinunta;;substantiivi;9*J
kellunta;;substantiivi;9*J
kerintä;1;substantiivi;9*J
kerintä;2;substantiivi;9*J
kerronta;;substantiivi;9*J
kiedonta;;substantiivi;9*J
kiehunta;;substantiivi;9*J
kiepunta;;substantiivi;9*J
kierintä;;substantiivi;9*J
kierräntä;;substantiivi;9*J
kieunta;;substantiivi;9*J
kiikunta;;substantiivi;9*J
kiljunta;;substantiivi;9*J
kilpa-ammunta;;substantiivi;9*J
kilpalaulanta;;substantiivi;9*J
kirjonta;;substantiivi;9*J
kirskunta;;substantiivi;9*J
kiskonta;;substantiivi;9*J
kitkentä;;substantiivi;9*J
kivääriammunta;;substantiivi;9*J
korskunta;;substantiivi;9*J
kosinta;;substantiivi;9*J
koulinta;;substantiivi;9*J
kouluammunta;;substantiivi;9*J
kovapanosammunta;;substantiivi;9*J
kudonta;;substantiivi;9*J
kuiskinta;;substantiivi;9*J
kukinta;;substantiivi;9*J
kukunta;;substantiivi;9*J
kuljeksinta;;substantiivi;9*J
kuohinta;;substantiivi;9*J
kuohunta;;substantiivi;9*J
kuokinta;;substantiivi;9*J
kuorinta;;substantiivi;9*J
kutsunta;;substantiivi;9*J
kuvioammunta;;substantiivi;9*J
kysyntä;;substantiivi;9*J
kytkentä;;substantiivi;9*J
kähmintä;;substantiivi;9*J
kärkyntä;;substantiivi;9*J
käsinkohonta;;substantiivi;9*J
kätkentä;;substantiivi;9*J
käämintä;;substantiivi;9*J
käärintä;;substantiivi;9*J
laadinta;;substantiivi;9*J
ladonta;;substantiivi;9*J
lahjonta;;substantiivi;9*J
lainehdinta;;substantiivi;9*J
lanta;;substantiivi;9*J
laskenta;;substantiivi;9*J
latvonta;;substantiivi;9*J
lausunta;;substantiivi;9*J
leijunta;;substantiivi;9*J
leirintä;;substantiivi;9*J
leiskunta;;substantiivi;9*J
leivonta;;substantiivi;9*J
lentoonammunta;;substantiivi;9*J
levintä;;substantiivi;9*J
liekehdintä;;substantiivi;9*J
liikehdintä;;substantiivi;9*J
liikunta;;substantiivi;9*J
liityntä;;substantiivi;9*J
liitäntä;;substantiivi;9*J
liu’unta;;substantiivi;9*J
loiskinta;;substantiivi;9*J
loiskunta;;substantiivi;9*J
louhinta;;substantiivi;9*J
luenta;;substantiivi;9*J
luonnehdinta;;substantiivi;9*J
läikyntä;;substantiivi;9*J
läiskintä;;substantiivi;9*J
lätkintä;;substantiivi;9*J
lääkintä;;substantiivi;9*J
maastoammunta;;substantiivi;9*J
maininta;;substantiivi;9*J
mainonta;;substantiivi;9*J
makuuammunta;;substantiivi;9*J
mangunta;;substantiivi;9*J
marhaminta;;substantiivi;9*J
marjonta;;substantiivi;9*J
marssinta;;substantiivi;9*J
melonta;;substantiivi;9*J
merkintä;;substantiivi;9*J
metsästysammunta;;substantiivi;9*J
mietintä;;substantiivi;9*J
muninta;;substantiivi;9*J
muodonta;;substantiivi;9*J
mylvintä;;substantiivi;9*J
määintä;;substantiivi;9*J
möyrintä;;substantiivi;9*J
narskunta;;substantiivi;9*J
nautinta;;substantiivi;9*J
nau’unta;;substantiivi;9*J
neulonta;;substantiivi;9*J
neuvonta;;substantiivi;9*J
nidonta;;substantiivi;9*J
nirskunta;;substantiivi;9*J
notkunta;;substantiivi;9*J
nyintä;;substantiivi;9*J
nyljentä;;substantiivi;9*J
ohjanta;;substantiivi;9*J
oionta;;substantiivi;9*J
oksinta;;substantiivi;9*J
olympiapistooliammunta;;substantiivi;9*J
onginta;;substantiivi;9*J
otanta;;substantiivi;9*J
oudoksunta;;substantiivi;9*J
paheksunta;;substantiivi;9*J
painanta;;substantiivi;9*J
palvonta;;substantiivi;9*J
panta;;substantiivi;9*J
parkinta;;substantiivi;9*J
parsinta;;substantiivi;9*J
pengonta;;substantiivi;9*J
perintä;;substantiivi;9*J
perustanta;;substantiivi;9*J
pesintä;;substantiivi;9*J
pieksentä;;substantiivi;9*J
pieksäntä;;substantiivi;9*J
pienoispistooliammunta;;substantiivi;9*J
pilkintä;;substantiivi;9*J
pilkonta;;substantiivi;9*J
pinta;;substantiivi;9*J
pistooliammunta;;substantiivi;9*J
pohdinta;;substantiivi;9*J
poi’inta;;substantiivi;9*J
poiminta;;substantiivi;9*J
poljenta;;substantiivi;9*J
puhkinta;;substantiivi;9*J
puhkonta;;substantiivi;9*J
puhkunta;;substantiivi;9*J
puhunta;;substantiivi;9*J
pujonta;;substantiivi;9*J
punninta;;substantiivi;9*J
punonta;;substantiivi;9*J
purenta;;substantiivi;9*J
pyrintä;;substantiivi;9*J
pystyammunta;;substantiivi;9*J
pyyhintä;;substantiivi;9*J
pyörintä;;substantiivi;9*J
päätäntä;;substantiivi;9*J
raadanta;;substantiivi;9*J
raavinta;;substantiivi;9*J
ranta;;substantiivi;9*J
revintä;;substantiivi;9*J
riehunta;;substantiivi;9*J
riipunta;;substantiivi;9*J
riistamaaliammunta;;substantiivi;9*J
riisunta;;substantiivi;9*J
rinta;;substantiivi;9*J
rouhinta;;substantiivi;9*J
ruodinta;;substantiivi;9*J
ruokinta;;substantiivi;9*J
ryintä;;substantiivi;9*J
ryömintä;;substantiivi;9*J
räiskintä;;substantiivi;9*J
räiskyntä;;substantiivi;9*J
räpsintä;;substantiivi;9*J
rääkyntä;;substantiivi;9*J
rääyntä;;substantiivi;9*J
saastunta;;substantiivi;9*J
sadanta;;substantiivi;9*J
sanonta;;substantiivi;9*J
santa;;substantiivi;9*J
sarjonta;;substantiivi;9*J
sauvonta;;substantiivi;9*J
seisonta;;substantiivi;9*J
setvintä;;substantiivi;9*J
seulonta;;substantiivi;9*J
seuranta;;substantiivi;9*J
sidonta;;substantiivi;9*J
siirryntä;;substantiivi;9*J
siirräntä;;substantiivi;9*J
silvonta;;substantiivi;9*J
sironta;;substantiivi;9*J
skeet-ammunta;;substantiivi;9*J
soitanta;;substantiivi;9*J
solminta;;substantiivi;9*J
sorsinta;;substantiivi;9*J
sullonta;;substantiivi;9*J
suosinta;;substantiivi;9*J
suunpieksentä;;substantiivi;9*J
sykintä;;substantiivi;9*J
syrjintä;;substantiivi;9*J
säilöntä;;substantiivi;9*J
säädäntä;;substantiivi;9*J
säästäntä;;substantiivi;9*J
taionta;;substantiivi;9*J
tajunta;;substantiivi;9*J
taonta;;substantiivi;9*J
tarjonta;;substantiivi;9*J
tarkistusammunta;;substantiivi;9*J
tarkkuusammunta;;substantiivi;9*J
tartunta;;substantiivi;9*J
tauluammunta;;substantiivi;9*J
tilkintä;;substantiivi;9*J
toiminta;;substantiivi;9*J
torjunta;;substantiivi;9*J
trap-ammunta;;substantiivi;9*J
tuenta;;substantiivi;9*J
tuikinta;;substantiivi;9*J
tuiskinta;;substantiivi;9*J
tulkinta;;substantiivi;9*J
tutkinta;;substantiivi;9*J
tykistöammunta;;substantiivi;9*J
tyrskintä;;substantiivi;9*J
tähkäidäntä;;substantiivi;9*J
töpeksintä;;substantiivi;9*J
ulvonta;;substantiivi;9*J
uneksinta;;substantiivi;9*J
urheiluammunta;;substantiivi;9*J
urheilupistooliammunta;;substantiivi;9*J
urkinta;;substantiivi;9*J
uusinta;;substantiivi;9*J
vaalinta;;substantiivi;9*J
vaaninta;;substantiivi;9*J
vaapunta;;substantiivi;9*J
vaarunta;;substantiivi;9*J
vahdinta;;substantiivi;9*J
vaihdanta;;substantiivi;9*J
vaihdunta;;substantiivi;9*J
vaistoammunta;;substantiivi;9*J
vakiopistooliammunta;;substantiivi;9*J
valanta;;substantiivi;9*J
valinta;;substantiivi;9*J
valunta;;substantiivi;9*J
valvonta;;substantiivi;9*J
vannonta;;substantiivi;9*J
vapaakivääriammunta;;substantiivi;9*J
vapaapistooliammunta;;substantiivi;9*J
vasonta;;substantiivi;9*J
vellonta;;substantiivi;9*J
veranta;;substantiivi;9*J
versonta;;substantiivi;9*J
vieroksunta;;substantiivi;9*J
viestintä;;substantiivi;9*J
vihdonta;;substantiivi;9*J
vilkunta;;substantiivi;9*J
villikarjuammunta;;substantiivi;9*J
vingunta;;substantiivi;9*J
virvonta;;substantiivi;9*J
viskonta;;substantiivi;9*J
vongunta;;substantiivi;9*J
väijyntä;;substantiivi;9*J
välkyntä;;substantiivi;9*J
yhdyntä;;substantiivi;9*J
yskintä;;substantiivi;9*J
yövyntä;;substantiivi;9*J
ärjyntä;;substantiivi;9*J
äyskintä;;substantiivi;9*J
suora-ammunta;;substantiivi;9*J, 50
kerta;;substantiivi;9*K
merta;;substantiivi;9*K
parta;;substantiivi;9*K
pirta;;substantiivi;9*K
virta;;substantiivi;9*K
